code_module,code_presentation,study_week,final_result,active_student_count,weekly_click_sum,weekly_click_median,active_days_median,click_per_active_student,id_assessment,assessment_type,assessment_date,assessment_week,assessment_weight,relative_week_to_assessment
AAA,2013J,0,Distinction,18,4286,177.5,5.5,238.11111111111111,1752,TMA,19.0,2,10.0,-2
AAA,2013J,0,Pass,241,23075,75.0,4.0,95.74688796680498,1752,TMA,19.0,2,10.0,-2
AAA,2013J,0,Fail,32,1638,34.0,2.0,51.1875,1752,TMA,19.0,2,10.0,-2
AAA,2013J,0,Withdrawn,46,4245,58.5,3.5,92.28260869565217,1752,TMA,19.0,2,10.0,-2
AAA,2013J,1,Distinction,19,3379,106.0,5.0,177.8421052631579,1752,TMA,19.0,2,10.0,-1
AAA,2013J,1,Pass,246,26286,74.0,4.0,106.85365853658537,1752,TMA,19.0,2,10.0,-1
AAA,2013J,1,Fail,32,1918,43.0,2.0,59.9375,1752,TMA,19.0,2,10.0,-1
AAA,2013J,1,Withdrawn,44,5647,102.0,4.0,128.3409090909091,1752,TMA,19.0,2,10.0,-1
AAA,2013J,2,Distinction,20,3855,156.0,6.0,192.75,1752,TMA,19.0,2,10.0,0
AAA,2013J,2,Pass,252,29053,92.0,4.0,115.28968253968254,1752,TMA,19.0,2,10.0,0
AAA,2013J,2,Fail,40,3801,70.0,3.0,95.025,1752,TMA,19.0,2,10.0,0
AAA,2013J,2,Withdrawn,45,6634,113.0,5.0,147.42222222222222,1752,TMA,19.0,2,10.0,0
AAA,2013J,3,Distinction,19,2616,79.0,5.0,137.68421052631578,1752,TMA,19.0,2,10.0,1
AAA,2013J,3,Pass,218,15528,50.5,3.0,71.22935779816514,1752,TMA,19.0,2,10.0,1
AAA,2013J,3,Fail,27,1263,20.0,2.0,46.77777777777778,1752,TMA,19.0,2,10.0,1
AAA,2013J,3,Withdrawn,41,3461,53.0,3.0,84.41463414634147,1752,TMA,19.0,2,10.0,1
AAA,2013J,5,Distinction,20,2651,105.5,6.0,132.55,1753,TMA,54.0,7,20.0,-2
AAA,2013J,5,Pass,223,13634,43.0,3.0,61.139013452914796,1753,TMA,54.0,7,20.0,-2
AAA,2013J,5,Fail,31,843,10.0,2.0,27.193548387096776,1753,TMA,54.0,7,20.0,-2
AAA,2013J,5,Withdrawn,38,2968,53.5,2.5,78.10526315789474,1753,TMA,54.0,7,20.0,-2
AAA,2013J,6,Distinction,19,2233,96.0,5.0,117.52631578947368,1753,TMA,54.0,7,20.0,-1
AAA,2013J,6,Pass,232,13623,40.0,3.0,58.7198275862069,1753,TMA,54.0,7,20.0,-1
AAA,2013J,6,Fail,31,1120,21.0,2.0,36.12903225806452,1753,TMA,54.0,7,20.0,-1
AAA,2013J,6,Withdrawn,36,1995,32.5,2.0,55.416666666666664,1753,TMA,54.0,7,20.0,-1
AAA,2013J,7,Distinction,20,1756,70.0,5.0,87.8,1753,TMA,54.0,7,20.0,0
AAA,2013J,7,Pass,246,15261,48.0,4.0,62.03658536585366,1753,TMA,54.0,7,20.0,0
AAA,2013J,7,Fail,37,1532,33.0,3.0,41.4054054054054,1753,TMA,54.0,7,20.0,0
AAA,2013J,7,Withdrawn,36,3046,51.0,3.5,84.61111111111111,1753,TMA,54.0,7,20.0,0
AAA,2013J,8,Distinction,18,1624,76.0,5.0,90.22222222222223,1753,TMA,54.0,7,20.0,1
AAA,2013J,8,Pass,206,8871,28.5,3.0,43.06310679611651,1753,TMA,54.0,7,20.0,1
AAA,2013J,8,Fail,24,496,13.5,2.0,20.666666666666668,1753,TMA,54.0,7,20.0,1
AAA,2013J,8,Withdrawn,33,2177,44.0,3.0,65.96969696969697,1753,TMA,54.0,7,20.0,1
AAA,2013J,14,Distinction,19,1531,80.0,5.0,80.57894736842105,1754,TMA,117.0,16,20.0,-2
AAA,2013J,14,Pass,216,9421,32.0,3.0,43.61574074074074,1754,TMA,117.0,16,20.0,-2
AAA,2013J,14,Fail,22,580,11.5,1.0,26.363636363636363,1754,TMA,117.0,16,20.0,-2
AAA,2013J,14,Withdrawn,26,1253,26.5,2.0,48.19230769230769,1754,TMA,117.0,16,20.0,-2
AAA,2013J,15,Distinction,18,2100,126.5,6.0,116.66666666666667,1754,TMA,117.0,16,20.0,-1
AAA,2013J,15,Pass,221,9595,29.0,3.0,43.41628959276018,1754,TMA,117.0,16,20.0,-1
AAA,2013J,15,Fail,30,697,11.0,2.0,23.233333333333334,1754,TMA,117.0,16,20.0,-1
AAA,2013J,15,Withdrawn,24,1205,30.5,3.0,50.208333333333336,1754,TMA,117.0,16,20.0,-1
AAA,2013J,16,Distinction,20,1963,67.5,5.0,98.15,1754,TMA,117.0,16,20.0,0
AAA,2013J,16,Pass,237,13063,43.0,3.0,55.118143459915615,1754,TMA,117.0,16,20.0,0
AAA,2013J,16,Fail,30,974,23.0,2.0,32.46666666666667,1754,TMA,117.0,16,20.0,0
AAA,2013J,16,Withdrawn,26,1546,42.0,3.0,59.46153846153846,1754,TMA,117.0,16,20.0,0
AAA,2013J,17,Distinction,19,2352,92.0,5.0,123.78947368421052,1754,TMA,117.0,16,20.0,1
AAA,2013J,17,Pass,219,10818,31.0,3.0,49.397260273972606,1754,TMA,117.0,16,20.0,1
AAA,2013J,17,Fail,24,799,16.5,1.0,33.291666666666664,1754,TMA,117.0,16,20.0,1
AAA,2013J,17,Withdrawn,23,1093,20.0,2.0,47.52173913043478,1754,TMA,117.0,16,20.0,1
AAA,2013J,21,Distinction,19,1494,69.0,5.0,78.63157894736842,1755,TMA,166.0,23,20.0,-2
AAA,2013J,21,Pass,209,9198,31.0,3.0,44.00956937799043,1755,TMA,166.0,23,20.0,-2
AAA,2013J,21,Fail,23,683,7.0,1.0,29.695652173913043,1755,TMA,166.0,23,20.0,-2
AAA,2013J,21,Withdrawn,13,1251,55.0,3.0,96.23076923076923,1755,TMA,166.0,23,20.0,-2
AAA,2013J,22,Distinction,18,1784,79.5,5.0,99.11111111111111,1755,TMA,166.0,23,20.0,-1
AAA,2013J,22,Pass,227,12127,32.0,3.0,53.42290748898679,1755,TMA,166.0,23,20.0,-1
AAA,2013J,22,Fail,18,571,11.5,1.5,31.72222222222222,1755,TMA,166.0,23,20.0,-1
AAA,2013J,22,Withdrawn,18,803,20.0,2.0,44.611111111111114,1755,TMA,166.0,23,20.0,-1
AAA,2013J,23,Distinction,19,2320,99.0,5.0,122.10526315789474,1755,TMA,166.0,23,20.0,0
AAA,2013J,23,Pass,233,14655,46.0,3.0,62.896995708154506,1755,TMA,166.0,23,20.0,0
AAA,2013J,23,Fail,28,989,22.5,2.5,35.32142857142857,1755,TMA,166.0,23,20.0,0
AAA,2013J,23,Withdrawn,13,1001,38.0,2.0,77.0,1755,TMA,166.0,23,20.0,0
AAA,2013J,24,Distinction,20,2363,72.5,5.0,118.15,1755,TMA,166.0,23,20.0,1
AAA,2013J,24,Pass,209,12395,37.0,3.0,59.30622009569378,1755,TMA,166.0,23,20.0,1
AAA,2013J,24,Fail,25,611,12.0,1.0,24.44,1755,TMA,166.0,23,20.0,1
AAA,2013J,24,Withdrawn,9,549,33.0,2.0,61.0,1755,TMA,166.0,23,20.0,1
AAA,2013J,28,Distinction,19,1214,50.0,4.0,63.89473684210526,1756,TMA,215.0,30,30.0,-2
AAA,2013J,28,Pass,202,8436,24.0,2.0,41.76237623762376,1756,TMA,215.0,30,30.0,-2
AAA,2013J,28,Fail,14,376,13.5,2.0,26.857142857142858,1756,TMA,215.0,30,30.0,-2
AAA,2013J,28,Withdrawn,3,19,7.0,1.0,6.333333333333333,1756,TMA,215.0,30,30.0,-2
AAA,2013J,29,Distinction,19,1439,59.0,5.0,75.73684210526316,1756,TMA,215.0,30,30.0,-1
AAA,2013J,29,Pass,224,10046,28.5,3.0,44.848214285714285,1756,TMA,215.0,30,30.0,-1
AAA,2013J,29,Fail,24,592,10.5,2.0,24.666666666666668,1756,TMA,215.0,30,30.0,-1
AAA,2013J,29,Withdrawn,3,184,63.0,4.0,61.333333333333336,1756,TMA,215.0,30,30.0,-1
AAA,2013J,30,Distinction,20,1787,81.0,5.0,89.35,1756,TMA,215.0,30,30.0,0
AAA,2013J,30,Pass,244,15170,43.0,3.0,62.17213114754098,1756,TMA,215.0,30,30.0,0
AAA,2013J,30,Fail,23,695,23.0,3.0,30.217391304347824,1756,TMA,215.0,30,30.0,0
AAA,2013J,30,Withdrawn,3,509,95.0,5.0,169.66666666666666,1756,TMA,215.0,30,30.0,0
AAA,2013J,31,Distinction,19,2347,89.0,6.0,123.52631578947368,1756,TMA,215.0,30,30.0,1
AAA,2013J,31,Pass,205,12671,32.0,3.0,61.80975609756098,1756,TMA,215.0,30,30.0,1
AAA,2013J,31,Fail,11,170,8.0,2.0,15.454545454545455,1756,TMA,215.0,30,30.0,1
AAA,2013J,31,Withdrawn,1,320,320.0,7.0,320.0,1756,TMA,215.0,30,30.0,1
AAA,2014J,0,Distinction,20,3141,92.5,5.0,157.05,1758,TMA,19.0,2,10.0,-2
AAA,2014J,0,Pass,200,20285,60.0,3.0,101.425,1758,TMA,19.0,2,10.0,-2
AAA,2014J,0,Fail,32,1812,43.0,2.5,56.625,1758,TMA,19.0,2,10.0,-2
AAA,2014J,0,Withdrawn,49,5339,66.0,3.0,108.95918367346938,1758,TMA,19.0,2,10.0,-2
AAA,2014J,1,Distinction,22,3573,116.5,5.0,162.4090909090909,1758,TMA,19.0,2,10.0,-1
AAA,2014J,1,Pass,208,20406,63.5,4.0,98.10576923076923,1758,TMA,19.0,2,10.0,-1
AAA,2014J,1,Fail,39,1544,27.0,2.0,39.58974358974359,1758,TMA,19.0,2,10.0,-1
AAA,2014J,1,Withdrawn,44,4374,66.5,4.0,99.4090909090909,1758,TMA,19.0,2,10.0,-1
AAA,2014J,2,Distinction,23,3737,114.0,5.0,162.47826086956522,1758,TMA,19.0,2,10.0,0
AAA,2014J,2,Pass,222,25963,82.5,4.0,116.95045045045045,1758,TMA,19.0,2,10.0,0
AAA,2014J,2,Fail,39,2689,56.0,4.0,68.94871794871794,1758,TMA,19.0,2,10.0,0
AAA,2014J,2,Withdrawn,46,5664,82.0,4.0,123.1304347826087,1758,TMA,19.0,2,10.0,0
AAA,2014J,3,Distinction,22,2526,100.5,5.0,114.81818181818181,1758,TMA,19.0,2,10.0,1
AAA,2014J,3,Pass,191,15074,57.0,4.0,78.92146596858639,1758,TMA,19.0,2,10.0,1
AAA,2014J,3,Fail,26,653,16.5,2.0,25.115384615384617,1758,TMA,19.0,2,10.0,1
AAA,2014J,3,Withdrawn,39,3203,39.0,3.0,82.12820512820512,1758,TMA,19.0,2,10.0,1
AAA,2014J,5,Distinction,23,2308,74.0,4.0,100.34782608695652,1759,TMA,54.0,7,20.0,-2
AAA,2014J,5,Pass,189,12135,47.0,3.0,64.2063492063492,1759,TMA,54.0,7,20.0,-2
AAA,2014J,5,Fail,27,762,13.0,1.0,28.22222222222222,1759,TMA,54.0,7,20.0,-2
AAA,2014J,5,Withdrawn,39,2385,25.0,2.0,61.15384615384615,1759,TMA,54.0,7,20.0,-2
AAA,2014J,6,Distinction,23,2516,78.0,4.0,109.3913043478261,1759,TMA,54.0,7,20.0,-1
AAA,2014J,6,Pass,198,12560,49.0,3.0,63.43434343434343,1759,TMA,54.0,7,20.0,-1
AAA,2014J,6,Fail,26,815,13.5,2.0,31.346153846153847,1759,TMA,54.0,7,20.0,-1
AAA,2014J,6,Withdrawn,36,2411,34.0,3.0,66.97222222222223,1759,TMA,54.0,7,20.0,-1
AAA,2014J,7,Distinction,24,2508,79.5,4.0,104.5,1759,TMA,54.0,7,20.0,0
AAA,2014J,7,Pass,210,15662,53.0,4.0,74.58095238095238,1759,TMA,54.0,7,20.0,0
AAA,2014J,7,Fail,35,843,15.0,2.0,24.085714285714285,1759,TMA,54.0,7,20.0,0
AAA,2014J,7,Withdrawn,37,1968,30.0,3.0,53.189189189189186,1759,TMA,54.0,7,20.0,0
AAA,2014J,8,Distinction,23,1863,49.0,3.0,81.0,1759,TMA,54.0,7,20.0,1
AAA,2014J,8,Pass,162,8598,34.5,3.0,53.074074074074076,1759,TMA,54.0,7,20.0,1
AAA,2014J,8,Fail,23,634,17.0,2.0,27.565217391304348,1759,TMA,54.0,7,20.0,1
AAA,2014J,8,Withdrawn,26,1180,28.5,3.0,45.38461538461539,1759,TMA,54.0,7,20.0,1
AAA,2014J,14,Distinction,21,1680,61.0,4.0,80.0,1760,TMA,117.0,16,20.0,-2
AAA,2014J,14,Pass,176,9290,29.5,3.0,52.78409090909091,1760,TMA,117.0,16,20.0,-2
AAA,2014J,14,Fail,21,520,15.0,2.0,24.761904761904763,1760,TMA,117.0,16,20.0,-2
AAA,2014J,14,Withdrawn,19,1122,29.0,2.0,59.05263157894737,1760,TMA,117.0,16,20.0,-2
AAA,2014J,15,Distinction,23,1811,43.0,3.0,78.73913043478261,1760,TMA,117.0,16,20.0,-1
AAA,2014J,15,Pass,196,10618,37.0,3.0,54.173469387755105,1760,TMA,117.0,16,20.0,-1
AAA,2014J,15,Fail,22,795,23.5,2.0,36.13636363636363,1760,TMA,117.0,16,20.0,-1
AAA,2014J,15,Withdrawn,21,689,25.0,2.0,32.80952380952381,1760,TMA,117.0,16,20.0,-1
AAA,2014J,16,Distinction,23,2239,64.0,4.0,97.34782608695652,1760,TMA,117.0,16,20.0,0
AAA,2014J,16,Pass,217,13689,42.0,3.0,63.08294930875576,1760,TMA,117.0,16,20.0,0
AAA,2014J,16,Fail,29,1088,26.0,3.0,37.51724137931034,1760,TMA,117.0,16,20.0,0
AAA,2014J,16,Withdrawn,21,1248,36.0,4.0,59.42857142857143,1760,TMA,117.0,16,20.0,0
AAA,2014J,17,Distinction,20,2140,89.5,4.5,107.0,1760,TMA,117.0,16,20.0,1
AAA,2014J,17,Pass,173,8705,34.0,3.0,50.31791907514451,1760,TMA,117.0,16,20.0,1
AAA,2014J,17,Fail,19,287,12.0,2.0,15.105263157894736,1760,TMA,117.0,16,20.0,1
AAA,2014J,17,Withdrawn,18,727,18.0,2.5,40.388888888888886,1760,TMA,117.0,16,20.0,1
AAA,2014J,21,Distinction,21,1814,64.0,4.0,86.38095238095238,1761,TMA,166.0,23,20.0,-2
AAA,2014J,21,Pass,168,8348,30.0,3.0,49.69047619047619,1761,TMA,166.0,23,20.0,-2
AAA,2014J,21,Fail,16,279,8.0,1.0,17.4375,1761,TMA,166.0,23,20.0,-2
AAA,2014J,21,Withdrawn,13,428,35.0,3.0,32.92307692307692,1761,TMA,166.0,23,20.0,-2
AAA,2014J,22,Distinction,20,1541,40.0,4.0,77.05,1761,TMA,166.0,23,20.0,-1
AAA,2014J,22,Pass,181,8141,28.0,3.0,44.97790055248619,1761,TMA,166.0,23,20.0,-1
AAA,2014J,22,Fail,16,390,9.5,1.5,24.375,1761,TMA,166.0,23,20.0,-1
AAA,2014J,22,Withdrawn,15,497,7.0,2.0,33.13333333333333,1761,TMA,166.0,23,20.0,-1
AAA,2014J,23,Distinction,23,2033,84.0,4.0,88.3913043478261,1761,TMA,166.0,23,20.0,0
AAA,2014J,23,Pass,209,10840,36.0,3.0,51.866028708133975,1761,TMA,166.0,23,20.0,0
AAA,2014J,23,Fail,23,654,21.0,3.0,28.434782608695652,1761,TMA,166.0,23,20.0,0
AAA,2014J,23,Withdrawn,17,719,21.0,3.0,42.294117647058826,1761,TMA,166.0,23,20.0,0
AAA,2014J,24,Distinction,24,1843,55.0,4.5,76.79166666666667,1761,TMA,166.0,23,20.0,1
AAA,2014J,24,Pass,175,7696,36.0,3.0,43.97714285714286,1761,TMA,166.0,23,20.0,1
AAA,2014J,24,Fail,22,412,11.0,1.0,18.727272727272727,1761,TMA,166.0,23,20.0,1
AAA,2014J,24,Withdrawn,12,369,12.0,2.0,30.75,1761,TMA,166.0,23,20.0,1
AAA,2014J,28,Distinction,18,1106,39.0,3.0,61.44444444444444,1762,TMA,215.0,30,30.0,-2
AAA,2014J,28,Pass,169,5897,25.0,2.0,34.89349112426036,1762,TMA,215.0,30,30.0,-2
AAA,2014J,28,Fail,13,248,11.0,2.0,19.076923076923077,1762,TMA,215.0,30,30.0,-2
AAA,2014J,28,Withdrawn,7,143,11.0,2.0,20.428571428571427,1762,TMA,215.0,30,30.0,-2
AAA,2014J,29,Distinction,20,1627,53.0,4.0,81.35,1762,TMA,215.0,30,30.0,-1
AAA,2014J,29,Pass,191,7406,26.0,3.0,38.774869109947645,1762,TMA,215.0,30,30.0,-1
AAA,2014J,29,Fail,18,357,11.5,2.0,19.833333333333332,1762,TMA,215.0,30,30.0,-1
AAA,2014J,29,Withdrawn,8,420,30.0,2.0,52.5,1762,TMA,215.0,30,30.0,-1
AAA,2014J,30,Distinction,22,1974,86.0,5.0,89.72727272727273,1762,TMA,215.0,30,30.0,0
AAA,2014J,30,Pass,219,11407,35.0,3.0,52.08675799086758,1762,TMA,215.0,30,30.0,0
AAA,2014J,30,Fail,20,727,31.0,3.0,36.35,1762,TMA,215.0,30,30.0,0
AAA,2014J,30,Withdrawn,7,236,13.0,2.0,33.714285714285715,1762,TMA,215.0,30,30.0,0
AAA,2014J,31,Distinction,21,1555,66.0,5.0,74.04761904761905,1762,TMA,215.0,30,30.0,1
AAA,2014J,31,Pass,178,9740,34.0,3.0,54.71910112359551,1762,TMA,215.0,30,30.0,1
AAA,2014J,31,Fail,13,320,6.0,2.0,24.615384615384617,1762,TMA,215.0,30,30.0,1
AAA,2014J,31,Withdrawn,5,56,16.0,1.0,11.2,1762,TMA,215.0,30,30.0,1
BBB,2013B,0,Distinction,145,14109,73.0,3.0,97.30344827586207,14984,TMA,19.0,2,5.0,-2
BBB,2013B,0,Pass,562,41111,47.5,3.0,73.15124555160142,14984,TMA,19.0,2,5.0,-2
BBB,2013B,0,Fail,314,17546,30.5,2.0,55.87898089171974,14984,TMA,19.0,2,5.0,-2
BBB,2013B,0,Withdrawn,222,14008,38.5,2.0,63.0990990990991,14984,TMA,19.0,2,5.0,-2
BBB,2013B,1,Distinction,140,10694,48.5,3.0,76.38571428571429,14984,TMA,19.0,2,5.0,-1
BBB,2013B,1,Pass,564,34918,42.0,3.0,61.9113475177305,14984,TMA,19.0,2,5.0,-1
BBB,2013B,1,Fail,277,10652,23.0,2.0,38.454873646209386,14984,TMA,19.0,2,5.0,-1
BBB,2013B,1,Withdrawn,212,11065,32.5,2.0,52.193396226415096,14984,TMA,19.0,2,5.0,-1
BBB,2013B,2,Distinction,153,11427,53.0,4.0,74.68627450980392,14984,TMA,19.0,2,5.0,0
BBB,2013B,2,Pass,615,39791,43.0,3.0,64.70081300813008,14984,TMA,19.0,2,5.0,0
BBB,2013B,2,Fail,339,17185,33.0,2.0,50.693215339233035,14984,TMA,19.0,2,5.0,0
BBB,2013B,2,Withdrawn,219,12545,34.0,3.0,57.28310502283105,14984,TMA,19.0,2,5.0,0
BBB,2013B,3,Distinction,140,9703,32.0,4.0,69.30714285714286,14984,TMA,19.0,2,5.0,1
BBB,2013B,3,Pass,555,25884,25.0,3.0,46.637837837837836,14984,TMA,19.0,2,5.0,1
BBB,2013B,3,Fail,277,11809,17.0,2.0,42.631768953068594,14984,TMA,19.0,2,5.0,1
BBB,2013B,3,Withdrawn,182,9072,23.0,2.0,49.84615384615385,14984,TMA,19.0,2,5.0,1
BBB,2013B,4,Distinction,141,9926,41.0,4.0,70.39716312056737,14985,TMA,47.0,6,18.0,-2
BBB,2013B,4,Pass,567,29007,29.0,3.0,51.15873015873016,14985,TMA,47.0,6,18.0,-2
BBB,2013B,4,Fail,254,10526,18.0,2.0,41.44094488188976,14985,TMA,47.0,6,18.0,-2
BBB,2013B,4,Withdrawn,166,7983,24.0,3.0,48.09036144578313,14985,TMA,47.0,6,18.0,-2
BBB,2013B,5,Distinction,141,9773,39.0,3.0,69.31205673758865,14985,TMA,47.0,6,18.0,-1
BBB,2013B,5,Pass,546,26834,28.0,2.0,49.146520146520146,14985,TMA,47.0,6,18.0,-1
BBB,2013B,5,Fail,216,7519,17.5,1.0,34.81018518518518,14985,TMA,47.0,6,18.0,-1
BBB,2013B,5,Withdrawn,149,5671,19.0,2.0,38.060402684563755,14985,TMA,47.0,6,18.0,-1
BBB,2013B,6,Distinction,147,10555,37.0,3.0,71.80272108843538,14985,TMA,47.0,6,18.0,0
BBB,2013B,6,Pass,591,34830,35.0,3.0,58.934010152284266,14985,TMA,47.0,6,18.0,0
BBB,2013B,6,Fail,268,11938,21.0,2.0,44.54477611940298,14985,TMA,47.0,6,18.0,0
BBB,2013B,6,Withdrawn,164,8097,24.0,2.0,49.3719512195122,14985,TMA,47.0,6,18.0,0
BBB,2013B,7,Distinction,139,8990,33.0,3.0,64.67625899280576,14985,TMA,47.0,6,18.0,1
BBB,2013B,7,Pass,564,30214,29.0,3.0,53.5709219858156,14985,TMA,47.0,6,18.0,1
BBB,2013B,7,Fail,227,11359,27.0,2.0,50.03964757709251,14985,TMA,47.0,6,18.0,1
BBB,2013B,7,Withdrawn,133,6775,23.0,2.0,50.93984962406015,14985,TMA,47.0,6,18.0,1
BBB,2013B,5,Distinction,141,9773,39.0,3.0,69.31205673758865,14991,CMA,54.0,7,1.0,-2
BBB,2013B,5,Pass,546,26834,28.0,2.0,49.146520146520146,14991,CMA,54.0,7,1.0,-2
BBB,2013B,5,Fail,216,7519,17.5,1.0,34.81018518518518,14991,CMA,54.0,7,1.0,-2
BBB,2013B,5,Withdrawn,149,5671,19.0,2.0,38.060402684563755,14991,CMA,54.0,7,1.0,-2
BBB,2013B,6,Distinction,147,10555,37.0,3.0,71.80272108843538,14991,CMA,54.0,7,1.0,-1
BBB,2013B,6,Pass,591,34830,35.0,3.0,58.934010152284266,14991,CMA,54.0,7,1.0,-1
BBB,2013B,6,Fail,268,11938,21.0,2.0,44.54477611940298,14991,CMA,54.0,7,1.0,-1
BBB,2013B,6,Withdrawn,164,8097,24.0,2.0,49.3719512195122,14991,CMA,54.0,7,1.0,-1
BBB,2013B,7,Distinction,139,8990,33.0,3.0,64.67625899280576,14991,CMA,54.0,7,1.0,0
BBB,2013B,7,Pass,564,30214,29.0,3.0,53.5709219858156,14991,CMA,54.0,7,1.0,0
BBB,2013B,7,Fail,227,11359,27.0,2.0,50.03964757709251,14991,CMA,54.0,7,1.0,0
BBB,2013B,7,Withdrawn,133,6775,23.0,2.0,50.93984962406015,14991,CMA,54.0,7,1.0,0
BBB,2013B,8,Distinction,130,5612,20.0,3.0,43.16923076923077,14991,CMA,54.0,7,1.0,1
BBB,2013B,8,Pass,482,17678,18.0,2.0,36.67634854771784,14991,CMA,54.0,7,1.0,1
BBB,2013B,8,Fail,185,5517,10.0,1.0,29.82162162162162,14991,CMA,54.0,7,1.0,1
BBB,2013B,8,Withdrawn,109,3937,17.0,2.0,36.11926605504587,14991,CMA,54.0,7,1.0,1
BBB,2013B,10,Distinction,132,6444,30.0,3.0,48.81818181818182,14986,TMA,89.0,12,18.0,-2
BBB,2013B,10,Pass,479,17890,21.0,2.0,37.348643006263046,14986,TMA,89.0,12,18.0,-2
BBB,2013B,10,Fail,149,4372,18.0,2.0,29.34228187919463,14986,TMA,89.0,12,18.0,-2
BBB,2013B,10,Withdrawn,91,3028,12.0,2.0,33.27472527472528,14986,TMA,89.0,12,18.0,-2
BBB,2013B,11,Distinction,134,7195,30.5,2.0,53.69402985074627,14986,TMA,89.0,12,18.0,-1
BBB,2013B,11,Pass,518,21605,23.0,2.0,41.70849420849421,14986,TMA,89.0,12,18.0,-1
BBB,2013B,11,Fail,169,3761,12.0,1.0,22.254437869822485,14986,TMA,89.0,12,18.0,-1
BBB,2013B,11,Withdrawn,74,2221,15.0,1.0,30.013513513513512,14986,TMA,89.0,12,18.0,-1
BBB,2013B,12,Distinction,149,8326,25.0,3.0,55.87919463087248,14986,TMA,89.0,12,18.0,0
BBB,2013B,12,Pass,603,27949,25.0,2.0,46.349917081260365,14986,TMA,89.0,12,18.0,0
BBB,2013B,12,Fail,213,6696,21.0,2.0,31.43661971830986,14986,TMA,89.0,12,18.0,0
BBB,2013B,12,Withdrawn,93,3999,18.0,2.0,43.0,14986,TMA,89.0,12,18.0,0
BBB,2013B,13,Distinction,127,6490,25.0,3.0,51.10236220472441,14986,TMA,89.0,12,18.0,1
BBB,2013B,13,Pass,473,18279,15.0,2.0,38.64482029598309,14986,TMA,89.0,12,18.0,1
BBB,2013B,13,Fail,138,3022,9.0,2.0,21.89855072463768,14986,TMA,89.0,12,18.0,1
BBB,2013B,13,Withdrawn,66,2405,9.5,2.0,36.43939393939394,14986,TMA,89.0,12,18.0,1
BBB,2013B,10,Distinction,132,6444,30.0,3.0,48.81818181818182,14992,CMA,89.0,12,1.0,-2
BBB,2013B,10,Pass,479,17890,21.0,2.0,37.348643006263046,14992,CMA,89.0,12,1.0,-2
BBB,2013B,10,Fail,149,4372,18.0,2.0,29.34228187919463,14992,CMA,89.0,12,1.0,-2
BBB,2013B,10,Withdrawn,91,3028,12.0,2.0,33.27472527472528,14992,CMA,89.0,12,1.0,-2
BBB,2013B,11,Distinction,134,7195,30.5,2.0,53.69402985074627,14992,CMA,89.0,12,1.0,-1
BBB,2013B,11,Pass,518,21605,23.0,2.0,41.70849420849421,14992,CMA,89.0,12,1.0,-1
BBB,2013B,11,Fail,169,3761,12.0,1.0,22.254437869822485,14992,CMA,89.0,12,1.0,-1
BBB,2013B,11,Withdrawn,74,2221,15.0,1.0,30.013513513513512,14992,CMA,89.0,12,1.0,-1
BBB,2013B,12,Distinction,149,8326,25.0,3.0,55.87919463087248,14992,CMA,89.0,12,1.0,0
BBB,2013B,12,Pass,603,27949,25.0,2.0,46.349917081260365,14992,CMA,89.0,12,1.0,0
BBB,2013B,12,Fail,213,6696,21.0,2.0,31.43661971830986,14992,CMA,89.0,12,1.0,0
BBB,2013B,12,Withdrawn,93,3999,18.0,2.0,43.0,14992,CMA,89.0,12,1.0,0
BBB,2013B,13,Distinction,127,6490,25.0,3.0,51.10236220472441,14992,CMA,89.0,12,1.0,1
BBB,2013B,13,Pass,473,18279,15.0,2.0,38.64482029598309,14992,CMA,89.0,12,1.0,1
BBB,2013B,13,Fail,138,3022,9.0,2.0,21.89855072463768,14992,CMA,89.0,12,1.0,1
BBB,2013B,13,Withdrawn,66,2405,9.5,2.0,36.43939393939394,14992,CMA,89.0,12,1.0,1
BBB,2013B,15,Distinction,120,6289,24.0,2.5,52.40833333333333,14987,TMA,124.0,17,18.0,-2
BBB,2013B,15,Pass,430,15713,15.0,2.0,36.54186046511628,14987,TMA,124.0,17,18.0,-2
BBB,2013B,15,Fail,120,2157,9.0,1.0,17.975,14987,TMA,124.0,17,18.0,-2
BBB,2013B,15,Withdrawn,48,1477,10.0,1.0,30.770833333333332,14987,TMA,124.0,17,18.0,-2
BBB,2013B,16,Distinction,123,5754,24.0,2.0,46.78048780487805,14987,TMA,124.0,17,18.0,-1
BBB,2013B,16,Pass,445,15363,19.0,2.0,34.523595505617976,14987,TMA,124.0,17,18.0,-1
BBB,2013B,16,Fail,105,2178,12.0,1.0,20.742857142857144,14987,TMA,124.0,17,18.0,-1
BBB,2013B,16,Withdrawn,39,1175,11.0,1.0,30.128205128205128,14987,TMA,124.0,17,18.0,-1
BBB,2013B,17,Distinction,144,6817,24.0,3.0,47.34027777777778,14987,TMA,124.0,17,18.0,0
BBB,2013B,17,Pass,563,21326,24.0,2.0,37.879218472468914,14987,TMA,124.0,17,18.0,0
BBB,2013B,17,Fail,168,5248,16.0,2.0,31.238095238095237,14987,TMA,124.0,17,18.0,0
BBB,2013B,17,Withdrawn,58,2145,16.5,2.0,36.98275862068966,14987,TMA,124.0,17,18.0,0
BBB,2013B,18,Distinction,131,5816,19.0,3.0,44.396946564885496,14987,TMA,124.0,17,18.0,1
BBB,2013B,18,Pass,469,13311,13.0,2.0,28.381663113006397,14987,TMA,124.0,17,18.0,1
BBB,2013B,18,Fail,113,2087,8.0,2.0,18.469026548672566,14987,TMA,124.0,17,18.0,1
BBB,2013B,18,Withdrawn,48,1125,8.0,1.0,23.4375,14987,TMA,124.0,17,18.0,1
BBB,2013B,15,Distinction,120,6289,24.0,2.5,52.40833333333333,14993,CMA,124.0,17,1.0,-2
BBB,2013B,15,Pass,430,15713,15.0,2.0,36.54186046511628,14993,CMA,124.0,17,1.0,-2
BBB,2013B,15,Fail,120,2157,9.0,1.0,17.975,14993,CMA,124.0,17,1.0,-2
BBB,2013B,15,Withdrawn,48,1477,10.0,1.0,30.770833333333332,14993,CMA,124.0,17,1.0,-2
BBB,2013B,16,Distinction,123,5754,24.0,2.0,46.78048780487805,14993,CMA,124.0,17,1.0,-1
BBB,2013B,16,Pass,445,15363,19.0,2.0,34.523595505617976,14993,CMA,124.0,17,1.0,-1
BBB,2013B,16,Fail,105,2178,12.0,1.0,20.742857142857144,14993,CMA,124.0,17,1.0,-1
BBB,2013B,16,Withdrawn,39,1175,11.0,1.0,30.128205128205128,14993,CMA,124.0,17,1.0,-1
BBB,2013B,17,Distinction,144,6817,24.0,3.0,47.34027777777778,14993,CMA,124.0,17,1.0,0
BBB,2013B,17,Pass,563,21326,24.0,2.0,37.879218472468914,14993,CMA,124.0,17,1.0,0
BBB,2013B,17,Fail,168,5248,16.0,2.0,31.238095238095237,14993,CMA,124.0,17,1.0,0
BBB,2013B,17,Withdrawn,58,2145,16.5,2.0,36.98275862068966,14993,CMA,124.0,17,1.0,0
BBB,2013B,18,Distinction,131,5816,19.0,3.0,44.396946564885496,14993,CMA,124.0,17,1.0,1
BBB,2013B,18,Pass,469,13311,13.0,2.0,28.381663113006397,14993,CMA,124.0,17,1.0,1
BBB,2013B,18,Fail,113,2087,8.0,2.0,18.469026548672566,14993,CMA,124.0,17,1.0,1
BBB,2013B,18,Withdrawn,48,1125,8.0,1.0,23.4375,14993,CMA,124.0,17,1.0,1
BBB,2013B,20,Distinction,123,5329,22.0,2.0,43.32520325203252,14988,TMA,159.0,22,18.0,-2
BBB,2013B,20,Pass,410,11931,13.0,2.0,29.1,14988,TMA,159.0,22,18.0,-2
BBB,2013B,20,Fail,79,1937,11.0,1.0,24.518987341772153,14988,TMA,159.0,22,18.0,-2
BBB,2013B,20,Withdrawn,29,1029,15.0,2.0,35.48275862068966,14988,TMA,159.0,22,18.0,-2
BBB,2013B,21,Distinction,129,6711,22.0,2.0,52.02325581395349,14988,TMA,159.0,22,18.0,-1
BBB,2013B,21,Pass,403,15018,20.0,2.0,37.265508684863526,14988,TMA,159.0,22,18.0,-1
BBB,2013B,21,Fail,91,2155,8.0,1.0,23.681318681318682,14988,TMA,159.0,22,18.0,-1
BBB,2013B,21,Withdrawn,22,657,11.0,2.0,29.863636363636363,14988,TMA,159.0,22,18.0,-1
BBB,2013B,22,Distinction,150,8222,28.0,3.0,54.81333333333333,14988,TMA,159.0,22,18.0,0
BBB,2013B,22,Pass,593,25352,26.0,2.0,42.75210792580101,14988,TMA,159.0,22,18.0,0
BBB,2013B,22,Fail,132,4413,21.0,1.0,33.43181818181818,14988,TMA,159.0,22,18.0,0
BBB,2013B,22,Withdrawn,33,1198,20.0,2.0,36.303030303030305,14988,TMA,159.0,22,18.0,0
BBB,2013B,23,Distinction,118,5234,21.0,3.0,44.355932203389834,14988,TMA,159.0,22,18.0,1
BBB,2013B,23,Pass,426,12543,14.0,2.0,29.443661971830984,14988,TMA,159.0,22,18.0,1
BBB,2013B,23,Fail,88,1830,10.0,1.0,20.795454545454547,14988,TMA,159.0,22,18.0,1
BBB,2013B,23,Withdrawn,25,694,10.0,1.0,27.76,14988,TMA,159.0,22,18.0,1
BBB,2013B,20,Distinction,123,5329,22.0,2.0,43.32520325203252,14994,CMA,159.0,22,1.0,-2
BBB,2013B,20,Pass,410,11931,13.0,2.0,29.1,14994,CMA,159.0,22,1.0,-2
BBB,2013B,20,Fail,79,1937,11.0,1.0,24.518987341772153,14994,CMA,159.0,22,1.0,-2
BBB,2013B,20,Withdrawn,29,1029,15.0,2.0,35.48275862068966,14994,CMA,159.0,22,1.0,-2
BBB,2013B,21,Distinction,129,6711,22.0,2.0,52.02325581395349,14994,CMA,159.0,22,1.0,-1
BBB,2013B,21,Pass,403,15018,20.0,2.0,37.265508684863526,14994,CMA,159.0,22,1.0,-1
BBB,2013B,21,Fail,91,2155,8.0,1.0,23.681318681318682,14994,CMA,159.0,22,1.0,-1
BBB,2013B,21,Withdrawn,22,657,11.0,2.0,29.863636363636363,14994,CMA,159.0,22,1.0,-1
BBB,2013B,22,Distinction,150,8222,28.0,3.0,54.81333333333333,14994,CMA,159.0,22,1.0,0
BBB,2013B,22,Pass,593,25352,26.0,2.0,42.75210792580101,14994,CMA,159.0,22,1.0,0
BBB,2013B,22,Fail,132,4413,21.0,1.0,33.43181818181818,14994,CMA,159.0,22,1.0,0
BBB,2013B,22,Withdrawn,33,1198,20.0,2.0,36.303030303030305,14994,CMA,159.0,22,1.0,0
BBB,2013B,23,Distinction,118,5234,21.0,3.0,44.355932203389834,14994,CMA,159.0,22,1.0,1
BBB,2013B,23,Pass,426,12543,14.0,2.0,29.443661971830984,14994,CMA,159.0,22,1.0,1
BBB,2013B,23,Fail,88,1830,10.0,1.0,20.795454545454547,14994,CMA,159.0,22,1.0,1
BBB,2013B,23,Withdrawn,25,694,10.0,1.0,27.76,14994,CMA,159.0,22,1.0,1
BBB,2013B,24,Distinction,117,3809,19.0,2.0,32.55555555555556,14989,TMA,187.0,26,18.0,-2
BBB,2013B,24,Pass,428,11348,15.5,2.0,26.514018691588785,14989,TMA,187.0,26,18.0,-2
BBB,2013B,24,Fail,70,1377,6.5,1.0,19.67142857142857,14989,TMA,187.0,26,18.0,-2
BBB,2013B,24,Withdrawn,15,219,4.0,1.0,14.6,14989,TMA,187.0,26,18.0,-2
BBB,2013B,25,Distinction,120,4987,21.0,2.0,41.55833333333333,14989,TMA,187.0,26,18.0,-1
BBB,2013B,25,Pass,430,13333,17.0,2.0,31.006976744186048,14989,TMA,187.0,26,18.0,-1
BBB,2013B,25,Fail,72,1110,8.0,1.0,15.416666666666666,14989,TMA,187.0,26,18.0,-1
BBB,2013B,25,Withdrawn,17,278,13.0,2.0,16.352941176470587,14989,TMA,187.0,26,18.0,-1
BBB,2013B,26,Distinction,140,6494,24.0,2.0,46.385714285714286,14989,TMA,187.0,26,18.0,0
BBB,2013B,26,Pass,540,20025,21.0,2.0,37.083333333333336,14989,TMA,187.0,26,18.0,0
BBB,2013B,26,Fail,110,3376,19.5,2.0,30.69090909090909,14989,TMA,187.0,26,18.0,0
BBB,2013B,26,Withdrawn,17,569,19.0,2.0,33.470588235294116,14989,TMA,187.0,26,18.0,0
BBB,2013B,27,Distinction,113,4714,18.0,2.0,41.716814159292035,14989,TMA,187.0,26,18.0,1
BBB,2013B,27,Pass,389,12319,12.0,2.0,31.668380462724937,14989,TMA,187.0,26,18.0,1
BBB,2013B,27,Fail,66,1179,8.0,1.0,17.863636363636363,14989,TMA,187.0,26,18.0,1
BBB,2013B,27,Withdrawn,12,203,11.5,1.5,16.916666666666668,14989,TMA,187.0,26,18.0,1
BBB,2013B,24,Distinction,117,3809,19.0,2.0,32.55555555555556,14995,CMA,187.0,26,1.0,-2
BBB,2013B,24,Pass,428,11348,15.5,2.0,26.514018691588785,14995,CMA,187.0,26,1.0,-2
BBB,2013B,24,Fail,70,1377,6.5,1.0,19.67142857142857,14995,CMA,187.0,26,1.0,-2
BBB,2013B,24,Withdrawn,15,219,4.0,1.0,14.6,14995,CMA,187.0,26,1.0,-2
BBB,2013B,25,Distinction,120,4987,21.0,2.0,41.55833333333333,14995,CMA,187.0,26,1.0,-1
BBB,2013B,25,Pass,430,13333,17.0,2.0,31.006976744186048,14995,CMA,187.0,26,1.0,-1
BBB,2013B,25,Fail,72,1110,8.0,1.0,15.416666666666666,14995,CMA,187.0,26,1.0,-1
BBB,2013B,25,Withdrawn,17,278,13.0,2.0,16.352941176470587,14995,CMA,187.0,26,1.0,-1
BBB,2013B,26,Distinction,140,6494,24.0,2.0,46.385714285714286,14995,CMA,187.0,26,1.0,0
BBB,2013B,26,Pass,540,20025,21.0,2.0,37.083333333333336,14995,CMA,187.0,26,1.0,0
BBB,2013B,26,Fail,110,3376,19.5,2.0,30.69090909090909,14995,CMA,187.0,26,1.0,0
BBB,2013B,26,Withdrawn,17,569,19.0,2.0,33.470588235294116,14995,CMA,187.0,26,1.0,0
BBB,2013B,27,Distinction,113,4714,18.0,2.0,41.716814159292035,14995,CMA,187.0,26,1.0,1
BBB,2013B,27,Pass,389,12319,12.0,2.0,31.668380462724937,14995,CMA,187.0,26,1.0,1
BBB,2013B,27,Fail,66,1179,8.0,1.0,17.863636363636363,14995,CMA,187.0,26,1.0,1
BBB,2013B,27,Withdrawn,12,203,11.5,1.5,16.916666666666668,14995,CMA,187.0,26,1.0,1
BBB,2013J,0,Distinction,150,10789,46.5,3.0,71.92666666666666,14996,TMA,19.0,2,5.0,-2
BBB,2013J,0,Pass,690,43786,34.0,2.0,63.457971014492756,14996,TMA,19.0,2,5.0,-2
BBB,2013J,0,Fail,318,11388,21.0,2.0,35.81132075471698,14996,TMA,19.0,2,5.0,-2
BBB,2013J,0,Withdrawn,214,9762,24.0,2.0,45.61682242990654,14996,TMA,19.0,2,5.0,-2
BBB,2013J,1,Distinction,158,8490,37.0,3.0,53.734177215189874,14996,TMA,19.0,2,5.0,-1
BBB,2013J,1,Pass,702,37881,30.0,2.0,53.96153846153846,14996,TMA,19.0,2,5.0,-1
BBB,2013J,1,Fail,279,10178,20.0,2.0,36.48028673835125,14996,TMA,19.0,2,5.0,-1
BBB,2013J,1,Withdrawn,185,7034,21.0,2.0,38.02162162162162,14996,TMA,19.0,2,5.0,-1
BBB,2013J,2,Distinction,162,9589,38.0,3.0,59.19135802469136,14996,TMA,19.0,2,5.0,0
BBB,2013J,2,Pass,779,39361,30.0,3.0,50.52759948652118,14996,TMA,19.0,2,5.0,0
BBB,2013J,2,Fail,345,12462,20.0,2.0,36.12173913043478,14996,TMA,19.0,2,5.0,0
BBB,2013J,2,Withdrawn,205,8511,24.0,2.0,41.517073170731706,14996,TMA,19.0,2,5.0,0
BBB,2013J,3,Distinction,152,6293,22.0,3.0,41.401315789473685,14996,TMA,19.0,2,5.0,1
BBB,2013J,3,Pass,689,27143,15.0,2.0,39.39477503628447,14996,TMA,19.0,2,5.0,1
BBB,2013J,3,Fail,266,6728,12.0,2.0,25.293233082706767,14996,TMA,19.0,2,5.0,1
BBB,2013J,3,Withdrawn,152,4510,14.0,2.0,29.67105263157895,14996,TMA,19.0,2,5.0,1
BBB,2013J,4,Distinction,156,8278,29.0,3.0,53.06410256410256,14997,TMA,47.0,6,18.0,-2
BBB,2013J,4,Pass,713,34997,24.0,2.0,49.084151472650774,14997,TMA,47.0,6,18.0,-2
BBB,2013J,4,Fail,270,8553,13.5,2.0,31.677777777777777,14997,TMA,47.0,6,18.0,-2
BBB,2013J,4,Withdrawn,150,5125,20.0,2.0,34.166666666666664,14997,TMA,47.0,6,18.0,-2
BBB,2013J,5,Distinction,156,7865,33.5,3.0,50.416666666666664,14997,TMA,47.0,6,18.0,-1
BBB,2013J,5,Pass,679,28739,25.0,2.0,42.325478645066276,14997,TMA,47.0,6,18.0,-1
BBB,2013J,5,Fail,221,6045,16.0,2.0,27.352941176470587,14997,TMA,47.0,6,18.0,-1
BBB,2013J,5,Withdrawn,120,4711,19.0,2.0,39.25833333333333,14997,TMA,47.0,6,18.0,-1
BBB,2013J,6,Distinction,167,8761,29.0,3.0,52.461077844311376,14997,TMA,47.0,6,18.0,0
BBB,2013J,6,Pass,776,38315,27.0,3.0,49.375,14997,TMA,47.0,6,18.0,0
BBB,2013J,6,Fail,298,8491,17.0,2.0,28.493288590604028,14997,TMA,47.0,6,18.0,0
BBB,2013J,6,Withdrawn,136,5200,21.5,2.0,38.23529411764706,14997,TMA,47.0,6,18.0,0
BBB,2013J,7,Distinction,159,8213,32.0,3.0,51.65408805031446,14997,TMA,47.0,6,18.0,1
BBB,2013J,7,Pass,745,36084,27.0,2.0,48.43489932885906,14997,TMA,47.0,6,18.0,1
BBB,2013J,7,Fail,267,8122,19.0,2.0,30.419475655430713,14997,TMA,47.0,6,18.0,1
BBB,2013J,7,Withdrawn,118,4635,21.0,2.0,39.279661016949156,14997,TMA,47.0,6,18.0,1
BBB,2013J,5,Distinction,156,7865,33.5,3.0,50.416666666666664,15003,CMA,54.0,7,1.0,-2
BBB,2013J,5,Pass,679,28739,25.0,2.0,42.325478645066276,15003,CMA,54.0,7,1.0,-2
BBB,2013J,5,Fail,221,6045,16.0,2.0,27.352941176470587,15003,CMA,54.0,7,1.0,-2
BBB,2013J,5,Withdrawn,120,4711,19.0,2.0,39.25833333333333,15003,CMA,54.0,7,1.0,-2
BBB,2013J,6,Distinction,167,8761,29.0,3.0,52.461077844311376,15003,CMA,54.0,7,1.0,-1
BBB,2013J,6,Pass,776,38315,27.0,3.0,49.375,15003,CMA,54.0,7,1.0,-1
BBB,2013J,6,Fail,298,8491,17.0,2.0,28.493288590604028,15003,CMA,54.0,7,1.0,-1
BBB,2013J,6,Withdrawn,136,5200,21.5,2.0,38.23529411764706,15003,CMA,54.0,7,1.0,-1
BBB,2013J,7,Distinction,159,8213,32.0,3.0,51.65408805031446,15003,CMA,54.0,7,1.0,0
BBB,2013J,7,Pass,745,36084,27.0,2.0,48.43489932885906,15003,CMA,54.0,7,1.0,0
BBB,2013J,7,Fail,267,8122,19.0,2.0,30.419475655430713,15003,CMA,54.0,7,1.0,0
BBB,2013J,7,Withdrawn,118,4635,21.0,2.0,39.279661016949156,15003,CMA,54.0,7,1.0,0
BBB,2013J,8,Distinction,152,6961,23.0,3.0,45.796052631578945,15003,CMA,54.0,7,1.0,1
BBB,2013J,8,Pass,629,22381,17.0,2.0,35.5818759936407,15003,CMA,54.0,7,1.0,1
BBB,2013J,8,Fail,176,3419,10.0,2.0,19.426136363636363,15003,CMA,54.0,7,1.0,1
BBB,2013J,8,Withdrawn,93,2869,12.0,2.0,30.849462365591396,15003,CMA,54.0,7,1.0,1
BBB,2013J,11,Distinction,94,1700,14.0,1.0,18.085106382978722,14998,TMA,96.0,13,18.0,-2
BBB,2013J,11,Pass,338,7010,13.0,1.0,20.7396449704142,14998,TMA,96.0,13,18.0,-2
BBB,2013J,11,Fail,74,933,10.0,1.0,12.608108108108109,14998,TMA,96.0,13,18.0,-2
BBB,2013J,11,Withdrawn,44,624,11.5,1.0,14.181818181818182,14998,TMA,96.0,13,18.0,-2
BBB,2013J,12,Distinction,131,4090,17.0,2.0,31.221374045801525,14998,TMA,96.0,13,18.0,-1
BBB,2013J,12,Pass,604,16984,17.0,2.0,28.119205298013245,14998,TMA,96.0,13,18.0,-1
BBB,2013J,12,Fail,134,2463,10.0,1.0,18.380597014925375,14998,TMA,96.0,13,18.0,-1
BBB,2013J,12,Withdrawn,55,1618,19.0,2.0,29.418181818181818,14998,TMA,96.0,13,18.0,-1
BBB,2013J,13,Distinction,168,8624,27.5,3.0,51.333333333333336,14998,TMA,96.0,13,18.0,0
BBB,2013J,13,Pass,800,36970,24.0,3.0,46.2125,14998,TMA,96.0,13,18.0,0
BBB,2013J,13,Fail,238,6473,19.0,2.0,27.19747899159664,14998,TMA,96.0,13,18.0,0
BBB,2013J,13,Withdrawn,77,3746,26.0,2.0,48.64935064935065,14998,TMA,96.0,13,18.0,0
BBB,2013J,14,Distinction,160,7466,19.0,3.0,46.6625,14998,TMA,96.0,13,18.0,1
BBB,2013J,14,Pass,659,26561,15.0,3.0,40.305007587253414,14998,TMA,96.0,13,18.0,1
BBB,2013J,14,Fail,144,3254,8.0,2.0,22.59722222222222,14998,TMA,96.0,13,18.0,1
BBB,2013J,14,Withdrawn,56,2011,11.5,2.0,35.910714285714285,14998,TMA,96.0,13,18.0,1
BBB,2013J,11,Distinction,94,1700,14.0,1.0,18.085106382978722,15004,CMA,96.0,13,1.0,-2
BBB,2013J,11,Pass,338,7010,13.0,1.0,20.7396449704142,15004,CMA,96.0,13,1.0,-2
BBB,2013J,11,Fail,74,933,10.0,1.0,12.608108108108109,15004,CMA,96.0,13,1.0,-2
BBB,2013J,11,Withdrawn,44,624,11.5,1.0,14.181818181818182,15004,CMA,96.0,13,1.0,-2
BBB,2013J,12,Distinction,131,4090,17.0,2.0,31.221374045801525,15004,CMA,96.0,13,1.0,-1
BBB,2013J,12,Pass,604,16984,17.0,2.0,28.119205298013245,15004,CMA,96.0,13,1.0,-1
BBB,2013J,12,Fail,134,2463,10.0,1.0,18.380597014925375,15004,CMA,96.0,13,1.0,-1
BBB,2013J,12,Withdrawn,55,1618,19.0,2.0,29.418181818181818,15004,CMA,96.0,13,1.0,-1
BBB,2013J,13,Distinction,168,8624,27.5,3.0,51.333333333333336,15004,CMA,96.0,13,1.0,0
BBB,2013J,13,Pass,800,36970,24.0,3.0,46.2125,15004,CMA,96.0,13,1.0,0
BBB,2013J,13,Fail,238,6473,19.0,2.0,27.19747899159664,15004,CMA,96.0,13,1.0,0
BBB,2013J,13,Withdrawn,77,3746,26.0,2.0,48.64935064935065,15004,CMA,96.0,13,1.0,0
BBB,2013J,14,Distinction,160,7466,19.0,3.0,46.6625,15004,CMA,96.0,13,1.0,1
BBB,2013J,14,Pass,659,26561,15.0,3.0,40.305007587253414,15004,CMA,96.0,13,1.0,1
BBB,2013J,14,Fail,144,3254,8.0,2.0,22.59722222222222,15004,CMA,96.0,13,1.0,1
BBB,2013J,14,Withdrawn,56,2011,11.5,2.0,35.910714285714285,15004,CMA,96.0,13,1.0,1
BBB,2013J,16,Distinction,131,4348,19.0,2.0,33.19083969465649,14999,TMA,131.0,18,18.0,-2
BBB,2013J,16,Pass,551,15699,15.0,2.0,28.491833030852995,14999,TMA,131.0,18,18.0,-2
BBB,2013J,16,Fail,104,2088,10.0,1.0,20.076923076923077,14999,TMA,131.0,18,18.0,-2
BBB,2013J,16,Withdrawn,36,724,8.5,1.0,20.11111111111111,14999,TMA,131.0,18,18.0,-2
BBB,2013J,17,Distinction,140,4850,24.0,2.0,34.642857142857146,14999,TMA,131.0,18,18.0,-1
BBB,2013J,17,Pass,636,18595,17.0,2.0,29.2374213836478,14999,TMA,131.0,18,18.0,-1
BBB,2013J,17,Fail,134,2140,9.0,1.0,15.970149253731343,14999,TMA,131.0,18,18.0,-1
BBB,2013J,17,Withdrawn,33,647,9.0,2.0,19.606060606060606,14999,TMA,131.0,18,18.0,-1
BBB,2013J,18,Distinction,168,6479,28.0,3.0,38.56547619047619,14999,TMA,131.0,18,18.0,0
BBB,2013J,18,Pass,789,28123,21.0,2.0,35.64385297845374,14999,TMA,131.0,18,18.0,0
BBB,2013J,18,Fail,179,4253,17.0,2.0,23.75977653631285,14999,TMA,131.0,18,18.0,0
BBB,2013J,18,Withdrawn,51,902,14.0,1.0,17.686274509803923,14999,TMA,131.0,18,18.0,0
BBB,2013J,19,Distinction,133,3907,16.0,3.0,29.37593984962406,14999,TMA,131.0,18,18.0,1
BBB,2013J,19,Pass,591,16000,13.0,2.0,27.072758037225043,14999,TMA,131.0,18,18.0,1
BBB,2013J,19,Fail,100,1223,6.0,2.0,12.23,14999,TMA,131.0,18,18.0,1
BBB,2013J,19,Withdrawn,27,259,2.0,1.0,9.592592592592593,14999,TMA,131.0,18,18.0,1
BBB,2013J,16,Distinction,131,4348,19.0,2.0,33.19083969465649,15005,CMA,131.0,18,1.0,-2
BBB,2013J,16,Pass,551,15699,15.0,2.0,28.491833030852995,15005,CMA,131.0,18,1.0,-2
BBB,2013J,16,Fail,104,2088,10.0,1.0,20.076923076923077,15005,CMA,131.0,18,1.0,-2
BBB,2013J,16,Withdrawn,36,724,8.5,1.0,20.11111111111111,15005,CMA,131.0,18,1.0,-2
BBB,2013J,17,Distinction,140,4850,24.0,2.0,34.642857142857146,15005,CMA,131.0,18,1.0,-1
BBB,2013J,17,Pass,636,18595,17.0,2.0,29.2374213836478,15005,CMA,131.0,18,1.0,-1
BBB,2013J,17,Fail,134,2140,9.0,1.0,15.970149253731343,15005,CMA,131.0,18,1.0,-1
BBB,2013J,17,Withdrawn,33,647,9.0,2.0,19.606060606060606,15005,CMA,131.0,18,1.0,-1
BBB,2013J,18,Distinction,168,6479,28.0,3.0,38.56547619047619,15005,CMA,131.0,18,1.0,0
BBB,2013J,18,Pass,789,28123,21.0,2.0,35.64385297845374,15005,CMA,131.0,18,1.0,0
BBB,2013J,18,Fail,179,4253,17.0,2.0,23.75977653631285,15005,CMA,131.0,18,1.0,0
BBB,2013J,18,Withdrawn,51,902,14.0,1.0,17.686274509803923,15005,CMA,131.0,18,1.0,0
BBB,2013J,19,Distinction,133,3907,16.0,3.0,29.37593984962406,15005,CMA,131.0,18,1.0,1
BBB,2013J,19,Pass,591,16000,13.0,2.0,27.072758037225043,15005,CMA,131.0,18,1.0,1
BBB,2013J,19,Fail,100,1223,6.0,2.0,12.23,15005,CMA,131.0,18,1.0,1
BBB,2013J,19,Withdrawn,27,259,2.0,1.0,9.592592592592593,15005,CMA,131.0,18,1.0,1
BBB,2013J,21,Distinction,145,4253,17.0,3.0,29.33103448275862,15000,TMA,166.0,23,18.0,-2
BBB,2013J,21,Pass,570,16403,13.0,2.0,28.77719298245614,15000,TMA,166.0,23,18.0,-2
BBB,2013J,21,Fail,101,1753,6.0,1.0,17.356435643564357,15000,TMA,166.0,23,18.0,-2
BBB,2013J,21,Withdrawn,13,264,10.0,2.0,20.307692307692307,15000,TMA,166.0,23,18.0,-2
BBB,2013J,22,Distinction,147,5718,29.0,2.0,38.89795918367347,15000,TMA,166.0,23,18.0,-1
BBB,2013J,22,Pass,608,21259,20.0,2.0,34.96546052631579,15000,TMA,166.0,23,18.0,-1
BBB,2013J,22,Fail,106,2117,11.0,1.0,19.971698113207548,15000,TMA,166.0,23,18.0,-1
BBB,2013J,22,Withdrawn,15,239,13.0,1.0,15.933333333333334,15000,TMA,166.0,23,18.0,-1
BBB,2013J,23,Distinction,171,8007,33.0,3.0,46.824561403508774,15000,TMA,166.0,23,18.0,0
BBB,2013J,23,Pass,818,37992,31.0,3.0,46.44498777506112,15000,TMA,166.0,23,18.0,0
BBB,2013J,23,Fail,161,5214,21.0,2.0,32.38509316770186,15000,TMA,166.0,23,18.0,0
BBB,2013J,23,Withdrawn,19,335,17.0,2.0,17.63157894736842,15000,TMA,166.0,23,18.0,0
BBB,2013J,24,Distinction,145,4744,18.0,3.0,32.717241379310344,15000,TMA,166.0,23,18.0,1
BBB,2013J,24,Pass,535,16895,13.0,2.0,31.57943925233645,15000,TMA,166.0,23,18.0,1
BBB,2013J,24,Fail,88,1426,7.0,1.5,16.204545454545453,15000,TMA,166.0,23,18.0,1
BBB,2013J,24,Withdrawn,12,102,8.5,1.0,8.5,15000,TMA,166.0,23,18.0,1
BBB,2013J,21,Distinction,145,4253,17.0,3.0,29.33103448275862,15006,CMA,166.0,23,1.0,-2
BBB,2013J,21,Pass,570,16403,13.0,2.0,28.77719298245614,15006,CMA,166.0,23,1.0,-2
BBB,2013J,21,Fail,101,1753,6.0,1.0,17.356435643564357,15006,CMA,166.0,23,1.0,-2
BBB,2013J,21,Withdrawn,13,264,10.0,2.0,20.307692307692307,15006,CMA,166.0,23,1.0,-2
BBB,2013J,22,Distinction,147,5718,29.0,2.0,38.89795918367347,15006,CMA,166.0,23,1.0,-1
BBB,2013J,22,Pass,608,21259,20.0,2.0,34.96546052631579,15006,CMA,166.0,23,1.0,-1
BBB,2013J,22,Fail,106,2117,11.0,1.0,19.971698113207548,15006,CMA,166.0,23,1.0,-1
BBB,2013J,22,Withdrawn,15,239,13.0,1.0,15.933333333333334,15006,CMA,166.0,23,1.0,-1
BBB,2013J,23,Distinction,171,8007,33.0,3.0,46.824561403508774,15006,CMA,166.0,23,1.0,0
BBB,2013J,23,Pass,818,37992,31.0,3.0,46.44498777506112,15006,CMA,166.0,23,1.0,0
BBB,2013J,23,Fail,161,5214,21.0,2.0,32.38509316770186,15006,CMA,166.0,23,1.0,0
BBB,2013J,23,Withdrawn,19,335,17.0,2.0,17.63157894736842,15006,CMA,166.0,23,1.0,0
BBB,2013J,24,Distinction,145,4744,18.0,3.0,32.717241379310344,15006,CMA,166.0,23,1.0,1
BBB,2013J,24,Pass,535,16895,13.0,2.0,31.57943925233645,15006,CMA,166.0,23,1.0,1
BBB,2013J,24,Fail,88,1426,7.0,1.5,16.204545454545453,15006,CMA,166.0,23,1.0,1
BBB,2013J,24,Withdrawn,12,102,8.5,1.0,8.5,15006,CMA,166.0,23,1.0,1
BBB,2013J,27,Distinction,114,3139,17.5,2.0,27.535087719298247,15001,TMA,208.0,29,18.0,-2
BBB,2013J,27,Pass,472,12293,14.0,2.0,26.04449152542373,15001,TMA,208.0,29,18.0,-2
BBB,2013J,27,Fail,49,717,7.0,1.0,14.63265306122449,15001,TMA,208.0,29,18.0,-2
BBB,2013J,27,Withdrawn,7,68,8.0,1.0,9.714285714285714,15001,TMA,208.0,29,18.0,-2
BBB,2013J,28,Distinction,143,4239,21.0,2.0,29.643356643356643,15001,TMA,208.0,29,18.0,-1
BBB,2013J,28,Pass,553,15333,16.0,2.0,27.726943942133815,15001,TMA,208.0,29,18.0,-1
BBB,2013J,28,Fail,61,1056,8.0,1.0,17.311475409836067,15001,TMA,208.0,29,18.0,-1
BBB,2013J,28,Withdrawn,5,120,15.0,2.0,24.0,15001,TMA,208.0,29,18.0,-1
BBB,2013J,29,Distinction,165,6537,26.0,3.0,39.61818181818182,15001,TMA,208.0,29,18.0,0
BBB,2013J,29,Pass,808,31680,26.0,2.0,39.20792079207921,15001,TMA,208.0,29,18.0,0
BBB,2013J,29,Fail,121,3921,22.0,2.0,32.40495867768595,15001,TMA,208.0,29,18.0,0
BBB,2013J,29,Withdrawn,8,176,17.5,2.5,22.0,15001,TMA,208.0,29,18.0,0
BBB,2013J,30,Distinction,128,4094,20.0,3.0,31.984375,15001,TMA,208.0,29,18.0,1
BBB,2013J,30,Pass,537,16988,13.0,2.0,31.635009310986966,15001,TMA,208.0,29,18.0,1
BBB,2013J,30,Fail,60,1035,7.0,1.5,17.25,15001,TMA,208.0,29,18.0,1
BBB,2013J,30,Withdrawn,6,46,6.0,1.5,7.666666666666667,15001,TMA,208.0,29,18.0,1
BBB,2013J,27,Distinction,114,3139,17.5,2.0,27.535087719298247,15007,CMA,208.0,29,1.0,-2
BBB,2013J,27,Pass,472,12293,14.0,2.0,26.04449152542373,15007,CMA,208.0,29,1.0,-2
BBB,2013J,27,Fail,49,717,7.0,1.0,14.63265306122449,15007,CMA,208.0,29,1.0,-2
BBB,2013J,27,Withdrawn,7,68,8.0,1.0,9.714285714285714,15007,CMA,208.0,29,1.0,-2
BBB,2013J,28,Distinction,143,4239,21.0,2.0,29.643356643356643,15007,CMA,208.0,29,1.0,-1
BBB,2013J,28,Pass,553,15333,16.0,2.0,27.726943942133815,15007,CMA,208.0,29,1.0,-1
BBB,2013J,28,Fail,61,1056,8.0,1.0,17.311475409836067,15007,CMA,208.0,29,1.0,-1
BBB,2013J,28,Withdrawn,5,120,15.0,2.0,24.0,15007,CMA,208.0,29,1.0,-1
BBB,2013J,29,Distinction,165,6537,26.0,3.0,39.61818181818182,15007,CMA,208.0,29,1.0,0
BBB,2013J,29,Pass,808,31680,26.0,2.0,39.20792079207921,15007,CMA,208.0,29,1.0,0
BBB,2013J,29,Fail,121,3921,22.0,2.0,32.40495867768595,15007,CMA,208.0,29,1.0,0
BBB,2013J,29,Withdrawn,8,176,17.5,2.5,22.0,15007,CMA,208.0,29,1.0,0
BBB,2013J,30,Distinction,128,4094,20.0,3.0,31.984375,15007,CMA,208.0,29,1.0,1
BBB,2013J,30,Pass,537,16988,13.0,2.0,31.635009310986966,15007,CMA,208.0,29,1.0,1
BBB,2013J,30,Fail,60,1035,7.0,1.5,17.25,15007,CMA,208.0,29,1.0,1
BBB,2013J,30,Withdrawn,6,46,6.0,1.5,7.666666666666667,15007,CMA,208.0,29,1.0,1
BBB,2014B,-1,Distinction,129,5772,26.0,2.0,44.74418604651163,15008,TMA,12.0,1,5.0,-2
BBB,2014B,-1,Pass,360,10673,18.0,1.0,29.647222222222222,15008,TMA,12.0,1,5.0,-2
BBB,2014B,-1,Fail,191,3970,13.0,1.0,20.785340314136125,15008,TMA,12.0,1,5.0,-2
BBB,2014B,-1,Withdrawn,127,3095,12.0,1.0,24.37007874015748,15008,TMA,12.0,1,5.0,-2
BBB,2014B,0,Distinction,144,10261,53.5,3.0,71.25694444444444,15008,TMA,12.0,1,5.0,-1
BBB,2014B,0,Pass,441,26174,31.0,2.0,59.35147392290249,15008,TMA,12.0,1,5.0,-1
BBB,2014B,0,Fail,244,9018,20.0,2.0,36.959016393442624,15008,TMA,12.0,1,5.0,-1
BBB,2014B,0,Withdrawn,136,6065,27.0,2.0,44.595588235294116,15008,TMA,12.0,1,5.0,-1
BBB,2014B,1,Distinction,151,10612,52.0,3.0,70.27814569536424,15008,TMA,12.0,1,5.0,0
BBB,2014B,1,Pass,477,26731,30.0,3.0,56.0398322851153,15008,TMA,12.0,1,5.0,0
BBB,2014B,1,Fail,254,9936,23.0,2.0,39.118110236220474,15008,TMA,12.0,1,5.0,0
BBB,2014B,1,Withdrawn,148,5133,19.0,2.0,34.682432432432435,15008,TMA,12.0,1,5.0,0
BBB,2014B,2,Distinction,151,7472,24.0,3.0,49.48344370860927,15008,TMA,12.0,1,5.0,1
BBB,2014B,2,Pass,431,17496,17.0,2.0,40.593967517401396,15008,TMA,12.0,1,5.0,1
BBB,2014B,2,Fail,232,6165,14.0,2.0,26.573275862068964,15008,TMA,12.0,1,5.0,1
BBB,2014B,2,Withdrawn,105,3150,14.0,2.0,30.0,15008,TMA,12.0,1,5.0,1
BBB,2014B,3,Distinction,146,9789,31.5,3.0,67.04794520547945,15009,TMA,40.0,5,18.0,-2
BBB,2014B,3,Pass,425,23514,25.0,2.0,55.32705882352941,15009,TMA,40.0,5,18.0,-2
BBB,2014B,3,Fail,194,6888,14.0,2.0,35.50515463917526,15009,TMA,40.0,5,18.0,-2
BBB,2014B,3,Withdrawn,92,4287,19.0,2.0,46.59782608695652,15009,TMA,40.0,5,18.0,-2
BBB,2014B,4,Distinction,147,8199,31.0,3.0,55.775510204081634,15009,TMA,40.0,5,18.0,-1
BBB,2014B,4,Pass,412,17584,23.0,2.0,42.679611650485434,15009,TMA,40.0,5,18.0,-1
BBB,2014B,4,Fail,159,4385,18.0,2.0,27.57861635220126,15009,TMA,40.0,5,18.0,-1
BBB,2014B,4,Withdrawn,88,2948,17.5,2.0,33.5,15009,TMA,40.0,5,18.0,-1
BBB,2014B,5,Distinction,155,9582,29.0,3.0,61.81935483870968,15009,TMA,40.0,5,18.0,0
BBB,2014B,5,Pass,489,22216,25.0,3.0,45.43149284253579,15009,TMA,40.0,5,18.0,0
BBB,2014B,5,Fail,216,6236,17.0,2.0,28.87037037037037,15009,TMA,40.0,5,18.0,0
BBB,2014B,5,Withdrawn,101,3404,18.0,2.0,33.7029702970297,15009,TMA,40.0,5,18.0,0
BBB,2014B,6,Distinction,148,6951,24.5,2.0,46.96621621621622,15009,TMA,40.0,5,18.0,1
BBB,2014B,6,Pass,465,18458,23.0,2.0,39.69462365591398,15009,TMA,40.0,5,18.0,1
BBB,2014B,6,Fail,198,5745,17.0,2.0,29.015151515151516,15009,TMA,40.0,5,18.0,1
BBB,2014B,6,Withdrawn,81,2828,22.0,2.0,34.91358024691358,15009,TMA,40.0,5,18.0,1
BBB,2014B,4,Distinction,147,8199,31.0,3.0,55.775510204081634,15015,CMA,47.0,6,1.0,-2
BBB,2014B,4,Pass,412,17584,23.0,2.0,42.679611650485434,15015,CMA,47.0,6,1.0,-2
BBB,2014B,4,Fail,159,4385,18.0,2.0,27.57861635220126,15015,CMA,47.0,6,1.0,-2
BBB,2014B,4,Withdrawn,88,2948,17.5,2.0,33.5,15015,CMA,47.0,6,1.0,-2
BBB,2014B,5,Distinction,155,9582,29.0,3.0,61.81935483870968,15015,CMA,47.0,6,1.0,-1
BBB,2014B,5,Pass,489,22216,25.0,3.0,45.43149284253579,15015,CMA,47.0,6,1.0,-1
BBB,2014B,5,Fail,216,6236,17.0,2.0,28.87037037037037,15015,CMA,47.0,6,1.0,-1
BBB,2014B,5,Withdrawn,101,3404,18.0,2.0,33.7029702970297,15015,CMA,47.0,6,1.0,-1
BBB,2014B,6,Distinction,148,6951,24.5,2.0,46.96621621621622,15015,CMA,47.0,6,1.0,0
BBB,2014B,6,Pass,465,18458,23.0,2.0,39.69462365591398,15015,CMA,47.0,6,1.0,0
BBB,2014B,6,Fail,198,5745,17.0,2.0,29.015151515151516,15015,CMA,47.0,6,1.0,0
BBB,2014B,6,Withdrawn,81,2828,22.0,2.0,34.91358024691358,15015,CMA,47.0,6,1.0,0
BBB,2014B,7,Distinction,131,5475,19.0,2.0,41.79389312977099,15015,CMA,47.0,6,1.0,1
BBB,2014B,7,Pass,418,13873,15.0,2.0,33.188995215311,15015,CMA,47.0,6,1.0,1
BBB,2014B,7,Fail,142,2988,12.5,2.0,21.04225352112676,15015,CMA,47.0,6,1.0,1
BBB,2014B,7,Withdrawn,68,1490,7.5,2.0,21.91176470588235,15015,CMA,47.0,6,1.0,1
BBB,2014B,9,Distinction,121,5141,23.0,2.0,42.48760330578512,15010,TMA,82.0,11,18.0,-2
BBB,2014B,9,Pass,332,10675,15.0,2.0,32.153614457831324,15010,TMA,82.0,11,18.0,-2
BBB,2014B,9,Fail,103,1771,13.0,1.0,17.194174757281555,15010,TMA,82.0,11,18.0,-2
BBB,2014B,9,Withdrawn,45,995,7.0,1.0,22.11111111111111,15010,TMA,82.0,11,18.0,-2
BBB,2014B,10,Distinction,134,5672,29.5,2.0,42.32835820895522,15010,TMA,82.0,11,18.0,-1
BBB,2014B,10,Pass,380,12778,19.0,2.0,33.626315789473686,15010,TMA,82.0,11,18.0,-1
BBB,2014B,10,Fail,128,2517,13.0,1.0,19.6640625,15010,TMA,82.0,11,18.0,-1
BBB,2014B,10,Withdrawn,50,1089,10.0,1.0,21.78,15010,TMA,82.0,11,18.0,-1
BBB,2014B,11,Distinction,158,9145,30.0,3.0,57.879746835443036,15010,TMA,82.0,11,18.0,0
BBB,2014B,11,Pass,498,20727,24.0,2.5,41.62048192771084,15010,TMA,82.0,11,18.0,0
BBB,2014B,11,Fail,198,4801,17.0,2.0,24.247474747474747,15010,TMA,82.0,11,18.0,0
BBB,2014B,11,Withdrawn,60,1741,14.0,2.0,29.016666666666666,15010,TMA,82.0,11,18.0,0
BBB,2014B,12,Distinction,130,4148,16.0,3.0,31.907692307692308,15010,TMA,82.0,11,18.0,1
BBB,2014B,12,Pass,392,10288,11.0,2.0,26.244897959183675,15010,TMA,82.0,11,18.0,1
BBB,2014B,12,Fail,124,1986,8.0,2.0,16.016129032258064,15010,TMA,82.0,11,18.0,1
BBB,2014B,12,Withdrawn,39,902,6.0,1.0,23.128205128205128,15010,TMA,82.0,11,18.0,1
BBB,2014B,9,Distinction,121,5141,23.0,2.0,42.48760330578512,15016,CMA,82.0,11,1.0,-2
BBB,2014B,9,Pass,332,10675,15.0,2.0,32.153614457831324,15016,CMA,82.0,11,1.0,-2
BBB,2014B,9,Fail,103,1771,13.0,1.0,17.194174757281555,15016,CMA,82.0,11,1.0,-2
BBB,2014B,9,Withdrawn,45,995,7.0,1.0,22.11111111111111,15016,CMA,82.0,11,1.0,-2
BBB,2014B,10,Distinction,134,5672,29.5,2.0,42.32835820895522,15016,CMA,82.0,11,1.0,-1
BBB,2014B,10,Pass,380,12778,19.0,2.0,33.626315789473686,15016,CMA,82.0,11,1.0,-1
BBB,2014B,10,Fail,128,2517,13.0,1.0,19.6640625,15016,CMA,82.0,11,1.0,-1
BBB,2014B,10,Withdrawn,50,1089,10.0,1.0,21.78,15016,CMA,82.0,11,1.0,-1
BBB,2014B,11,Distinction,158,9145,30.0,3.0,57.879746835443036,15016,CMA,82.0,11,1.0,0
BBB,2014B,11,Pass,498,20727,24.0,2.5,41.62048192771084,15016,CMA,82.0,11,1.0,0
BBB,2014B,11,Fail,198,4801,17.0,2.0,24.247474747474747,15016,CMA,82.0,11,1.0,0
BBB,2014B,11,Withdrawn,60,1741,14.0,2.0,29.016666666666666,15016,CMA,82.0,11,1.0,0
BBB,2014B,12,Distinction,130,4148,16.0,3.0,31.907692307692308,15016,CMA,82.0,11,1.0,1
BBB,2014B,12,Pass,392,10288,11.0,2.0,26.244897959183675,15016,CMA,82.0,11,1.0,1
BBB,2014B,12,Fail,124,1986,8.0,2.0,16.016129032258064,15016,CMA,82.0,11,1.0,1
BBB,2014B,12,Withdrawn,39,902,6.0,1.0,23.128205128205128,15016,CMA,82.0,11,1.0,1
BBB,2014B,14,Distinction,111,3771,18.0,2.0,33.972972972972975,15011,TMA,117.0,16,18.0,-2
BBB,2014B,14,Pass,336,8339,14.0,2.0,24.81845238095238,15011,TMA,117.0,16,18.0,-2
BBB,2014B,14,Fail,86,1047,8.5,1.0,12.174418604651162,15011,TMA,117.0,16,18.0,-2
BBB,2014B,14,Withdrawn,25,334,9.0,1.0,13.36,15011,TMA,117.0,16,18.0,-2
BBB,2014B,15,Distinction,127,4842,19.0,2.0,38.125984251968504,15011,TMA,117.0,16,18.0,-1
BBB,2014B,15,Pass,362,10464,14.5,2.0,28.906077348066297,15011,TMA,117.0,16,18.0,-1
BBB,2014B,15,Fail,102,1552,10.0,1.0,15.215686274509803,15011,TMA,117.0,16,18.0,-1
BBB,2014B,15,Withdrawn,24,299,9.5,1.0,12.458333333333334,15011,TMA,117.0,16,18.0,-1
BBB,2014B,16,Distinction,155,7720,28.0,3.0,49.806451612903224,15011,TMA,117.0,16,18.0,0
BBB,2014B,16,Pass,482,17858,20.5,2.0,37.04979253112033,15011,TMA,117.0,16,18.0,0
BBB,2014B,16,Fail,148,3405,14.0,2.0,23.006756756756758,15011,TMA,117.0,16,18.0,0
BBB,2014B,16,Withdrawn,29,691,17.0,2.0,23.82758620689655,15011,TMA,117.0,16,18.0,0
BBB,2014B,17,Distinction,134,3713,14.0,2.0,27.708955223880597,15011,TMA,117.0,16,18.0,1
BBB,2014B,17,Pass,343,7343,10.0,2.0,21.408163265306122,15011,TMA,117.0,16,18.0,1
BBB,2014B,17,Fail,79,1184,9.0,1.0,14.987341772151899,15011,TMA,117.0,16,18.0,1
BBB,2014B,17,Withdrawn,16,141,6.5,1.0,8.8125,15011,TMA,117.0,16,18.0,1
BBB,2014B,14,Distinction,111,3771,18.0,2.0,33.972972972972975,15017,CMA,117.0,16,1.0,-2
BBB,2014B,14,Pass,336,8339,14.0,2.0,24.81845238095238,15017,CMA,117.0,16,1.0,-2
BBB,2014B,14,Fail,86,1047,8.5,1.0,12.174418604651162,15017,CMA,117.0,16,1.0,-2
BBB,2014B,14,Withdrawn,25,334,9.0,1.0,13.36,15017,CMA,117.0,16,1.0,-2
BBB,2014B,15,Distinction,127,4842,19.0,2.0,38.125984251968504,15017,CMA,117.0,16,1.0,-1
BBB,2014B,15,Pass,362,10464,14.5,2.0,28.906077348066297,15017,CMA,117.0,16,1.0,-1
BBB,2014B,15,Fail,102,1552,10.0,1.0,15.215686274509803,15017,CMA,117.0,16,1.0,-1
BBB,2014B,15,Withdrawn,24,299,9.5,1.0,12.458333333333334,15017,CMA,117.0,16,1.0,-1
BBB,2014B,16,Distinction,155,7720,28.0,3.0,49.806451612903224,15017,CMA,117.0,16,1.0,0
BBB,2014B,16,Pass,482,17858,20.5,2.0,37.04979253112033,15017,CMA,117.0,16,1.0,0
BBB,2014B,16,Fail,148,3405,14.0,2.0,23.006756756756758,15017,CMA,117.0,16,1.0,0
BBB,2014B,16,Withdrawn,29,691,17.0,2.0,23.82758620689655,15017,CMA,117.0,16,1.0,0
BBB,2014B,17,Distinction,134,3713,14.0,2.0,27.708955223880597,15017,CMA,117.0,16,1.0,1
BBB,2014B,17,Pass,343,7343,10.0,2.0,21.408163265306122,15017,CMA,117.0,16,1.0,1
BBB,2014B,17,Fail,79,1184,9.0,1.0,14.987341772151899,15017,CMA,117.0,16,1.0,1
BBB,2014B,17,Withdrawn,16,141,6.5,1.0,8.8125,15017,CMA,117.0,16,1.0,1
BBB,2014B,19,Distinction,104,3036,14.5,2.0,29.192307692307693,15012,TMA,152.0,21,18.0,-2
BBB,2014B,19,Pass,307,7229,13.0,2.0,23.547231270358306,15012,TMA,152.0,21,18.0,-2
BBB,2014B,19,Fail,63,778,8.0,1.0,12.34920634920635,15012,TMA,152.0,21,18.0,-2
BBB,2014B,19,Withdrawn,14,149,3.5,1.0,10.642857142857142,15012,TMA,152.0,21,18.0,-2
BBB,2014B,20,Distinction,117,3595,21.0,2.0,30.726495726495727,15012,TMA,152.0,21,18.0,-1
BBB,2014B,20,Pass,346,8718,14.0,2.0,25.196531791907514,15012,TMA,152.0,21,18.0,-1
BBB,2014B,20,Fail,65,1019,9.0,1.0,15.676923076923076,15012,TMA,152.0,21,18.0,-1
BBB,2014B,20,Withdrawn,21,252,6.0,1.0,12.0,15012,TMA,152.0,21,18.0,-1
BBB,2014B,21,Distinction,156,8442,36.5,3.0,54.11538461538461,15012,TMA,152.0,21,18.0,0
BBB,2014B,21,Pass,496,20504,28.0,2.0,41.33870967741935,15012,TMA,152.0,21,18.0,0
BBB,2014B,21,Fail,123,3493,17.0,2.0,28.398373983739837,15012,TMA,152.0,21,18.0,0
BBB,2014B,21,Withdrawn,17,542,15.0,1.0,31.88235294117647,15012,TMA,152.0,21,18.0,0
BBB,2014B,22,Distinction,123,4228,17.0,2.0,34.3739837398374,15012,TMA,152.0,21,18.0,1
BBB,2014B,22,Pass,348,9371,13.5,2.0,26.92816091954023,15012,TMA,152.0,21,18.0,1
BBB,2014B,22,Fail,63,1175,10.0,2.0,18.650793650793652,15012,TMA,152.0,21,18.0,1
BBB,2014B,22,Withdrawn,11,179,8.0,1.0,16.272727272727273,15012,TMA,152.0,21,18.0,1
BBB,2014B,19,Distinction,104,3036,14.5,2.0,29.192307692307693,15018,CMA,152.0,21,1.0,-2
BBB,2014B,19,Pass,307,7229,13.0,2.0,23.547231270358306,15018,CMA,152.0,21,1.0,-2
BBB,2014B,19,Fail,63,778,8.0,1.0,12.34920634920635,15018,CMA,152.0,21,1.0,-2
BBB,2014B,19,Withdrawn,14,149,3.5,1.0,10.642857142857142,15018,CMA,152.0,21,1.0,-2
BBB,2014B,20,Distinction,117,3595,21.0,2.0,30.726495726495727,15018,CMA,152.0,21,1.0,-1
BBB,2014B,20,Pass,346,8718,14.0,2.0,25.196531791907514,15018,CMA,152.0,21,1.0,-1
BBB,2014B,20,Fail,65,1019,9.0,1.0,15.676923076923076,15018,CMA,152.0,21,1.0,-1
BBB,2014B,20,Withdrawn,21,252,6.0,1.0,12.0,15018,CMA,152.0,21,1.0,-1
BBB,2014B,21,Distinction,156,8442,36.5,3.0,54.11538461538461,15018,CMA,152.0,21,1.0,0
BBB,2014B,21,Pass,496,20504,28.0,2.0,41.33870967741935,15018,CMA,152.0,21,1.0,0
BBB,2014B,21,Fail,123,3493,17.0,2.0,28.398373983739837,15018,CMA,152.0,21,1.0,0
BBB,2014B,21,Withdrawn,17,542,15.0,1.0,31.88235294117647,15018,CMA,152.0,21,1.0,0
BBB,2014B,22,Distinction,123,4228,17.0,2.0,34.3739837398374,15018,CMA,152.0,21,1.0,1
BBB,2014B,22,Pass,348,9371,13.5,2.0,26.92816091954023,15018,CMA,152.0,21,1.0,1
BBB,2014B,22,Fail,63,1175,10.0,2.0,18.650793650793652,15018,CMA,152.0,21,1.0,1
BBB,2014B,22,Withdrawn,11,179,8.0,1.0,16.272727272727273,15018,CMA,152.0,21,1.0,1
BBB,2014B,25,Distinction,114,3271,20.5,2.0,28.69298245614035,15013,TMA,194.0,27,18.0,-2
BBB,2014B,25,Pass,269,6499,13.0,2.0,24.159851301115243,15013,TMA,194.0,27,18.0,-2
BBB,2014B,25,Fail,41,591,9.0,1.0,14.414634146341463,15013,TMA,194.0,27,18.0,-2
BBB,2014B,25,Withdrawn,4,22,4.5,1.5,5.5,15013,TMA,194.0,27,18.0,-2
BBB,2014B,26,Distinction,120,4017,15.5,2.0,33.475,15013,TMA,194.0,27,18.0,-1
BBB,2014B,26,Pass,335,8662,14.0,2.0,25.856716417910448,15013,TMA,194.0,27,18.0,-1
BBB,2014B,26,Fail,51,800,10.0,1.0,15.686274509803921,15013,TMA,194.0,27,18.0,-1
BBB,2014B,26,Withdrawn,7,30,3.0,1.0,4.285714285714286,15013,TMA,194.0,27,18.0,-1
BBB,2014B,27,Distinction,149,8333,32.0,3.0,55.92617449664429,15013,TMA,194.0,27,18.0,0
BBB,2014B,27,Pass,486,18765,26.0,2.0,38.611111111111114,15013,TMA,194.0,27,18.0,0
BBB,2014B,27,Fail,101,2613,17.0,2.0,25.871287128712872,15013,TMA,194.0,27,18.0,0
BBB,2014B,27,Withdrawn,7,239,10.0,1.0,34.142857142857146,15013,TMA,194.0,27,18.0,0
BBB,2014B,28,Distinction,121,5347,21.0,2.0,44.1900826446281,15013,TMA,194.0,27,18.0,1
BBB,2014B,28,Pass,330,9582,14.0,2.0,29.036363636363635,15013,TMA,194.0,27,18.0,1
BBB,2014B,28,Fail,52,729,6.0,1.0,14.01923076923077,15013,TMA,194.0,27,18.0,1
BBB,2014B,28,Withdrawn,7,117,3.0,1.0,16.714285714285715,15013,TMA,194.0,27,18.0,1
BBB,2014B,25,Distinction,114,3271,20.5,2.0,28.69298245614035,15019,CMA,194.0,27,1.0,-2
BBB,2014B,25,Pass,269,6499,13.0,2.0,24.159851301115243,15019,CMA,194.0,27,1.0,-2
BBB,2014B,25,Fail,41,591,9.0,1.0,14.414634146341463,15019,CMA,194.0,27,1.0,-2
BBB,2014B,25,Withdrawn,4,22,4.5,1.5,5.5,15019,CMA,194.0,27,1.0,-2
BBB,2014B,26,Distinction,120,4017,15.5,2.0,33.475,15019,CMA,194.0,27,1.0,-1
BBB,2014B,26,Pass,335,8662,14.0,2.0,25.856716417910448,15019,CMA,194.0,27,1.0,-1
BBB,2014B,26,Fail,51,800,10.0,1.0,15.686274509803921,15019,CMA,194.0,27,1.0,-1
BBB,2014B,26,Withdrawn,7,30,3.0,1.0,4.285714285714286,15019,CMA,194.0,27,1.0,-1
BBB,2014B,27,Distinction,149,8333,32.0,3.0,55.92617449664429,15019,CMA,194.0,27,1.0,0
BBB,2014B,27,Pass,486,18765,26.0,2.0,38.611111111111114,15019,CMA,194.0,27,1.0,0
BBB,2014B,27,Fail,101,2613,17.0,2.0,25.871287128712872,15019,CMA,194.0,27,1.0,0
BBB,2014B,27,Withdrawn,7,239,10.0,1.0,34.142857142857146,15019,CMA,194.0,27,1.0,0
BBB,2014B,28,Distinction,121,5347,21.0,2.0,44.1900826446281,15019,CMA,194.0,27,1.0,1
BBB,2014B,28,Pass,330,9582,14.0,2.0,29.036363636363635,15019,CMA,194.0,27,1.0,1
BBB,2014B,28,Fail,52,729,6.0,1.0,14.01923076923077,15019,CMA,194.0,27,1.0,1
BBB,2014B,28,Withdrawn,7,117,3.0,1.0,16.714285714285715,15019,CMA,194.0,27,1.0,1
BBB,2014J,0,Distinction,152,10109,39.5,2.0,66.50657894736842,15020,TMA,19.0,2,0.0,-2
BBB,2014J,0,Pass,771,40104,33.0,2.0,52.01556420233463,15020,TMA,19.0,2,0.0,-2
BBB,2014J,0,Fail,274,11465,25.0,2.0,41.84306569343066,15020,TMA,19.0,2,0.0,-2
BBB,2014J,0,Withdrawn,279,10862,26.0,2.0,38.93189964157706,15020,TMA,19.0,2,0.0,-2
BBB,2014J,1,Distinction,158,8377,33.5,2.0,53.01898734177215,15020,TMA,19.0,2,0.0,-1
BBB,2014J,1,Pass,757,31210,26.0,2.0,41.22853368560106,15020,TMA,19.0,2,0.0,-1
BBB,2014J,1,Fail,245,8523,20.0,2.0,34.78775510204082,15020,TMA,19.0,2,0.0,-1
BBB,2014J,1,Withdrawn,232,7284,19.5,2.0,31.396551724137932,15020,TMA,19.0,2,0.0,-1
BBB,2014J,2,Distinction,161,7125,29.0,2.0,44.254658385093165,15020,TMA,19.0,2,0.0,0
BBB,2014J,2,Pass,841,33250,26.0,2.0,39.536266349583826,15020,TMA,19.0,2,0.0,0
BBB,2014J,2,Fail,285,9110,18.0,2.0,31.964912280701753,15020,TMA,19.0,2,0.0,0
BBB,2014J,2,Withdrawn,247,6876,17.0,2.0,27.838056680161944,15020,TMA,19.0,2,0.0,0
BBB,2014J,3,Distinction,152,6203,31.5,2.0,40.80921052631579,15020,TMA,19.0,2,0.0,1
BBB,2014J,3,Pass,745,25484,20.0,2.0,34.20671140939597,15020,TMA,19.0,2,0.0,1
BBB,2014J,3,Fail,228,6478,14.5,2.0,28.412280701754387,15020,TMA,19.0,2,0.0,1
BBB,2014J,3,Withdrawn,204,4845,13.5,2.0,23.75,15020,TMA,19.0,2,0.0,1
BBB,2014J,5,Distinction,148,9415,43.5,2.0,63.61486486486486,15021,TMA,54.0,7,10.0,-2
BBB,2014J,5,Pass,711,38713,39.0,2.0,54.44866385372715,15021,TMA,54.0,7,10.0,-2
BBB,2014J,5,Fail,189,8135,23.0,2.0,43.042328042328045,15021,TMA,54.0,7,10.0,-2
BBB,2014J,5,Withdrawn,140,4475,17.5,1.0,31.964285714285715,15021,TMA,54.0,7,10.0,-2
BBB,2014J,6,Distinction,152,7278,39.0,2.0,47.88157894736842,15021,TMA,54.0,7,10.0,-1
BBB,2014J,6,Pass,715,35283,36.0,2.0,49.34685314685315,15021,TMA,54.0,7,10.0,-1
BBB,2014J,6,Fail,170,5980,21.0,1.0,35.1764705882353,15021,TMA,54.0,7,10.0,-1
BBB,2014J,6,Withdrawn,133,5009,19.0,1.0,37.661654135338345,15021,TMA,54.0,7,10.0,-1
BBB,2014J,7,Distinction,162,6124,26.0,3.0,37.80246913580247,15021,TMA,54.0,7,10.0,0
BBB,2014J,7,Pass,822,26639,19.0,2.0,32.407542579075425,15021,TMA,54.0,7,10.0,0
BBB,2014J,7,Fail,195,5302,17.0,2.0,27.18974358974359,15021,TMA,54.0,7,10.0,0
BBB,2014J,7,Withdrawn,144,4047,18.5,2.0,28.104166666666668,15021,TMA,54.0,7,10.0,0
BBB,2014J,8,Distinction,149,4322,21.0,2.0,29.006711409395972,15021,TMA,54.0,7,10.0,1
BBB,2014J,8,Pass,639,17156,15.0,2.0,26.848200312989047,15021,TMA,54.0,7,10.0,1
BBB,2014J,8,Fail,141,2680,11.0,2.0,19.00709219858156,15021,TMA,54.0,7,10.0,1
BBB,2014J,8,Withdrawn,92,1533,8.0,1.0,16.66304347826087,15021,TMA,54.0,7,10.0,1
BBB,2014J,13,Distinction,154,11111,34.0,2.0,72.14935064935065,15022,TMA,110.0,15,20.0,-2
BBB,2014J,13,Pass,670,49349,31.0,2.0,73.65522388059702,15022,TMA,110.0,15,20.0,-2
BBB,2014J,13,Fail,133,5109,12.0,2.0,38.41353383458647,15022,TMA,110.0,15,20.0,-2
BBB,2014J,13,Withdrawn,78,3127,15.0,2.0,40.08974358974359,15022,TMA,110.0,15,20.0,-2
BBB,2014J,14,Distinction,156,8356,33.0,2.0,53.56410256410256,15022,TMA,110.0,15,20.0,-1
BBB,2014J,14,Pass,705,37401,28.0,2.0,53.05106382978723,15022,TMA,110.0,15,20.0,-1
BBB,2014J,14,Fail,135,4612,14.0,1.0,34.162962962962965,15022,TMA,110.0,15,20.0,-1
BBB,2014J,14,Withdrawn,70,2403,12.5,1.0,34.32857142857143,15022,TMA,110.0,15,20.0,-1
BBB,2014J,15,Distinction,171,11219,47.0,3.0,65.60818713450293,15022,TMA,110.0,15,20.0,0
BBB,2014J,15,Pass,835,39966,29.0,2.0,47.863473053892214,15022,TMA,110.0,15,20.0,0
BBB,2014J,15,Fail,170,5515,17.0,2.0,32.44117647058823,15022,TMA,110.0,15,20.0,0
BBB,2014J,15,Withdrawn,90,3063,16.5,2.0,34.03333333333333,15022,TMA,110.0,15,20.0,0
BBB,2014J,16,Distinction,152,8753,39.5,3.0,57.58552631578947,15022,TMA,110.0,15,20.0,1
BBB,2014J,16,Pass,665,35924,29.0,2.0,54.02105263157895,15022,TMA,110.0,15,20.0,1
BBB,2014J,16,Fail,105,2645,13.0,2.0,25.19047619047619,15022,TMA,110.0,15,20.0,1
BBB,2014J,16,Withdrawn,58,1600,14.0,1.0,27.586206896551722,15022,TMA,110.0,15,20.0,1
BBB,2014J,19,Distinction,142,8627,48.0,2.0,60.75352112676056,15023,TMA,152.0,21,35.0,-2
BBB,2014J,19,Pass,663,39638,42.0,2.0,59.78582202111614,15023,TMA,152.0,21,35.0,-2
BBB,2014J,19,Fail,89,3343,21.0,2.0,37.561797752808985,15023,TMA,152.0,21,35.0,-2
BBB,2014J,19,Withdrawn,40,1794,22.5,1.0,44.85,15023,TMA,152.0,21,35.0,-2
BBB,2014J,20,Distinction,154,9769,51.0,2.0,63.435064935064936,15023,TMA,152.0,21,35.0,-1
BBB,2014J,20,Pass,712,39375,43.0,2.0,55.30196629213483,15023,TMA,152.0,21,35.0,-1
BBB,2014J,20,Fail,106,3916,21.0,1.0,36.943396226415096,15023,TMA,152.0,21,35.0,-1
BBB,2014J,20,Withdrawn,45,1881,10.0,1.0,41.8,15023,TMA,152.0,21,35.0,-1
BBB,2014J,21,Distinction,167,12117,51.0,3.0,72.55688622754491,15023,TMA,152.0,21,35.0,0
BBB,2014J,21,Pass,833,51491,44.0,3.0,61.81392557022809,15023,TMA,152.0,21,35.0,0
BBB,2014J,21,Fail,124,4428,25.0,2.0,35.70967741935484,15023,TMA,152.0,21,35.0,0
BBB,2014J,21,Withdrawn,50,1782,16.0,1.0,35.64,15023,TMA,152.0,21,35.0,0
BBB,2014J,22,Distinction,148,7830,38.0,2.0,52.9054054054054,15023,TMA,152.0,21,35.0,1
BBB,2014J,22,Pass,626,26662,25.0,2.0,42.59105431309904,15023,TMA,152.0,21,35.0,1
BBB,2014J,22,Fail,83,2847,13.0,2.0,34.30120481927711,15023,TMA,152.0,21,35.0,1
BBB,2014J,22,Withdrawn,19,451,11.0,2.0,23.736842105263158,15023,TMA,152.0,21,35.0,1
BBB,2014J,26,Distinction,137,7483,32.0,2.0,54.62043795620438,15024,TMA,201.0,28,35.0,-2
BBB,2014J,26,Pass,597,29121,30.0,2.0,48.778894472361806,15024,TMA,201.0,28,35.0,-2
BBB,2014J,26,Fail,57,1768,14.0,1.0,31.017543859649123,15024,TMA,201.0,28,35.0,-2
BBB,2014J,26,Withdrawn,9,249,6.0,1.0,27.666666666666668,15024,TMA,201.0,28,35.0,-2
BBB,2014J,27,Distinction,155,7451,34.0,2.0,48.07096774193548,15024,TMA,201.0,28,35.0,-1
BBB,2014J,27,Pass,658,32382,34.0,2.0,49.212765957446805,15024,TMA,201.0,28,35.0,-1
BBB,2014J,27,Fail,64,1760,17.0,1.0,27.5,15024,TMA,201.0,28,35.0,-1
BBB,2014J,27,Withdrawn,10,129,15.5,1.0,12.9,15024,TMA,201.0,28,35.0,-1
BBB,2014J,28,Distinction,173,11469,45.0,3.0,66.29479768786128,15024,TMA,201.0,28,35.0,0
BBB,2014J,28,Pass,802,46574,40.0,2.0,58.072319201995015,15024,TMA,201.0,28,35.0,0
BBB,2014J,28,Fail,85,3134,23.0,2.0,36.870588235294115,15024,TMA,201.0,28,35.0,0
BBB,2014J,28,Withdrawn,16,714,32.0,2.0,44.625,15024,TMA,201.0,28,35.0,0
BBB,2014J,29,Distinction,134,6003,22.5,2.0,44.798507462686565,15024,TMA,201.0,28,35.0,1
BBB,2014J,29,Pass,528,20869,19.0,2.0,39.52462121212121,15024,TMA,201.0,28,35.0,1
BBB,2014J,29,Fail,48,1149,9.5,1.0,23.9375,15024,TMA,201.0,28,35.0,1
BBB,2014J,29,Withdrawn,4,28,6.0,1.5,7.0,15024,TMA,201.0,28,35.0,1
CCC,2014B,0,Distinction,178,24773,95.5,4.0,139.17415730337078,24286,CMA,18.0,2,2.0,-2
CCC,2014B,0,Pass,425,34639,43.0,3.0,81.5035294117647,24286,CMA,18.0,2,2.0,-2
CCC,2014B,0,Fail,279,13544,20.0,2.0,48.54480286738351,24286,CMA,18.0,2,2.0,-2
CCC,2014B,0,Withdrawn,505,28020,23.0,2.0,55.48514851485149,24286,CMA,18.0,2,2.0,-2
CCC,2014B,1,Distinction,187,21187,65.0,4.0,113.29946524064171,24286,CMA,18.0,2,2.0,-1
CCC,2014B,1,Pass,426,38755,51.0,3.0,90.97417840375587,24286,CMA,18.0,2,2.0,-1
CCC,2014B,1,Fail,260,13246,30.5,2.0,50.94615384615385,24286,CMA,18.0,2,2.0,-1
CCC,2014B,1,Withdrawn,485,30055,28.0,2.0,61.96907216494845,24286,CMA,18.0,2,2.0,-1
CCC,2014B,2,Distinction,183,23555,96.0,4.0,128.71584699453553,24286,CMA,18.0,2,2.0,0
CCC,2014B,2,Pass,447,55742,94.0,4.0,124.70246085011186,24286,CMA,18.0,2,2.0,0
CCC,2014B,2,Fail,314,31767,81.0,3.0,101.1687898089172,24286,CMA,18.0,2,2.0,0
CCC,2014B,2,Withdrawn,520,56112,81.0,3.0,107.9076923076923,24286,CMA,18.0,2,2.0,0
CCC,2014B,3,Distinction,179,13029,42.0,4.0,72.7877094972067,24286,CMA,18.0,2,2.0,1
CCC,2014B,3,Pass,412,22794,27.0,3.0,55.3252427184466,24286,CMA,18.0,2,2.0,1
CCC,2014B,3,Fail,233,7487,13.0,2.0,32.13304721030043,24286,CMA,18.0,2,2.0,1
CCC,2014B,3,Withdrawn,378,13255,14.0,2.0,35.06613756613756,24286,CMA,18.0,2,2.0,1
CCC,2014B,2,Distinction,183,23555,96.0,4.0,128.71584699453553,24282,TMA,32.0,4,9.0,-2
CCC,2014B,2,Pass,447,55742,94.0,4.0,124.70246085011186,24282,TMA,32.0,4,9.0,-2
CCC,2014B,2,Fail,314,31767,81.0,3.0,101.1687898089172,24282,TMA,32.0,4,9.0,-2
CCC,2014B,2,Withdrawn,520,56112,81.0,3.0,107.9076923076923,24282,TMA,32.0,4,9.0,-2
CCC,2014B,3,Distinction,179,13029,42.0,4.0,72.7877094972067,24282,TMA,32.0,4,9.0,-1
CCC,2014B,3,Pass,412,22794,27.0,3.0,55.3252427184466,24282,TMA,32.0,4,9.0,-1
CCC,2014B,3,Fail,233,7487,13.0,2.0,32.13304721030043,24282,TMA,32.0,4,9.0,-1
CCC,2014B,3,Withdrawn,378,13255,14.0,2.0,35.06613756613756,24282,TMA,32.0,4,9.0,-1
CCC,2014B,4,Distinction,189,14801,51.0,4.0,78.31216931216932,24282,TMA,32.0,4,9.0,0
CCC,2014B,4,Pass,449,28102,34.0,4.0,62.58797327394209,24282,TMA,32.0,4,9.0,0
CCC,2014B,4,Fail,272,13997,29.0,3.0,51.45955882352941,24282,TMA,32.0,4,9.0,0
CCC,2014B,4,Withdrawn,373,16009,24.0,3.0,42.919571045576404,24282,TMA,32.0,4,9.0,0
CCC,2014B,5,Distinction,182,9844,27.5,3.0,54.08791208791209,24282,TMA,32.0,4,9.0,1
CCC,2014B,5,Pass,416,18306,19.0,3.0,44.00480769230769,24282,TMA,32.0,4,9.0,1
CCC,2014B,5,Fail,203,4856,10.0,2.0,23.92118226600985,24282,TMA,32.0,4,9.0,1
CCC,2014B,5,Withdrawn,266,7380,10.5,2.0,27.74436090225564,24282,TMA,32.0,4,9.0,1
CCC,2014B,7,Distinction,163,10432,29.0,3.0,64.0,24287,CMA,67.0,9,7.0,-2
CCC,2014B,7,Pass,396,18874,18.5,2.0,47.66161616161616,24287,CMA,67.0,9,7.0,-2
CCC,2014B,7,Fail,164,5158,9.0,2.0,31.451219512195124,24287,CMA,67.0,9,7.0,-2
CCC,2014B,7,Withdrawn,196,5505,9.0,2.0,28.086734693877553,24287,CMA,67.0,9,7.0,-2
CCC,2014B,8,Distinction,175,13026,55.0,3.0,74.43428571428572,24287,CMA,67.0,9,7.0,-1
CCC,2014B,8,Pass,388,24674,36.0,2.0,63.59278350515464,24287,CMA,67.0,9,7.0,-1
CCC,2014B,8,Fail,166,7180,10.5,1.0,43.25301204819277,24287,CMA,67.0,9,7.0,-1
CCC,2014B,8,Withdrawn,189,7246,14.0,1.0,38.33862433862434,24287,CMA,67.0,9,7.0,-1
CCC,2014B,9,Distinction,183,20792,93.0,4.0,113.61748633879782,24287,CMA,67.0,9,7.0,0
CCC,2014B,9,Pass,448,54871,97.5,3.0,122.47991071428571,24287,CMA,67.0,9,7.0,0
CCC,2014B,9,Fail,206,20021,79.0,2.5,97.18932038834951,24287,CMA,67.0,9,7.0,0
CCC,2014B,9,Withdrawn,229,21931,75.0,3.0,95.76855895196506,24287,CMA,67.0,9,7.0,0
CCC,2014B,10,Distinction,161,6601,18.0,2.0,41.0,24287,CMA,67.0,9,7.0,1
CCC,2014B,10,Pass,325,9893,10.0,2.0,30.44,24287,CMA,67.0,9,7.0,1
CCC,2014B,10,Fail,120,1678,5.0,1.0,13.983333333333333,24287,CMA,67.0,9,7.0,1
CCC,2014B,10,Withdrawn,133,2151,5.0,1.0,16.172932330827066,24287,CMA,67.0,9,7.0,1
CCC,2014B,12,Distinction,168,7491,20.0,2.0,44.589285714285715,24283,TMA,102.0,14,22.0,-2
CCC,2014B,12,Pass,368,11020,12.0,2.0,29.945652173913043,24283,TMA,102.0,14,22.0,-2
CCC,2014B,12,Fail,127,2680,6.0,1.0,21.10236220472441,24283,TMA,102.0,14,22.0,-2
CCC,2014B,12,Withdrawn,106,1745,9.0,2.0,16.462264150943398,24283,TMA,102.0,14,22.0,-2
CCC,2014B,13,Distinction,169,10423,29.0,3.0,61.67455621301775,24283,TMA,102.0,14,22.0,-1
CCC,2014B,13,Pass,380,17006,20.0,2.0,44.752631578947366,24283,TMA,102.0,14,22.0,-1
CCC,2014B,13,Fail,132,3199,10.5,1.0,24.234848484848484,24283,TMA,102.0,14,22.0,-1
CCC,2014B,13,Withdrawn,133,3692,9.0,2.0,27.7593984962406,24283,TMA,102.0,14,22.0,-1
CCC,2014B,14,Distinction,181,11762,37.0,4.0,64.98342541436465,24283,TMA,102.0,14,22.0,0
CCC,2014B,14,Pass,440,26673,34.0,3.0,60.62045454545454,24283,TMA,102.0,14,22.0,0
CCC,2014B,14,Fail,175,7830,19.0,2.0,44.74285714285714,24283,TMA,102.0,14,22.0,0
CCC,2014B,14,Withdrawn,153,6859,21.0,2.0,44.830065359477125,24283,TMA,102.0,14,22.0,0
CCC,2014B,15,Distinction,168,9407,30.5,3.0,55.99404761904762,24283,TMA,102.0,14,22.0,1
CCC,2014B,15,Pass,371,16360,16.0,3.0,44.097035040431265,24283,TMA,102.0,14,22.0,1
CCC,2014B,15,Fail,128,2250,7.0,2.0,17.578125,24283,TMA,102.0,14,22.0,1
CCC,2014B,15,Withdrawn,100,2840,10.5,2.0,28.4,24283,TMA,102.0,14,22.0,1
CCC,2014B,17,Distinction,166,10099,30.0,3.0,60.83734939759036,24288,CMA,137.0,19,8.0,-2
CCC,2014B,17,Pass,362,18852,19.0,2.0,52.07734806629834,24288,CMA,137.0,19,8.0,-2
CCC,2014B,17,Fail,99,3070,9.0,1.0,31.01010101010101,24288,CMA,137.0,19,8.0,-2
CCC,2014B,17,Withdrawn,75,2514,8.0,1.0,33.52,24288,CMA,137.0,19,8.0,-2
CCC,2014B,18,Distinction,169,12256,43.0,3.0,72.52071005917159,24288,CMA,137.0,19,8.0,-1
CCC,2014B,18,Pass,388,24611,36.0,2.0,63.43041237113402,24288,CMA,137.0,19,8.0,-1
CCC,2014B,18,Fail,107,4196,16.0,1.0,39.21495327102804,24288,CMA,137.0,19,8.0,-1
CCC,2014B,18,Withdrawn,79,2689,10.0,2.0,34.037974683544306,24288,CMA,137.0,19,8.0,-1
CCC,2014B,19,Distinction,191,26284,102.0,4.0,137.61256544502618,24288,CMA,137.0,19,8.0,0
CCC,2014B,19,Pass,449,63234,107.0,3.0,140.83296213808464,24288,CMA,137.0,19,8.0,0
CCC,2014B,19,Fail,149,16740,91.0,2.0,112.3489932885906,24288,CMA,137.0,19,8.0,0
CCC,2014B,19,Withdrawn,90,8874,74.5,2.0,98.6,24288,CMA,137.0,19,8.0,0
CCC,2014B,20,Distinction,171,6739,20.0,3.0,39.409356725146196,24288,CMA,137.0,19,8.0,1
CCC,2014B,20,Pass,375,15226,19.0,2.0,40.602666666666664,24288,CMA,137.0,19,8.0,1
CCC,2014B,20,Fail,100,2585,9.5,2.0,25.85,24288,CMA,137.0,19,8.0,1
CCC,2014B,20,Withdrawn,60,1734,8.0,1.0,28.9,24288,CMA,137.0,19,8.0,1
CCC,2014B,19,Distinction,191,26284,102.0,4.0,137.61256544502618,24284,TMA,151.0,21,22.0,-2
CCC,2014B,19,Pass,449,63234,107.0,3.0,140.83296213808464,24284,TMA,151.0,21,22.0,-2
CCC,2014B,19,Fail,149,16740,91.0,2.0,112.3489932885906,24284,TMA,151.0,21,22.0,-2
CCC,2014B,19,Withdrawn,90,8874,74.5,2.0,98.6,24284,TMA,151.0,21,22.0,-2
CCC,2014B,20,Distinction,171,6739,20.0,3.0,39.409356725146196,24284,TMA,151.0,21,22.0,-1
CCC,2014B,20,Pass,375,15226,19.0,2.0,40.602666666666664,24284,TMA,151.0,21,22.0,-1
CCC,2014B,20,Fail,100,2585,9.5,2.0,25.85,24284,TMA,151.0,21,22.0,-1
CCC,2014B,20,Withdrawn,60,1734,8.0,1.0,28.9,24284,TMA,151.0,21,22.0,-1
CCC,2014B,21,Distinction,179,8477,27.0,3.0,47.357541899441344,24284,TMA,151.0,21,22.0,0
CCC,2014B,21,Pass,417,16016,21.0,3.0,38.407673860911274,24284,TMA,151.0,21,22.0,0
CCC,2014B,21,Fail,117,4601,14.0,2.0,39.324786324786324,24284,TMA,151.0,21,22.0,0
CCC,2014B,21,Withdrawn,56,2530,12.5,2.0,45.17857142857143,24284,TMA,151.0,21,22.0,0
CCC,2014B,22,Distinction,158,8132,23.0,3.0,51.46835443037975,24284,TMA,151.0,21,22.0,1
CCC,2014B,22,Pass,375,13053,15.0,2.0,34.808,24284,TMA,151.0,21,22.0,1
CCC,2014B,22,Fail,84,1383,7.5,1.0,16.464285714285715,24284,TMA,151.0,21,22.0,1
CCC,2014B,22,Withdrawn,42,1154,3.5,2.0,27.476190476190474,24284,TMA,151.0,21,22.0,1
CCC,2014B,26,Distinction,144,7546,25.5,2.0,52.40277777777778,24285,TMA,200.0,28,22.0,-2
CCC,2014B,26,Pass,313,13469,17.0,2.0,43.031948881789134,24285,TMA,200.0,28,22.0,-2
CCC,2014B,26,Fail,68,1572,9.5,1.0,23.11764705882353,24285,TMA,200.0,28,22.0,-2
CCC,2014B,26,Withdrawn,18,362,8.5,1.0,20.11111111111111,24285,TMA,200.0,28,22.0,-2
CCC,2014B,27,Distinction,169,11875,29.0,3.0,70.26627218934911,24285,TMA,200.0,28,22.0,-1
CCC,2014B,27,Pass,360,20258,23.5,2.0,56.272222222222226,24285,TMA,200.0,28,22.0,-1
CCC,2014B,27,Fail,79,3400,16.0,2.0,43.037974683544306,24285,TMA,200.0,28,22.0,-1
CCC,2014B,27,Withdrawn,15,422,10.0,1.0,28.133333333333333,24285,TMA,200.0,28,22.0,-1
CCC,2014B,28,Distinction,184,20302,63.5,4.0,110.33695652173913,24285,TMA,200.0,28,22.0,0
CCC,2014B,28,Pass,413,36456,48.0,3.0,88.27118644067797,24285,TMA,200.0,28,22.0,0
CCC,2014B,28,Fail,92,5032,31.0,3.0,54.69565217391305,24285,TMA,200.0,28,22.0,0
CCC,2014B,28,Withdrawn,27,1328,18.0,2.0,49.18518518518518,24285,TMA,200.0,28,22.0,0
CCC,2014B,29,Distinction,182,24596,84.0,4.0,135.14285714285714,24285,TMA,200.0,28,22.0,1
CCC,2014B,29,Pass,429,52418,87.0,3.0,122.18648018648018,24285,TMA,200.0,28,22.0,1
CCC,2014B,29,Fail,92,8936,76.5,2.0,97.1304347826087,24285,TMA,200.0,28,22.0,1
CCC,2014B,29,Withdrawn,18,1813,51.0,2.0,100.72222222222223,24285,TMA,200.0,28,22.0,1
CCC,2014B,27,Distinction,169,11875,29.0,3.0,70.26627218934911,24289,CMA,207.0,29,8.0,-2
CCC,2014B,27,Pass,360,20258,23.5,2.0,56.272222222222226,24289,CMA,207.0,29,8.0,-2
CCC,2014B,27,Fail,79,3400,16.0,2.0,43.037974683544306,24289,CMA,207.0,29,8.0,-2
CCC,2014B,27,Withdrawn,15,422,10.0,1.0,28.133333333333333,24289,CMA,207.0,29,8.0,-2
CCC,2014B,28,Distinction,184,20302,63.5,4.0,110.33695652173913,24289,CMA,207.0,29,8.0,-1
CCC,2014B,28,Pass,413,36456,48.0,3.0,88.27118644067797,24289,CMA,207.0,29,8.0,-1
CCC,2014B,28,Fail,92,5032,31.0,3.0,54.69565217391305,24289,CMA,207.0,29,8.0,-1
CCC,2014B,28,Withdrawn,27,1328,18.0,2.0,49.18518518518518,24289,CMA,207.0,29,8.0,-1
CCC,2014B,29,Distinction,182,24596,84.0,4.0,135.14285714285714,24289,CMA,207.0,29,8.0,0
CCC,2014B,29,Pass,429,52418,87.0,3.0,122.18648018648018,24289,CMA,207.0,29,8.0,0
CCC,2014B,29,Fail,92,8936,76.5,2.0,97.1304347826087,24289,CMA,207.0,29,8.0,0
CCC,2014B,29,Withdrawn,18,1813,51.0,2.0,100.72222222222223,24289,CMA,207.0,29,8.0,0
CCC,2014B,30,Distinction,165,18017,32.0,3.0,109.19393939393939,24289,CMA,207.0,29,8.0,1
CCC,2014B,30,Pass,327,26799,17.0,2.0,81.95412844036697,24289,CMA,207.0,29,8.0,1
CCC,2014B,30,Fail,53,1152,8.0,1.0,21.735849056603772,24289,CMA,207.0,29,8.0,1
CCC,2014B,30,Withdrawn,19,469,7.0,2.0,24.68421052631579,24289,CMA,207.0,29,8.0,1
CCC,2014J,0,Distinction,282,37307,93.5,4.0,132.29432624113474,24295,CMA,18.0,2,2.0,-2
CCC,2014J,0,Pass,607,49476,38.0,3.0,81.50906095551895,24295,CMA,18.0,2,2.0,-2
CCC,2014J,0,Fail,298,13221,21.0,2.0,44.36577181208054,24295,CMA,18.0,2,2.0,-2
CCC,2014J,0,Withdrawn,614,31187,22.0,2.0,50.79315960912052,24295,CMA,18.0,2,2.0,-2
CCC,2014J,1,Distinction,290,34727,90.0,4.0,119.74827586206897,24295,CMA,18.0,2,2.0,-1
CCC,2014J,1,Pass,615,57236,59.0,3.0,93.06666666666666,24295,CMA,18.0,2,2.0,-1
CCC,2014J,1,Fail,298,20411,34.5,2.0,68.49328859060402,24295,CMA,18.0,2,2.0,-1
CCC,2014J,1,Withdrawn,603,38233,33.0,2.0,63.40464344941957,24295,CMA,18.0,2,2.0,-1
CCC,2014J,2,Distinction,290,33263,81.5,4.0,114.7,24295,CMA,18.0,2,2.0,0
CCC,2014J,2,Pass,681,79982,91.0,3.0,117.44787077826726,24295,CMA,18.0,2,2.0,0
CCC,2014J,2,Fail,356,38317,77.0,3.0,107.63202247191012,24295,CMA,18.0,2,2.0,0
CCC,2014J,2,Withdrawn,656,67112,82.5,3.0,102.3048780487805,24295,CMA,18.0,2,2.0,0
CCC,2014J,3,Distinction,287,25553,40.0,3.0,89.03484320557492,24295,CMA,18.0,2,2.0,1
CCC,2014J,3,Pass,616,34812,25.0,3.0,56.51298701298701,24295,CMA,18.0,2,2.0,1
CCC,2014J,3,Fail,279,9928,16.0,2.0,35.584229390681,24295,CMA,18.0,2,2.0,1
CCC,2014J,3,Withdrawn,491,16779,16.0,2.0,34.17311608961303,24295,CMA,18.0,2,2.0,1
CCC,2014J,2,Distinction,290,33263,81.5,4.0,114.7,24291,TMA,32.0,4,9.0,-2
CCC,2014J,2,Pass,681,79982,91.0,3.0,117.44787077826726,24291,TMA,32.0,4,9.0,-2
CCC,2014J,2,Fail,356,38317,77.0,3.0,107.63202247191012,24291,TMA,32.0,4,9.0,-2
CCC,2014J,2,Withdrawn,656,67112,82.5,3.0,102.3048780487805,24291,TMA,32.0,4,9.0,-2
CCC,2014J,3,Distinction,287,25553,40.0,3.0,89.03484320557492,24291,TMA,32.0,4,9.0,-1
CCC,2014J,3,Pass,616,34812,25.0,3.0,56.51298701298701,24291,TMA,32.0,4,9.0,-1
CCC,2014J,3,Fail,279,9928,16.0,2.0,35.584229390681,24291,TMA,32.0,4,9.0,-1
CCC,2014J,3,Withdrawn,491,16779,16.0,2.0,34.17311608961303,24291,TMA,32.0,4,9.0,-1
CCC,2014J,4,Distinction,298,24510,43.0,3.0,82.24832214765101,24291,TMA,32.0,4,9.0,0
CCC,2014J,4,Pass,672,38234,33.0,3.0,56.895833333333336,24291,TMA,32.0,4,9.0,0
CCC,2014J,4,Fail,350,14873,26.0,3.0,42.494285714285716,24291,TMA,32.0,4,9.0,0
CCC,2014J,4,Withdrawn,509,20311,22.0,3.0,39.90373280943025,24291,TMA,32.0,4,9.0,0
CCC,2014J,5,Distinction,272,19046,34.0,3.0,70.0220588235294,24291,TMA,32.0,4,9.0,1
CCC,2014J,5,Pass,582,24940,19.0,3.0,42.85223367697594,24291,TMA,32.0,4,9.0,1
CCC,2014J,5,Fail,253,7260,11.0,2.0,28.695652173913043,24291,TMA,32.0,4,9.0,1
CCC,2014J,5,Withdrawn,377,8807,9.0,2.0,23.360742705570292,24291,TMA,32.0,4,9.0,1
CCC,2014J,7,Distinction,266,19075,42.0,3.0,71.71052631578948,24296,CMA,67.0,9,7.0,-2
CCC,2014J,7,Pass,539,26458,18.0,2.0,49.08719851576994,24296,CMA,67.0,9,7.0,-2
CCC,2014J,7,Fail,197,5363,8.0,2.0,27.223350253807105,24296,CMA,67.0,9,7.0,-2
CCC,2014J,7,Withdrawn,265,7647,11.0,2.0,28.856603773584904,24296,CMA,67.0,9,7.0,-2
CCC,2014J,8,Distinction,274,21000,49.5,3.0,76.64233576642336,24296,CMA,67.0,9,7.0,-1
CCC,2014J,8,Pass,592,35007,30.0,2.0,59.133445945945944,24296,CMA,67.0,9,7.0,-1
CCC,2014J,8,Fail,216,10134,22.0,2.0,46.916666666666664,24296,CMA,67.0,9,7.0,-1
CCC,2014J,8,Withdrawn,250,8575,14.0,2.0,34.3,24296,CMA,67.0,9,7.0,-1
CCC,2014J,9,Distinction,292,31647,76.0,4.0,108.38013698630137,24296,CMA,67.0,9,7.0,0
CCC,2014J,9,Pass,679,70665,77.0,3.0,104.0721649484536,24296,CMA,67.0,9,7.0,0
CCC,2014J,9,Fail,292,27600,73.5,2.0,94.52054794520548,24296,CMA,67.0,9,7.0,0
CCC,2014J,9,Withdrawn,312,25410,71.0,2.0,81.4423076923077,24296,CMA,67.0,9,7.0,0
CCC,2014J,10,Distinction,239,9327,18.0,2.0,39.02510460251046,24296,CMA,67.0,9,7.0,1
CCC,2014J,10,Pass,433,11537,8.0,2.0,26.644341801385682,24296,CMA,67.0,9,7.0,1
CCC,2014J,10,Fail,141,2400,4.0,1.0,17.02127659574468,24296,CMA,67.0,9,7.0,1
CCC,2014J,10,Withdrawn,152,2180,4.0,1.0,14.342105263157896,24296,CMA,67.0,9,7.0,1
CCC,2014J,13,Distinction,266,14863,29.0,3.0,55.87593984962406,24292,TMA,109.0,15,22.0,-2
CCC,2014J,13,Pass,547,18572,12.0,2.0,33.95246800731262,24292,TMA,109.0,15,22.0,-2
CCC,2014J,13,Fail,207,3804,7.0,1.0,18.3768115942029,24292,TMA,109.0,15,22.0,-2
CCC,2014J,13,Withdrawn,171,2539,6.0,1.0,14.847953216374268,24292,TMA,109.0,15,22.0,-2
CCC,2014J,14,Distinction,266,14520,31.0,3.0,54.58646616541353,24292,TMA,109.0,15,22.0,-1
CCC,2014J,14,Pass,577,24196,20.0,2.0,41.93414211438475,24292,TMA,109.0,15,22.0,-1
CCC,2014J,14,Fail,206,5819,12.0,2.0,28.24757281553398,24292,TMA,109.0,15,22.0,-1
CCC,2014J,14,Withdrawn,177,3579,7.0,1.0,20.220338983050848,24292,TMA,109.0,15,22.0,-1
CCC,2014J,15,Distinction,288,21315,41.5,4.0,74.01041666666667,24292,TMA,109.0,15,22.0,0
CCC,2014J,15,Pass,658,38092,30.0,3.0,57.890577507598785,24292,TMA,109.0,15,22.0,0
CCC,2014J,15,Fail,248,10154,20.5,2.0,40.943548387096776,24292,TMA,109.0,15,22.0,0
CCC,2014J,15,Withdrawn,181,5420,16.0,2.0,29.944751381215468,24292,TMA,109.0,15,22.0,0
CCC,2014J,16,Distinction,264,17741,37.0,4.0,67.20075757575758,24292,TMA,109.0,15,22.0,1
CCC,2014J,16,Pass,550,26023,13.0,2.0,47.31454545454545,24292,TMA,109.0,15,22.0,1
CCC,2014J,16,Fail,185,5518,10.0,2.0,29.82702702702703,24292,TMA,109.0,15,22.0,1
CCC,2014J,16,Withdrawn,117,3108,10.0,2.0,26.564102564102566,24292,TMA,109.0,15,22.0,1
CCC,2014J,18,Distinction,250,11992,23.5,2.0,47.968,24297,CMA,144.0,20,8.0,-2
CCC,2014J,18,Pass,520,24151,18.5,2.0,46.44423076923077,24297,CMA,144.0,20,8.0,-2
CCC,2014J,18,Fail,157,4804,10.0,2.0,30.598726114649683,24297,CMA,144.0,20,8.0,-2
CCC,2014J,18,Withdrawn,84,2783,13.5,2.0,33.13095238095238,24297,CMA,144.0,20,8.0,-2
CCC,2014J,19,Distinction,266,18358,37.0,3.0,69.01503759398496,24297,CMA,144.0,20,8.0,-1
CCC,2014J,19,Pass,572,37327,34.0,3.0,65.25699300699301,24297,CMA,144.0,20,8.0,-1
CCC,2014J,19,Fail,169,9120,17.0,2.0,53.96449704142012,24297,CMA,144.0,20,8.0,-1
CCC,2014J,19,Withdrawn,103,2848,11.0,2.0,27.650485436893202,24297,CMA,144.0,20,8.0,-1
CCC,2014J,20,Distinction,292,34849,95.0,4.0,119.3458904109589,24297,CMA,144.0,20,8.0,0
CCC,2014J,20,Pass,676,84295,92.0,4.0,124.69674556213018,24297,CMA,144.0,20,8.0,0
CCC,2014J,20,Fail,233,28015,94.0,3.0,120.23605150214593,24297,CMA,144.0,20,8.0,0
CCC,2014J,20,Withdrawn,130,12840,85.0,2.0,98.76923076923077,24297,CMA,144.0,20,8.0,0
CCC,2014J,21,Distinction,280,14935,26.0,3.0,53.339285714285715,24297,CMA,144.0,20,8.0,1
CCC,2014J,21,Pass,603,22382,15.0,3.0,37.117744610281925,24297,CMA,144.0,20,8.0,1
CCC,2014J,21,Fail,181,5909,8.0,2.0,32.646408839779006,24297,CMA,144.0,20,8.0,1
CCC,2014J,21,Withdrawn,77,2017,6.0,2.0,26.194805194805195,24297,CMA,144.0,20,8.0,1
CCC,2014J,20,Distinction,292,34849,95.0,4.0,119.3458904109589,24293,TMA,158.0,22,22.0,-2
CCC,2014J,20,Pass,676,84295,92.0,4.0,124.69674556213018,24293,TMA,158.0,22,22.0,-2
CCC,2014J,20,Fail,233,28015,94.0,3.0,120.23605150214593,24293,TMA,158.0,22,22.0,-2
CCC,2014J,20,Withdrawn,130,12840,85.0,2.0,98.76923076923077,24293,TMA,158.0,22,22.0,-2
CCC,2014J,21,Distinction,280,14935,26.0,3.0,53.339285714285715,24293,TMA,158.0,22,22.0,-1
CCC,2014J,21,Pass,603,22382,15.0,3.0,37.117744610281925,24293,TMA,158.0,22,22.0,-1
CCC,2014J,21,Fail,181,5909,8.0,2.0,32.646408839779006,24293,TMA,158.0,22,22.0,-1
CCC,2014J,21,Withdrawn,77,2017,6.0,2.0,26.194805194805195,24293,TMA,158.0,22,22.0,-1
CCC,2014J,22,Distinction,284,13898,31.5,4.0,48.936619718309856,24293,TMA,158.0,22,22.0,0
CCC,2014J,22,Pass,645,30197,27.0,3.0,46.81705426356589,24293,TMA,158.0,22,22.0,0
CCC,2014J,22,Fail,196,8154,20.0,3.0,41.60204081632653,24293,TMA,158.0,22,22.0,0
CCC,2014J,22,Withdrawn,83,2694,11.0,2.0,32.45783132530121,24293,TMA,158.0,22,22.0,0
CCC,2014J,23,Distinction,267,9560,14.0,3.0,35.80524344569288,24293,TMA,158.0,22,22.0,1
CCC,2014J,23,Pass,561,17845,12.0,2.0,31.809269162210338,24293,TMA,158.0,22,22.0,1
CCC,2014J,23,Fail,159,4077,8.0,2.0,25.641509433962263,24293,TMA,158.0,22,22.0,1
CCC,2014J,23,Withdrawn,53,866,6.0,2.0,16.339622641509433,24293,TMA,158.0,22,22.0,1
CCC,2014J,27,Distinction,237,11258,24.0,3.0,47.50210970464135,24294,TMA,207.0,29,22.0,-2
CCC,2014J,27,Pass,469,21183,13.0,2.0,45.166311300639656,24294,TMA,207.0,29,22.0,-2
CCC,2014J,27,Fail,110,2633,7.0,1.0,23.936363636363637,24294,TMA,207.0,29,22.0,-2
CCC,2014J,27,Withdrawn,19,505,4.0,1.0,26.57894736842105,24294,TMA,207.0,29,22.0,-2
CCC,2014J,28,Distinction,267,14988,26.0,3.0,56.13483146067416,24294,TMA,207.0,29,22.0,-1
CCC,2014J,28,Pass,566,24418,18.0,2.0,43.14134275618375,24294,TMA,207.0,29,22.0,-1
CCC,2014J,28,Fail,140,4008,10.0,2.0,28.62857142857143,24294,TMA,207.0,29,22.0,-1
CCC,2014J,28,Withdrawn,18,433,3.5,1.0,24.055555555555557,24294,TMA,207.0,29,22.0,-1
CCC,2014J,29,Distinction,291,21499,44.0,3.0,73.87972508591065,24294,TMA,207.0,29,22.0,0
CCC,2014J,29,Pass,643,43082,35.0,3.0,67.00155520995334,24294,TMA,207.0,29,22.0,0
CCC,2014J,29,Fail,169,8086,25.0,3.0,47.84615384615385,24294,TMA,207.0,29,22.0,0
CCC,2014J,29,Withdrawn,17,1149,12.0,1.0,67.58823529411765,24294,TMA,207.0,29,22.0,0
CCC,2014J,30,Distinction,286,30995,71.0,3.0,108.37412587412588,24294,TMA,207.0,29,22.0,1
CCC,2014J,30,Pass,645,80330,81.0,3.0,124.54263565891473,24294,TMA,207.0,29,22.0,1
CCC,2014J,30,Fail,169,20334,89.0,3.0,120.31952662721893,24294,TMA,207.0,29,22.0,1
CCC,2014J,30,Withdrawn,16,1836,31.0,1.5,114.75,24294,TMA,207.0,29,22.0,1
CCC,2014J,28,Distinction,267,14988,26.0,3.0,56.13483146067416,24298,CMA,214.0,30,8.0,-2
CCC,2014J,28,Pass,566,24418,18.0,2.0,43.14134275618375,24298,CMA,214.0,30,8.0,-2
CCC,2014J,28,Fail,140,4008,10.0,2.0,28.62857142857143,24298,CMA,214.0,30,8.0,-2
CCC,2014J,28,Withdrawn,18,433,3.5,1.0,24.055555555555557,24298,CMA,214.0,30,8.0,-2
CCC,2014J,29,Distinction,291,21499,44.0,3.0,73.87972508591065,24298,CMA,214.0,30,8.0,-1
CCC,2014J,29,Pass,643,43082,35.0,3.0,67.00155520995334,24298,CMA,214.0,30,8.0,-1
CCC,2014J,29,Fail,169,8086,25.0,3.0,47.84615384615385,24298,CMA,214.0,30,8.0,-1
CCC,2014J,29,Withdrawn,17,1149,12.0,1.0,67.58823529411765,24298,CMA,214.0,30,8.0,-1
CCC,2014J,30,Distinction,286,30995,71.0,3.0,108.37412587412588,24298,CMA,214.0,30,8.0,0
CCC,2014J,30,Pass,645,80330,81.0,3.0,124.54263565891473,24298,CMA,214.0,30,8.0,0
CCC,2014J,30,Fail,169,20334,89.0,3.0,120.31952662721893,24298,CMA,214.0,30,8.0,0
CCC,2014J,30,Withdrawn,16,1836,31.0,1.5,114.75,24298,CMA,214.0,30,8.0,0
CCC,2014J,31,Distinction,256,18147,22.5,3.0,70.88671875,24298,CMA,214.0,30,8.0,1
CCC,2014J,31,Pass,528,31137,14.0,3.0,58.97159090909091,24298,CMA,214.0,30,8.0,1
CCC,2014J,31,Fail,114,2312,9.5,2.0,20.280701754385966,24298,CMA,214.0,30,8.0,1
CCC,2014J,31,Withdrawn,7,30,4.0,1.0,4.285714285714286,24298,CMA,214.0,30,8.0,1
DDD,2013B,1,Distinction,51,4409,64.0,5.0,86.45098039215686,25341,CMA,23.0,3,2.0,-2
DDD,2013B,1,Pass,424,31015,53.0,4.0,73.14858490566037,25341,CMA,23.0,3,2.0,-2
DDD,2013B,1,Fail,264,14312,31.0,3.0,54.21212121212121,25341,CMA,23.0,3,2.0,-2
DDD,2013B,1,Withdrawn,248,13376,39.0,3.0,53.935483870967744,25341,CMA,23.0,3,2.0,-2
DDD,2013B,2,Distinction,54,6583,107.5,5.0,121.9074074074074,25341,CMA,23.0,3,2.0,-1
DDD,2013B,2,Pass,437,41868,77.0,4.0,95.80778032036613,25341,CMA,23.0,3,2.0,-1
DDD,2013B,2,Fail,274,17751,39.0,3.0,64.78467153284672,25341,CMA,23.0,3,2.0,-1
DDD,2013B,2,Withdrawn,253,14851,39.0,3.0,58.69960474308301,25341,CMA,23.0,3,2.0,-1
DDD,2013B,3,Distinction,54,5669,78.5,5.0,104.98148148148148,25341,CMA,23.0,3,2.0,0
DDD,2013B,3,Pass,453,46401,85.0,5.0,102.43046357615894,25341,CMA,23.0,3,2.0,0
DDD,2013B,3,Fail,309,24283,60.0,4.0,78.58576051779936,25341,CMA,23.0,3,2.0,0
DDD,2013B,3,Withdrawn,257,19036,62.0,4.0,74.07003891050584,25341,CMA,23.0,3,2.0,0
DDD,2013B,4,Distinction,52,4066,60.0,5.0,78.1923076923077,25341,CMA,23.0,3,2.0,1
DDD,2013B,4,Pass,429,28918,51.0,4.0,67.4079254079254,25341,CMA,23.0,3,2.0,1
DDD,2013B,4,Fail,247,12754,33.0,3.0,51.635627530364374,25341,CMA,23.0,3,2.0,1
DDD,2013B,4,Withdrawn,204,10975,38.0,3.0,53.799019607843135,25341,CMA,23.0,3,2.0,1
DDD,2013B,1,Distinction,51,4409,64.0,5.0,86.45098039215686,25334,TMA,25.0,3,7.5,-2
DDD,2013B,1,Pass,424,31015,53.0,4.0,73.14858490566037,25334,TMA,25.0,3,7.5,-2
DDD,2013B,1,Fail,264,14312,31.0,3.0,54.21212121212121,25334,TMA,25.0,3,7.5,-2
DDD,2013B,1,Withdrawn,248,13376,39.0,3.0,53.935483870967744,25334,TMA,25.0,3,7.5,-2
DDD,2013B,2,Distinction,54,6583,107.5,5.0,121.9074074074074,25334,TMA,25.0,3,7.5,-1
DDD,2013B,2,Pass,437,41868,77.0,4.0,95.80778032036613,25334,TMA,25.0,3,7.5,-1
DDD,2013B,2,Fail,274,17751,39.0,3.0,64.78467153284672,25334,TMA,25.0,3,7.5,-1
DDD,2013B,2,Withdrawn,253,14851,39.0,3.0,58.69960474308301,25334,TMA,25.0,3,7.5,-1
DDD,2013B,3,Distinction,54,5669,78.5,5.0,104.98148148148148,25334,TMA,25.0,3,7.5,0
DDD,2013B,3,Pass,453,46401,85.0,5.0,102.43046357615894,25334,TMA,25.0,3,7.5,0
DDD,2013B,3,Fail,309,24283,60.0,4.0,78.58576051779936,25334,TMA,25.0,3,7.5,0
DDD,2013B,3,Withdrawn,257,19036,62.0,4.0,74.07003891050584,25334,TMA,25.0,3,7.5,0
DDD,2013B,4,Distinction,52,4066,60.0,5.0,78.1923076923077,25334,TMA,25.0,3,7.5,1
DDD,2013B,4,Pass,429,28918,51.0,4.0,67.4079254079254,25334,TMA,25.0,3,7.5,1
DDD,2013B,4,Fail,247,12754,33.0,3.0,51.635627530364374,25334,TMA,25.0,3,7.5,1
DDD,2013B,4,Withdrawn,204,10975,38.0,3.0,53.799019607843135,25334,TMA,25.0,3,7.5,1
DDD,2013B,5,Distinction,52,3620,60.0,4.0,69.61538461538461,25342,CMA,51.0,7,3.0,-2
DDD,2013B,5,Pass,425,21571,33.0,3.0,50.75529411764706,25342,CMA,51.0,7,3.0,-2
DDD,2013B,5,Fail,235,9158,22.0,2.0,38.97021276595745,25342,CMA,51.0,7,3.0,-2
DDD,2013B,5,Withdrawn,199,6579,21.0,2.0,33.06030150753769,25342,CMA,51.0,7,3.0,-2
DDD,2013B,6,Distinction,53,4015,45.0,5.0,75.75471698113208,25342,CMA,51.0,7,3.0,-1
DDD,2013B,6,Pass,433,26934,49.0,4.0,62.20323325635104,25342,CMA,51.0,7,3.0,-1
DDD,2013B,6,Fail,236,10500,26.5,3.0,44.49152542372882,25342,CMA,51.0,7,3.0,-1
DDD,2013B,6,Withdrawn,182,7284,23.0,2.0,40.02197802197802,25342,CMA,51.0,7,3.0,-1
DDD,2013B,7,Distinction,53,4218,72.0,4.0,79.58490566037736,25342,CMA,51.0,7,3.0,0
DDD,2013B,7,Pass,450,34397,64.0,4.0,76.43777777777778,25342,CMA,51.0,7,3.0,0
DDD,2013B,7,Fail,262,18275,55.0,4.0,69.75190839694656,25342,CMA,51.0,7,3.0,0
DDD,2013B,7,Withdrawn,194,11951,51.5,3.0,61.603092783505154,25342,CMA,51.0,7,3.0,0
DDD,2013B,8,Distinction,52,2224,27.5,4.0,42.76923076923077,25342,CMA,51.0,7,3.0,1
DDD,2013B,8,Pass,411,13599,21.0,3.0,33.08759124087591,25342,CMA,51.0,7,3.0,1
DDD,2013B,8,Fail,192,5337,15.0,2.0,27.796875,25342,CMA,51.0,7,3.0,1
DDD,2013B,8,Withdrawn,143,3853,14.0,2.0,26.944055944055943,25342,CMA,51.0,7,3.0,1
DDD,2013B,5,Distinction,52,3620,60.0,4.0,69.61538461538461,25335,TMA,53.0,7,10.0,-2
DDD,2013B,5,Pass,425,21571,33.0,3.0,50.75529411764706,25335,TMA,53.0,7,10.0,-2
DDD,2013B,5,Fail,235,9158,22.0,2.0,38.97021276595745,25335,TMA,53.0,7,10.0,-2
DDD,2013B,5,Withdrawn,199,6579,21.0,2.0,33.06030150753769,25335,TMA,53.0,7,10.0,-2
DDD,2013B,6,Distinction,53,4015,45.0,5.0,75.75471698113208,25335,TMA,53.0,7,10.0,-1
DDD,2013B,6,Pass,433,26934,49.0,4.0,62.20323325635104,25335,TMA,53.0,7,10.0,-1
DDD,2013B,6,Fail,236,10500,26.5,3.0,44.49152542372882,25335,TMA,53.0,7,10.0,-1
DDD,2013B,6,Withdrawn,182,7284,23.0,2.0,40.02197802197802,25335,TMA,53.0,7,10.0,-1
DDD,2013B,7,Distinction,53,4218,72.0,4.0,79.58490566037736,25335,TMA,53.0,7,10.0,0
DDD,2013B,7,Pass,450,34397,64.0,4.0,76.43777777777778,25335,TMA,53.0,7,10.0,0
DDD,2013B,7,Fail,262,18275,55.0,4.0,69.75190839694656,25335,TMA,53.0,7,10.0,0
DDD,2013B,7,Withdrawn,194,11951,51.5,3.0,61.603092783505154,25335,TMA,53.0,7,10.0,0
DDD,2013B,8,Distinction,52,2224,27.5,4.0,42.76923076923077,25335,TMA,53.0,7,10.0,1
DDD,2013B,8,Pass,411,13599,21.0,3.0,33.08759124087591,25335,TMA,53.0,7,10.0,1
DDD,2013B,8,Fail,192,5337,15.0,2.0,27.796875,25335,TMA,53.0,7,10.0,1
DDD,2013B,8,Withdrawn,143,3853,14.0,2.0,26.944055944055943,25335,TMA,53.0,7,10.0,1
DDD,2013B,9,Distinction,49,2420,21.0,4.0,49.38775510204081,25343,CMA,79.0,11,3.0,-2
DDD,2013B,9,Pass,423,16168,25.0,3.0,38.22222222222222,25343,CMA,79.0,11,3.0,-2
DDD,2013B,9,Fail,197,5869,15.0,2.0,29.79187817258883,25343,CMA,79.0,11,3.0,-2
DDD,2013B,9,Withdrawn,135,3051,12.0,2.0,22.6,25343,CMA,79.0,11,3.0,-2
DDD,2013B,10,Distinction,50,2553,33.0,4.0,51.06,25343,CMA,79.0,11,3.0,-1
DDD,2013B,10,Pass,426,18491,30.0,3.0,43.406103286384976,25343,CMA,79.0,11,3.0,-1
DDD,2013B,10,Fail,215,7235,19.0,2.0,33.651162790697676,25343,CMA,79.0,11,3.0,-1
DDD,2013B,10,Withdrawn,137,3343,16.0,2.0,24.401459854014597,25343,CMA,79.0,11,3.0,-1
DDD,2013B,11,Distinction,54,4404,62.5,5.0,81.55555555555556,25343,CMA,79.0,11,3.0,0
DDD,2013B,11,Pass,448,26609,48.5,4.0,59.395089285714285,25343,CMA,79.0,11,3.0,0
DDD,2013B,11,Fail,236,11860,37.0,3.0,50.25423728813559,25343,CMA,79.0,11,3.0,0
DDD,2013B,11,Withdrawn,142,6002,34.5,3.0,42.267605633802816,25343,CMA,79.0,11,3.0,0
DDD,2013B,12,Distinction,51,2378,22.0,4.0,46.627450980392155,25343,CMA,79.0,11,3.0,1
DDD,2013B,12,Pass,417,14324,21.0,3.0,34.35011990407674,25343,CMA,79.0,11,3.0,1
DDD,2013B,12,Fail,185,4837,12.0,2.0,26.145945945945947,25343,CMA,79.0,11,3.0,1
DDD,2013B,12,Withdrawn,108,2186,11.0,2.0,20.24074074074074,25343,CMA,79.0,11,3.0,1
DDD,2013B,9,Distinction,49,2420,21.0,4.0,49.38775510204081,25336,TMA,81.0,11,12.5,-2
DDD,2013B,9,Pass,423,16168,25.0,3.0,38.22222222222222,25336,TMA,81.0,11,12.5,-2
DDD,2013B,9,Fail,197,5869,15.0,2.0,29.79187817258883,25336,TMA,81.0,11,12.5,-2
DDD,2013B,9,Withdrawn,135,3051,12.0,2.0,22.6,25336,TMA,81.0,11,12.5,-2
DDD,2013B,10,Distinction,50,2553,33.0,4.0,51.06,25336,TMA,81.0,11,12.5,-1
DDD,2013B,10,Pass,426,18491,30.0,3.0,43.406103286384976,25336,TMA,81.0,11,12.5,-1
DDD,2013B,10,Fail,215,7235,19.0,2.0,33.651162790697676,25336,TMA,81.0,11,12.5,-1
DDD,2013B,10,Withdrawn,137,3343,16.0,2.0,24.401459854014597,25336,TMA,81.0,11,12.5,-1
DDD,2013B,11,Distinction,54,4404,62.5,5.0,81.55555555555556,25336,TMA,81.0,11,12.5,0
DDD,2013B,11,Pass,448,26609,48.5,4.0,59.395089285714285,25336,TMA,81.0,11,12.5,0
DDD,2013B,11,Fail,236,11860,37.0,3.0,50.25423728813559,25336,TMA,81.0,11,12.5,0
DDD,2013B,11,Withdrawn,142,6002,34.5,3.0,42.267605633802816,25336,TMA,81.0,11,12.5,0
DDD,2013B,12,Distinction,51,2378,22.0,4.0,46.627450980392155,25336,TMA,81.0,11,12.5,1
DDD,2013B,12,Pass,417,14324,21.0,3.0,34.35011990407674,25336,TMA,81.0,11,12.5,1
DDD,2013B,12,Fail,185,4837,12.0,2.0,26.145945945945947,25336,TMA,81.0,11,12.5,1
DDD,2013B,12,Withdrawn,108,2186,11.0,2.0,20.24074074074074,25336,TMA,81.0,11,12.5,1
DDD,2013B,14,Distinction,50,2306,35.5,4.0,46.12,25344,CMA,114.0,16,4.0,-2
DDD,2013B,14,Pass,405,14447,25.0,3.0,35.67160493827161,25344,CMA,114.0,16,4.0,-2
DDD,2013B,14,Fail,168,4594,15.5,2.0,27.345238095238095,25344,CMA,114.0,16,4.0,-2
DDD,2013B,14,Withdrawn,93,1940,13.0,2.0,20.86021505376344,25344,CMA,114.0,16,4.0,-2
DDD,2013B,15,Distinction,53,2632,32.0,4.0,49.660377358490564,25344,CMA,114.0,16,4.0,-1
DDD,2013B,15,Pass,429,17593,29.0,3.0,41.00932400932401,25344,CMA,114.0,16,4.0,-1
DDD,2013B,15,Fail,180,5470,18.0,2.0,30.38888888888889,25344,CMA,114.0,16,4.0,-1
DDD,2013B,15,Withdrawn,92,2013,14.5,2.0,21.880434782608695,25344,CMA,114.0,16,4.0,-1
DDD,2013B,16,Distinction,54,4466,64.0,5.0,82.70370370370371,25344,CMA,114.0,16,4.0,0
DDD,2013B,16,Pass,446,32535,60.5,4.0,72.94843049327355,25344,CMA,114.0,16,4.0,0
DDD,2013B,16,Fail,195,11953,43.0,3.0,61.297435897435896,25344,CMA,114.0,16,4.0,0
DDD,2013B,16,Withdrawn,98,4497,31.0,3.0,45.88775510204081,25344,CMA,114.0,16,4.0,0
DDD,2013B,17,Distinction,52,5353,56.0,4.5,102.9423076923077,25344,CMA,114.0,16,4.0,1
DDD,2013B,17,Pass,422,33725,61.0,4.0,79.91706161137441,25344,CMA,114.0,16,4.0,1
DDD,2013B,17,Fail,154,8226,27.0,3.0,53.41558441558441,25344,CMA,114.0,16,4.0,1
DDD,2013B,17,Withdrawn,71,2777,28.0,3.0,39.11267605633803,25344,CMA,114.0,16,4.0,1
DDD,2013B,14,Distinction,50,2306,35.5,4.0,46.12,25337,TMA,116.0,16,15.0,-2
DDD,2013B,14,Pass,405,14447,25.0,3.0,35.67160493827161,25337,TMA,116.0,16,15.0,-2
DDD,2013B,14,Fail,168,4594,15.5,2.0,27.345238095238095,25337,TMA,116.0,16,15.0,-2
DDD,2013B,14,Withdrawn,93,1940,13.0,2.0,20.86021505376344,25337,TMA,116.0,16,15.0,-2
DDD,2013B,15,Distinction,53,2632,32.0,4.0,49.660377358490564,25337,TMA,116.0,16,15.0,-1
DDD,2013B,15,Pass,429,17593,29.0,3.0,41.00932400932401,25337,TMA,116.0,16,15.0,-1
DDD,2013B,15,Fail,180,5470,18.0,2.0,30.38888888888889,25337,TMA,116.0,16,15.0,-1
DDD,2013B,15,Withdrawn,92,2013,14.5,2.0,21.880434782608695,25337,TMA,116.0,16,15.0,-1
DDD,2013B,16,Distinction,54,4466,64.0,5.0,82.70370370370371,25337,TMA,116.0,16,15.0,0
DDD,2013B,16,Pass,446,32535,60.5,4.0,72.94843049327355,25337,TMA,116.0,16,15.0,0
DDD,2013B,16,Fail,195,11953,43.0,3.0,61.297435897435896,25337,TMA,116.0,16,15.0,0
DDD,2013B,16,Withdrawn,98,4497,31.0,3.0,45.88775510204081,25337,TMA,116.0,16,15.0,0
DDD,2013B,17,Distinction,52,5353,56.0,4.5,102.9423076923077,25337,TMA,116.0,16,15.0,1
DDD,2013B,17,Pass,422,33725,61.0,4.0,79.91706161137441,25337,TMA,116.0,16,15.0,1
DDD,2013B,17,Fail,154,8226,27.0,3.0,53.41558441558441,25337,TMA,116.0,16,15.0,1
DDD,2013B,17,Withdrawn,71,2777,28.0,3.0,39.11267605633803,25337,TMA,116.0,16,15.0,1
DDD,2013B,19,Distinction,51,5060,71.0,4.0,99.2156862745098,25345,CMA,149.0,21,4.0,-2
DDD,2013B,19,Pass,410,28591,52.0,4.0,69.73414634146341,25345,CMA,149.0,21,4.0,-2
DDD,2013B,19,Fail,140,6848,26.0,2.0,48.91428571428571,25345,CMA,149.0,21,4.0,-2
DDD,2013B,19,Withdrawn,65,2369,18.0,2.0,36.44615384615385,25345,CMA,149.0,21,4.0,-2
DDD,2013B,20,Distinction,51,4352,71.0,4.0,85.33333333333333,25345,CMA,149.0,21,4.0,-1
DDD,2013B,20,Pass,423,30457,57.0,4.0,72.00236406619385,25345,CMA,149.0,21,4.0,-1
DDD,2013B,20,Fail,142,6574,32.5,2.0,46.29577464788732,25345,CMA,149.0,21,4.0,-1
DDD,2013B,20,Withdrawn,54,1791,20.0,2.0,33.166666666666664,25345,CMA,149.0,21,4.0,-1
DDD,2013B,21,Distinction,54,4497,74.5,5.0,83.27777777777777,25345,CMA,149.0,21,4.0,0
DDD,2013B,21,Pass,443,30171,60.0,4.0,68.10609480812641,25345,CMA,149.0,21,4.0,0
DDD,2013B,21,Fail,161,9609,49.0,3.0,59.683229813664596,25345,CMA,149.0,21,4.0,0
DDD,2013B,21,Withdrawn,56,2291,28.0,3.0,40.910714285714285,25345,CMA,149.0,21,4.0,0
DDD,2013B,22,Distinction,49,1967,30.0,4.0,40.142857142857146,25345,CMA,149.0,21,4.0,1
DDD,2013B,22,Pass,384,13640,27.0,3.0,35.520833333333336,25345,CMA,149.0,21,4.0,1
DDD,2013B,22,Fail,110,3773,21.5,2.0,34.3,25345,CMA,149.0,21,4.0,1
DDD,2013B,22,Withdrawn,34,525,9.0,2.0,15.441176470588236,25345,CMA,149.0,21,4.0,1
DDD,2013B,19,Distinction,51,5060,71.0,4.0,99.2156862745098,25338,TMA,151.0,21,15.0,-2
DDD,2013B,19,Pass,410,28591,52.0,4.0,69.73414634146341,25338,TMA,151.0,21,15.0,-2
DDD,2013B,19,Fail,140,6848,26.0,2.0,48.91428571428571,25338,TMA,151.0,21,15.0,-2
DDD,2013B,19,Withdrawn,65,2369,18.0,2.0,36.44615384615385,25338,TMA,151.0,21,15.0,-2
DDD,2013B,20,Distinction,51,4352,71.0,4.0,85.33333333333333,25338,TMA,151.0,21,15.0,-1
DDD,2013B,20,Pass,423,30457,57.0,4.0,72.00236406619385,25338,TMA,151.0,21,15.0,-1
DDD,2013B,20,Fail,142,6574,32.5,2.0,46.29577464788732,25338,TMA,151.0,21,15.0,-1
DDD,2013B,20,Withdrawn,54,1791,20.0,2.0,33.166666666666664,25338,TMA,151.0,21,15.0,-1
DDD,2013B,21,Distinction,54,4497,74.5,5.0,83.27777777777777,25338,TMA,151.0,21,15.0,0
DDD,2013B,21,Pass,443,30171,60.0,4.0,68.10609480812641,25338,TMA,151.0,21,15.0,0
DDD,2013B,21,Fail,161,9609,49.0,3.0,59.683229813664596,25338,TMA,151.0,21,15.0,0
DDD,2013B,21,Withdrawn,56,2291,28.0,3.0,40.910714285714285,25338,TMA,151.0,21,15.0,0
DDD,2013B,22,Distinction,49,1967,30.0,4.0,40.142857142857146,25338,TMA,151.0,21,15.0,1
DDD,2013B,22,Pass,384,13640,27.0,3.0,35.520833333333336,25338,TMA,151.0,21,15.0,1
DDD,2013B,22,Fail,110,3773,21.5,2.0,34.3,25338,TMA,151.0,21,15.0,1
DDD,2013B,22,Withdrawn,34,525,9.0,2.0,15.441176470588236,25338,TMA,151.0,21,15.0,1
DDD,2013B,22,Distinction,49,1967,30.0,4.0,40.142857142857146,25346,CMA,170.0,24,3.0,-2
DDD,2013B,22,Pass,384,13640,27.0,3.0,35.520833333333336,25346,CMA,170.0,24,3.0,-2
DDD,2013B,22,Fail,110,3773,21.5,2.0,34.3,25346,CMA,170.0,24,3.0,-2
DDD,2013B,22,Withdrawn,34,525,9.0,2.0,15.441176470588236,25346,CMA,170.0,24,3.0,-2
DDD,2013B,23,Distinction,51,2339,26.0,4.0,45.86274509803921,25346,CMA,170.0,24,3.0,-1
DDD,2013B,23,Pass,403,13560,24.0,3.0,33.64764267990074,25346,CMA,170.0,24,3.0,-1
DDD,2013B,23,Fail,120,2619,13.0,2.0,21.825,25346,CMA,170.0,24,3.0,-1
DDD,2013B,23,Withdrawn,32,494,3.5,1.0,15.4375,25346,CMA,170.0,24,3.0,-1
DDD,2013B,24,Distinction,50,2171,31.5,3.0,43.42,25346,CMA,170.0,24,3.0,0
DDD,2013B,24,Pass,416,13890,26.0,3.0,33.38942307692308,25346,CMA,170.0,24,3.0,0
DDD,2013B,24,Fail,131,3769,19.0,2.0,28.770992366412212,25346,CMA,170.0,24,3.0,0
DDD,2013B,24,Withdrawn,36,417,8.5,1.0,11.583333333333334,25346,CMA,170.0,24,3.0,0
DDD,2013B,25,Distinction,47,1410,19.0,3.0,30.0,25346,CMA,170.0,24,3.0,1
DDD,2013B,25,Pass,344,7668,14.0,2.0,22.290697674418606,25346,CMA,170.0,24,3.0,1
DDD,2013B,25,Fail,85,1144,7.0,2.0,13.458823529411765,25346,CMA,170.0,24,3.0,1
DDD,2013B,25,Withdrawn,17,218,6.0,1.0,12.823529411764707,25346,CMA,170.0,24,3.0,1
DDD,2013B,26,Distinction,48,1493,17.5,3.0,31.104166666666668,25339,TMA,200.0,28,15.0,-2
DDD,2013B,26,Pass,329,7551,13.0,2.0,22.951367781155014,25339,TMA,200.0,28,15.0,-2
DDD,2013B,26,Fail,72,1354,10.0,2.0,18.805555555555557,25339,TMA,200.0,28,15.0,-2
DDD,2013B,26,Withdrawn,15,336,9.0,1.0,22.4,25339,TMA,200.0,28,15.0,-2
DDD,2013B,27,Distinction,49,1587,24.0,3.0,32.38775510204081,25339,TMA,200.0,28,15.0,-1
DDD,2013B,27,Pass,363,10817,21.0,3.0,29.798898071625345,25339,TMA,200.0,28,15.0,-1
DDD,2013B,27,Fail,104,1971,12.0,2.0,18.951923076923077,25339,TMA,200.0,28,15.0,-1
DDD,2013B,27,Withdrawn,17,210,8.0,2.0,12.352941176470589,25339,TMA,200.0,28,15.0,-1
DDD,2013B,28,Distinction,49,2332,38.0,4.0,47.59183673469388,25339,TMA,200.0,28,15.0,0
DDD,2013B,28,Pass,415,18096,32.0,3.0,43.60481927710843,25339,TMA,200.0,28,15.0,0
DDD,2013B,28,Fail,119,4206,21.0,2.0,35.34453781512605,25339,TMA,200.0,28,15.0,0
DDD,2013B,28,Withdrawn,22,691,14.5,2.0,31.40909090909091,25339,TMA,200.0,28,15.0,0
DDD,2013B,29,Distinction,50,1920,26.5,4.0,38.4,25339,TMA,200.0,28,15.0,1
DDD,2013B,29,Pass,415,14035,21.0,3.0,33.81927710843374,25339,TMA,200.0,28,15.0,1
DDD,2013B,29,Fail,106,2922,17.5,2.0,27.566037735849058,25339,TMA,200.0,28,15.0,1
DDD,2013B,29,Withdrawn,15,532,9.0,2.0,35.46666666666667,25339,TMA,200.0,28,15.0,1
DDD,2013B,27,Distinction,49,1587,24.0,3.0,32.38775510204081,25347,CMA,206.0,29,6.0,-2
DDD,2013B,27,Pass,363,10817,21.0,3.0,29.798898071625345,25347,CMA,206.0,29,6.0,-2
DDD,2013B,27,Fail,104,1971,12.0,2.0,18.951923076923077,25347,CMA,206.0,29,6.0,-2
DDD,2013B,27,Withdrawn,17,210,8.0,2.0,12.352941176470589,25347,CMA,206.0,29,6.0,-2
DDD,2013B,28,Distinction,49,2332,38.0,4.0,47.59183673469388,25347,CMA,206.0,29,6.0,-1
DDD,2013B,28,Pass,415,18096,32.0,3.0,43.60481927710843,25347,CMA,206.0,29,6.0,-1
DDD,2013B,28,Fail,119,4206,21.0,2.0,35.34453781512605,25347,CMA,206.0,29,6.0,-1
DDD,2013B,28,Withdrawn,22,691,14.5,2.0,31.40909090909091,25347,CMA,206.0,29,6.0,-1
DDD,2013B,29,Distinction,50,1920,26.5,4.0,38.4,25347,CMA,206.0,29,6.0,0
DDD,2013B,29,Pass,415,14035,21.0,3.0,33.81927710843374,25347,CMA,206.0,29,6.0,0
DDD,2013B,29,Fail,106,2922,17.5,2.0,27.566037735849058,25347,CMA,206.0,29,6.0,0
DDD,2013B,29,Withdrawn,15,532,9.0,2.0,35.46666666666667,25347,CMA,206.0,29,6.0,0
DDD,2013B,30,Distinction,48,1996,28.5,3.0,41.583333333333336,25347,CMA,206.0,29,6.0,1
DDD,2013B,30,Pass,375,13268,21.0,3.0,35.38133333333333,25347,CMA,206.0,29,6.0,1
DDD,2013B,30,Fail,90,1862,11.0,2.0,20.68888888888889,25347,CMA,206.0,29,6.0,1
DDD,2013B,30,Withdrawn,10,1153,8.0,1.0,115.3,25347,CMA,206.0,29,6.0,1
DDD,2013B,32,Distinction,50,2916,39.5,4.0,58.32,25340,Exam,240.0,34,100.0,-2
DDD,2013B,32,Pass,427,17227,27.0,3.0,40.34426229508197,25340,Exam,240.0,34,100.0,-2
DDD,2013B,32,Fail,94,3184,22.5,2.5,33.87234042553192,25340,Exam,240.0,34,100.0,-2
DDD,2013B,32,Withdrawn,6,38,2.5,1.5,6.333333333333333,25340,Exam,240.0,34,100.0,-2
DDD,2013B,33,Distinction,37,747,10.0,2.0,20.18918918918919,25340,Exam,240.0,34,100.0,-1
DDD,2013B,33,Pass,284,3079,5.0,2.0,10.841549295774648,25340,Exam,240.0,34,100.0,-1
DDD,2013B,33,Fail,54,347,4.0,1.0,6.425925925925926,25340,Exam,240.0,34,100.0,-1
DDD,2013B,34,Distinction,25,106,2.0,1.0,4.24,25340,Exam,240.0,34,100.0,0
DDD,2013B,34,Pass,130,714,3.0,1.0,5.492307692307692,25340,Exam,240.0,34,100.0,0
DDD,2013B,34,Fail,28,109,2.0,1.0,3.892857142857143,25340,Exam,240.0,34,100.0,0
DDD,2013J,1,Distinction,91,7834,59.0,5.0,86.08791208791209,25348,TMA,25.0,3,10.0,-2
DDD,2013J,1,Pass,671,40124,44.0,3.0,59.7973174366617,25348,TMA,25.0,3,10.0,-2
DDD,2013J,1,Fail,328,12860,26.0,2.0,39.207317073170735,25348,TMA,25.0,3,10.0,-2
DDD,2013J,1,Withdrawn,369,15455,26.0,3.0,41.883468834688344,25348,TMA,25.0,3,10.0,-2
DDD,2013J,2,Distinction,90,8342,77.0,5.0,92.68888888888888,25348,TMA,25.0,3,10.0,-1
DDD,2013J,2,Pass,672,43198,48.0,4.0,64.2827380952381,25348,TMA,25.0,3,10.0,-1
DDD,2013J,2,Fail,293,12486,25.0,2.0,42.61433447098976,25348,TMA,25.0,3,10.0,-1
DDD,2013J,2,Withdrawn,321,12847,22.0,2.0,40.021806853582554,25348,TMA,25.0,3,10.0,-1
DDD,2013J,3,Distinction,94,8204,62.0,4.0,87.27659574468085,25348,TMA,25.0,3,10.0,0
DDD,2013J,3,Pass,717,52708,59.0,4.0,73.5118549511855,25348,TMA,25.0,3,10.0,0
DDD,2013J,3,Fail,339,20162,48.0,3.0,59.474926253687315,25348,TMA,25.0,3,10.0,0
DDD,2013J,3,Withdrawn,360,19220,39.5,3.0,53.388888888888886,25348,TMA,25.0,3,10.0,0
DDD,2013J,4,Distinction,93,5914,49.0,4.0,63.59139784946237,25348,TMA,25.0,3,10.0,1
DDD,2013J,4,Pass,677,37738,43.0,4.0,55.74298375184638,25348,TMA,25.0,3,10.0,1
DDD,2013J,4,Fail,285,10333,22.0,2.0,36.256140350877196,25348,TMA,25.0,3,10.0,1
DDD,2013J,4,Withdrawn,301,10926,22.0,2.0,36.29900332225914,25348,TMA,25.0,3,10.0,1
DDD,2013J,5,Distinction,91,5777,46.0,4.0,63.48351648351648,25349,TMA,53.0,7,12.5,-2
DDD,2013J,5,Pass,675,29802,30.0,3.0,44.15111111111111,25349,TMA,53.0,7,12.5,-2
DDD,2013J,5,Fail,258,7713,19.0,2.0,29.8953488372093,25349,TMA,53.0,7,12.5,-2
DDD,2013J,5,Withdrawn,266,7675,16.0,2.0,28.853383458646615,25349,TMA,53.0,7,12.5,-2
DDD,2013J,6,Distinction,90,5911,45.0,4.0,65.67777777777778,25349,TMA,53.0,7,12.5,-1
DDD,2013J,6,Pass,661,39915,38.0,3.0,60.38577912254161,25349,TMA,53.0,7,12.5,-1
DDD,2013J,6,Fail,244,8973,23.0,2.0,36.77459016393443,25349,TMA,53.0,7,12.5,-1
DDD,2013J,6,Withdrawn,225,7334,19.0,2.0,32.595555555555556,25349,TMA,53.0,7,12.5,-1
DDD,2013J,7,Distinction,95,5750,40.0,4.0,60.526315789473685,25349,TMA,53.0,7,12.5,0
DDD,2013J,7,Pass,695,40513,47.0,4.0,58.29208633093525,25349,TMA,53.0,7,12.5,0
DDD,2013J,7,Fail,297,15407,38.0,3.0,51.87542087542087,25349,TMA,53.0,7,12.5,0
DDD,2013J,7,Withdrawn,242,10138,34.5,3.0,41.892561983471076,25349,TMA,53.0,7,12.5,0
DDD,2013J,8,Distinction,91,4653,28.0,5.0,51.13186813186813,25349,TMA,53.0,7,12.5,1
DDD,2013J,8,Pass,625,18225,19.0,3.0,29.16,25349,TMA,53.0,7,12.5,1
DDD,2013J,8,Fail,197,4384,13.0,2.0,22.253807106598984,25349,TMA,53.0,7,12.5,1
DDD,2013J,8,Withdrawn,190,4389,16.0,2.0,23.1,25349,TMA,53.0,7,12.5,1
DDD,2013J,10,Distinction,75,1794,12.0,2.0,23.92,25350,TMA,88.0,12,17.5,-2
DDD,2013J,10,Pass,439,7347,11.0,2.0,16.735763097949885,25350,TMA,88.0,12,17.5,-2
DDD,2013J,10,Fail,108,1519,8.0,1.0,14.064814814814815,25350,TMA,88.0,12,17.5,-2
DDD,2013J,10,Withdrawn,107,1249,8.0,1.0,11.672897196261681,25350,TMA,88.0,12,17.5,-2
DDD,2013J,11,Distinction,87,3042,22.0,3.0,34.96551724137931,25350,TMA,88.0,12,17.5,-1
DDD,2013J,11,Pass,616,15744,19.0,2.0,25.558441558441558,25350,TMA,88.0,12,17.5,-1
DDD,2013J,11,Fail,176,3013,10.0,2.0,17.119318181818183,25350,TMA,88.0,12,17.5,-1
DDD,2013J,11,Withdrawn,145,2855,13.0,2.0,19.689655172413794,25350,TMA,88.0,12,17.5,-1
DDD,2013J,12,Distinction,92,4067,39.0,4.0,44.20652173913044,25350,TMA,88.0,12,17.5,0
DDD,2013J,12,Pass,706,29131,33.0,3.0,41.26203966005666,25350,TMA,88.0,12,17.5,0
DDD,2013J,12,Fail,245,8426,28.0,3.0,34.391836734693875,25350,TMA,88.0,12,17.5,0
DDD,2013J,12,Withdrawn,197,5533,19.0,2.0,28.086294416243653,25350,TMA,88.0,12,17.5,0
DDD,2013J,13,Distinction,93,3638,30.0,4.0,39.11827956989247,25350,TMA,88.0,12,17.5,1
DDD,2013J,13,Pass,638,17909,19.0,3.0,28.070532915360502,25350,TMA,88.0,12,17.5,1
DDD,2013J,13,Fail,199,4456,10.0,2.0,22.391959798994975,25350,TMA,88.0,12,17.5,1
DDD,2013J,13,Withdrawn,147,2729,9.0,2.0,18.564625850340136,25350,TMA,88.0,12,17.5,1
DDD,2013J,15,Distinction,86,3656,29.5,3.5,42.51162790697674,25351,TMA,123.0,17,20.0,-2
DDD,2013J,15,Pass,620,17917,18.0,3.0,28.898387096774194,25351,TMA,123.0,17,20.0,-2
DDD,2013J,15,Fail,166,2982,11.0,2.0,17.96385542168675,25351,TMA,123.0,17,20.0,-2
DDD,2013J,15,Withdrawn,121,2038,9.0,1.0,16.84297520661157,25351,TMA,123.0,17,20.0,-2
DDD,2013J,16,Distinction,94,4649,37.5,4.0,49.45744680851064,25351,TMA,123.0,17,20.0,-1
DDD,2013J,16,Pass,649,23907,26.0,3.0,36.836671802773495,25351,TMA,123.0,17,20.0,-1
DDD,2013J,16,Fail,178,4690,16.0,2.0,26.348314606741575,25351,TMA,123.0,17,20.0,-1
DDD,2013J,16,Withdrawn,121,2337,10.0,2.0,19.31404958677686,25351,TMA,123.0,17,20.0,-1
DDD,2013J,17,Distinction,95,7303,60.0,4.0,76.87368421052632,25351,TMA,123.0,17,20.0,0
DDD,2013J,17,Pass,700,39144,42.0,4.0,55.92,25351,TMA,123.0,17,20.0,0
DDD,2013J,17,Fail,215,9003,29.0,3.0,41.87441860465116,25351,TMA,123.0,17,20.0,0
DDD,2013J,17,Withdrawn,126,3679,17.5,2.0,29.1984126984127,25351,TMA,123.0,17,20.0,0
DDD,2013J,18,Distinction,96,9178,78.0,5.0,95.60416666666667,25351,TMA,123.0,17,20.0,1
DDD,2013J,18,Pass,665,39424,44.0,3.0,59.28421052631579,25351,TMA,123.0,17,20.0,1
DDD,2013J,18,Fail,171,7274,30.0,3.0,42.538011695906434,25351,TMA,123.0,17,20.0,1
DDD,2013J,18,Withdrawn,93,3119,19.0,2.0,33.53763440860215,25351,TMA,123.0,17,20.0,1
DDD,2013J,21,Distinction,95,6838,60.0,4.0,71.97894736842105,25352,TMA,165.0,23,20.0,-2
DDD,2013J,21,Pass,622,29711,34.0,3.0,47.766881028938904,25352,TMA,165.0,23,20.0,-2
DDD,2013J,21,Fail,161,4944,20.0,2.0,30.70807453416149,25352,TMA,165.0,23,20.0,-2
DDD,2013J,21,Withdrawn,62,1751,20.5,2.0,28.241935483870968,25352,TMA,165.0,23,20.0,-2
DDD,2013J,22,Distinction,90,5746,39.0,4.0,63.84444444444444,25352,TMA,165.0,23,20.0,-1
DDD,2013J,22,Pass,648,27915,34.0,3.0,43.0787037037037,25352,TMA,165.0,23,20.0,-1
DDD,2013J,22,Fail,163,4701,25.0,2.0,28.84049079754601,25352,TMA,165.0,23,20.0,-1
DDD,2013J,22,Withdrawn,51,1654,23.0,2.0,32.431372549019606,25352,TMA,165.0,23,20.0,-1
DDD,2013J,23,Distinction,92,5376,46.0,4.0,58.43478260869565,25352,TMA,165.0,23,20.0,0
DDD,2013J,23,Pass,697,33919,39.0,3.0,48.664275466284074,25352,TMA,165.0,23,20.0,0
DDD,2013J,23,Fail,185,7527,34.0,3.0,40.68648648648649,25352,TMA,165.0,23,20.0,0
DDD,2013J,23,Withdrawn,60,1672,21.0,2.0,27.866666666666667,25352,TMA,165.0,23,20.0,0
DDD,2013J,24,Distinction,89,4064,37.0,4.0,45.662921348314605,25352,TMA,165.0,23,20.0,1
DDD,2013J,24,Pass,618,17315,18.0,3.0,28.01779935275081,25352,TMA,165.0,23,20.0,1
DDD,2013J,24,Fail,135,2898,13.0,2.0,21.466666666666665,25352,TMA,165.0,23,20.0,1
DDD,2013J,24,Withdrawn,38,589,11.0,2.0,15.5,25352,TMA,165.0,23,20.0,1
DDD,2013J,27,Distinction,87,2922,18.0,3.0,33.58620689655172,25353,TMA,207.0,29,20.0,-2
DDD,2013J,27,Pass,549,12837,14.0,2.0,23.382513661202186,25353,TMA,207.0,29,20.0,-2
DDD,2013J,27,Fail,106,1762,10.0,1.0,16.62264150943396,25353,TMA,207.0,29,20.0,-2
DDD,2013J,27,Withdrawn,24,289,11.5,1.0,12.041666666666666,25353,TMA,207.0,29,20.0,-2
DDD,2013J,28,Distinction,89,3784,25.0,3.0,42.51685393258427,25353,TMA,207.0,29,20.0,-1
DDD,2013J,28,Pass,600,17542,18.0,2.0,29.236666666666668,25353,TMA,207.0,29,20.0,-1
DDD,2013J,28,Fail,113,2061,14.0,2.0,18.238938053097346,25353,TMA,207.0,29,20.0,-1
DDD,2013J,28,Withdrawn,31,464,12.0,1.0,14.96774193548387,25353,TMA,207.0,29,20.0,-1
DDD,2013J,29,Distinction,95,6748,48.0,4.0,71.03157894736842,25353,TMA,207.0,29,20.0,0
DDD,2013J,29,Pass,665,31656,33.0,3.0,47.60300751879699,25353,TMA,207.0,29,20.0,0
DDD,2013J,29,Fail,151,4577,21.0,2.0,30.311258278145694,25353,TMA,207.0,29,20.0,0
DDD,2013J,29,Withdrawn,26,657,17.0,2.0,25.26923076923077,25353,TMA,207.0,29,20.0,0
DDD,2013J,30,Distinction,94,10276,60.0,4.0,109.31914893617021,25353,TMA,207.0,29,20.0,1
DDD,2013J,30,Pass,600,29797,26.0,3.0,49.66166666666667,25353,TMA,207.0,29,20.0,1
DDD,2013J,30,Fail,98,2479,13.5,2.0,25.29591836734694,25353,TMA,207.0,29,20.0,1
DDD,2013J,30,Withdrawn,15,147,4.0,1.0,9.8,25353,TMA,207.0,29,20.0,1
DDD,2013J,35,Distinction,66,576,4.0,1.0,8.727272727272727,25354,Exam,261.0,37,100.0,-2
DDD,2013J,35,Pass,311,2045,4.0,1.0,6.57556270096463,25354,Exam,261.0,37,100.0,-2
DDD,2013J,35,Fail,47,192,3.0,1.0,4.085106382978723,25354,Exam,261.0,37,100.0,-2
DDD,2013J,35,Withdrawn,1,1,1.0,1.0,1.0,25354,Exam,261.0,37,100.0,-2
DDD,2013J,36,Distinction,52,470,6.5,2.0,9.038461538461538,25354,Exam,261.0,37,100.0,-1
DDD,2013J,36,Pass,303,1723,3.0,1.0,5.686468646864687,25354,Exam,261.0,37,100.0,-1
DDD,2013J,36,Fail,47,246,3.0,1.0,5.23404255319149,25354,Exam,261.0,37,100.0,-1
DDD,2013J,37,Distinction,27,137,3.0,1.0,5.074074074074074,25354,Exam,261.0,37,100.0,0
DDD,2013J,37,Pass,170,602,2.0,1.0,3.541176470588235,25354,Exam,261.0,37,100.0,0
DDD,2013J,37,Fail,25,106,3.0,1.0,4.24,25354,Exam,261.0,37,100.0,0
DDD,2014B,1,Distinction,114,7891,63.5,4.0,69.21929824561404,25355,TMA,25.0,3,10.0,-2
DDD,2014B,1,Pass,340,20482,44.0,3.0,60.241176470588236,25355,TMA,25.0,3,10.0,-2
DDD,2014B,1,Fail,179,7848,26.0,2.0,43.84357541899441,25355,TMA,25.0,3,10.0,-2
DDD,2014B,1,Withdrawn,284,12864,31.0,3.0,45.29577464788732,25355,TMA,25.0,3,10.0,-2
DDD,2014B,2,Distinction,114,9444,63.5,4.0,82.84210526315789,25355,TMA,25.0,3,10.0,-1
DDD,2014B,2,Pass,341,22062,51.0,4.0,64.69794721407625,25355,TMA,25.0,3,10.0,-1
DDD,2014B,2,Fail,186,8249,25.5,3.0,44.3494623655914,25355,TMA,25.0,3,10.0,-1
DDD,2014B,2,Withdrawn,262,11371,27.5,2.0,43.400763358778626,25355,TMA,25.0,3,10.0,-1
DDD,2014B,3,Distinction,115,9965,78.0,5.0,86.65217391304348,25355,TMA,25.0,3,10.0,0
DDD,2014B,3,Pass,353,26308,64.0,4.0,74.52691218130312,25355,TMA,25.0,3,10.0,0
DDD,2014B,3,Fail,207,11963,41.0,3.0,57.792270531400966,25355,TMA,25.0,3,10.0,0
DDD,2014B,3,Withdrawn,269,14918,40.0,3.0,55.45724907063197,25355,TMA,25.0,3,10.0,0
DDD,2014B,4,Distinction,115,7448,53.0,4.0,64.76521739130435,25355,TMA,25.0,3,10.0,1
DDD,2014B,4,Pass,334,16516,38.5,3.0,49.449101796407184,25355,TMA,25.0,3,10.0,1
DDD,2014B,4,Fail,161,5705,23.0,3.0,35.43478260869565,25355,TMA,25.0,3,10.0,1
DDD,2014B,4,Withdrawn,230,9086,24.0,3.0,39.504347826086956,25355,TMA,25.0,3,10.0,1
DDD,2014B,5,Distinction,114,5409,29.5,4.0,47.44736842105263,25356,TMA,53.0,7,12.5,-2
DDD,2014B,5,Pass,314,13102,30.0,3.0,41.72611464968153,25356,TMA,53.0,7,12.5,-2
DDD,2014B,5,Fail,147,8234,17.0,2.0,56.01360544217687,25356,TMA,53.0,7,12.5,-2
DDD,2014B,5,Withdrawn,185,5506,23.0,2.0,29.762162162162163,25356,TMA,53.0,7,12.5,-2
DDD,2014B,6,Distinction,112,5400,36.5,4.0,48.214285714285715,25356,TMA,53.0,7,12.5,-1
DDD,2014B,6,Pass,322,14065,34.5,3.0,43.68012422360248,25356,TMA,53.0,7,12.5,-1
DDD,2014B,6,Fail,136,3879,19.5,2.0,28.522058823529413,25356,TMA,53.0,7,12.5,-1
DDD,2014B,6,Withdrawn,184,6303,24.0,2.0,34.255434782608695,25356,TMA,53.0,7,12.5,-1
DDD,2014B,7,Distinction,116,7374,54.0,5.0,63.56896551724138,25356,TMA,53.0,7,12.5,0
DDD,2014B,7,Pass,349,20569,47.0,4.0,58.93696275071633,25356,TMA,53.0,7,12.5,0
DDD,2014B,7,Fail,170,7719,35.5,3.0,45.40588235294118,25356,TMA,53.0,7,12.5,0
DDD,2014B,7,Withdrawn,199,8600,29.0,3.0,43.21608040201005,25356,TMA,53.0,7,12.5,0
DDD,2014B,8,Distinction,113,3738,23.0,3.0,33.07964601769911,25356,TMA,53.0,7,12.5,1
DDD,2014B,8,Pass,317,8727,16.0,3.0,27.529968454258675,25356,TMA,53.0,7,12.5,1
DDD,2014B,8,Fail,130,2962,14.0,2.0,22.784615384615385,25356,TMA,53.0,7,12.5,1
DDD,2014B,8,Withdrawn,152,3567,15.5,2.0,23.467105263157894,25356,TMA,53.0,7,12.5,1
DDD,2014B,8,Distinction,113,3738,23.0,3.0,33.07964601769911,25357,TMA,74.0,10,17.5,-2
DDD,2014B,8,Pass,317,8727,16.0,3.0,27.529968454258675,25357,TMA,74.0,10,17.5,-2
DDD,2014B,8,Fail,130,2962,14.0,2.0,22.784615384615385,25357,TMA,74.0,10,17.5,-2
DDD,2014B,8,Withdrawn,152,3567,15.5,2.0,23.467105263157894,25357,TMA,74.0,10,17.5,-2
DDD,2014B,9,Distinction,107,4300,28.0,3.0,40.18691588785047,25357,TMA,74.0,10,17.5,-1
DDD,2014B,9,Pass,329,10055,22.0,3.0,30.562310030395135,25357,TMA,74.0,10,17.5,-1
DDD,2014B,9,Fail,116,2797,13.0,2.0,24.112068965517242,25357,TMA,74.0,10,17.5,-1
DDD,2014B,9,Withdrawn,145,3651,15.0,2.0,25.179310344827588,25357,TMA,74.0,10,17.5,-1
DDD,2014B,10,Distinction,115,5023,34.0,4.0,43.678260869565214,25357,TMA,74.0,10,17.5,0
DDD,2014B,10,Pass,345,13659,31.0,3.0,39.59130434782609,25357,TMA,74.0,10,17.5,0
DDD,2014B,10,Fail,138,4433,22.0,3.0,32.1231884057971,25357,TMA,74.0,10,17.5,0
DDD,2014B,10,Withdrawn,137,4071,17.0,2.0,29.715328467153284,25357,TMA,74.0,10,17.5,0
DDD,2014B,11,Distinction,110,2884,15.0,3.0,26.21818181818182,25357,TMA,74.0,10,17.5,1
DDD,2014B,11,Pass,297,7102,14.0,2.0,23.912457912457914,25357,TMA,74.0,10,17.5,1
DDD,2014B,11,Fail,99,1672,12.0,2.0,16.88888888888889,25357,TMA,74.0,10,17.5,1
DDD,2014B,11,Withdrawn,104,2358,14.5,2.0,22.673076923076923,25357,TMA,74.0,10,17.5,1
DDD,2014B,14,Distinction,105,3099,22.0,3.0,29.514285714285716,25358,TMA,116.0,16,20.0,-2
DDD,2014B,14,Pass,278,6787,16.5,2.0,24.413669064748202,25358,TMA,116.0,16,20.0,-2
DDD,2014B,14,Fail,82,1366,9.5,2.0,16.658536585365855,25358,TMA,116.0,16,20.0,-2
DDD,2014B,14,Withdrawn,89,1194,9.0,1.0,13.415730337078651,25358,TMA,116.0,16,20.0,-2
DDD,2014B,15,Distinction,105,4127,32.0,3.0,39.304761904761904,25358,TMA,116.0,16,20.0,-1
DDD,2014B,15,Pass,308,9699,24.0,3.0,31.49025974025974,25358,TMA,116.0,16,20.0,-1
DDD,2014B,15,Fail,93,1661,10.0,2.0,17.86021505376344,25358,TMA,116.0,16,20.0,-1
DDD,2014B,15,Withdrawn,85,1820,16.0,2.0,21.41176470588235,25358,TMA,116.0,16,20.0,-1
DDD,2014B,16,Distinction,112,7840,57.0,4.0,70.0,25358,TMA,116.0,16,20.0,0
DDD,2014B,16,Pass,341,17212,40.0,4.0,50.47507331378299,25358,TMA,116.0,16,20.0,0
DDD,2014B,16,Fail,111,3550,21.0,2.0,31.98198198198198,25358,TMA,116.0,16,20.0,0
DDD,2014B,16,Withdrawn,91,3397,24.0,3.0,37.32967032967033,25358,TMA,116.0,16,20.0,0
DDD,2014B,17,Distinction,112,8053,61.0,4.0,71.90178571428571,25358,TMA,116.0,16,20.0,1
DDD,2014B,17,Pass,309,17428,42.0,3.0,56.40129449838188,25358,TMA,116.0,16,20.0,1
DDD,2014B,17,Fail,80,2745,18.0,2.0,34.3125,25358,TMA,116.0,16,20.0,1
DDD,2014B,17,Withdrawn,70,3134,32.0,3.0,44.77142857142857,25358,TMA,116.0,16,20.0,1
DDD,2014B,20,Distinction,110,5668,33.5,3.0,51.527272727272724,25359,TMA,158.0,22,20.0,-2
DDD,2014B,20,Pass,300,12299,28.5,3.0,40.99666666666667,25359,TMA,158.0,22,20.0,-2
DDD,2014B,20,Fail,66,2064,22.5,2.0,31.272727272727273,25359,TMA,158.0,22,20.0,-2
DDD,2014B,20,Withdrawn,46,1586,25.5,3.0,34.47826086956522,25359,TMA,158.0,22,20.0,-2
DDD,2014B,21,Distinction,112,5655,37.0,3.0,50.49107142857143,25359,TMA,158.0,22,20.0,-1
DDD,2014B,21,Pass,297,10882,27.0,3.0,36.63973063973064,25359,TMA,158.0,22,20.0,-1
DDD,2014B,21,Fail,60,1470,14.5,2.0,24.5,25359,TMA,158.0,22,20.0,-1
DDD,2014B,21,Withdrawn,44,1398,18.5,2.0,31.772727272727273,25359,TMA,158.0,22,20.0,-1
DDD,2014B,22,Distinction,109,5675,46.0,4.0,52.06422018348624,25359,TMA,158.0,22,20.0,0
DDD,2014B,22,Pass,333,15945,36.0,3.0,47.88288288288288,25359,TMA,158.0,22,20.0,0
DDD,2014B,22,Fail,76,2982,26.0,2.0,39.23684210526316,25359,TMA,158.0,22,20.0,0
DDD,2014B,22,Withdrawn,47,1226,17.0,2.0,26.085106382978722,25359,TMA,158.0,22,20.0,0
DDD,2014B,23,Distinction,109,3879,25.0,3.0,35.58715596330275,25359,TMA,158.0,22,20.0,1
DDD,2014B,23,Pass,283,7513,18.0,3.0,26.547703180212014,25359,TMA,158.0,22,20.0,1
DDD,2014B,23,Fail,51,907,8.0,2.0,17.784313725490197,25359,TMA,158.0,22,20.0,1
DDD,2014B,23,Withdrawn,32,524,8.5,2.0,16.375,25359,TMA,158.0,22,20.0,1
DDD,2014B,26,Distinction,103,2697,18.0,3.0,26.184466019417474,25360,TMA,200.0,28,20.0,-2
DDD,2014B,26,Pass,241,4295,12.0,2.0,17.821576763485478,25360,TMA,200.0,28,20.0,-2
DDD,2014B,26,Fail,37,513,7.0,1.0,13.864864864864865,25360,TMA,200.0,28,20.0,-2
DDD,2014B,26,Withdrawn,22,249,5.0,1.0,11.318181818181818,25360,TMA,200.0,28,20.0,-2
DDD,2014B,27,Distinction,101,3984,29.0,3.0,39.445544554455445,25360,TMA,200.0,28,20.0,-1
DDD,2014B,27,Pass,267,6761,16.0,2.0,25.322097378277153,25360,TMA,200.0,28,20.0,-1
DDD,2014B,27,Fail,42,801,13.5,2.0,19.071428571428573,25360,TMA,200.0,28,20.0,-1
DDD,2014B,27,Withdrawn,15,198,12.0,1.0,13.2,25360,TMA,200.0,28,20.0,-1
DDD,2014B,28,Distinction,107,5301,33.0,4.0,49.54205607476636,25360,TMA,200.0,28,20.0,0
DDD,2014B,28,Pass,323,11308,27.0,3.0,35.0092879256966,25360,TMA,200.0,28,20.0,0
DDD,2014B,28,Fail,52,1433,17.0,2.0,27.557692307692307,25360,TMA,200.0,28,20.0,0
DDD,2014B,28,Withdrawn,21,294,8.0,2.0,14.0,25360,TMA,200.0,28,20.0,0
DDD,2014B,29,Distinction,98,6199,36.5,3.0,63.255102040816325,25360,TMA,200.0,28,20.0,1
DDD,2014B,29,Pass,257,8829,17.0,2.0,34.35408560311284,25360,TMA,200.0,28,20.0,1
DDD,2014B,29,Fail,28,272,5.5,1.5,9.714285714285714,25360,TMA,200.0,28,20.0,1
DDD,2014B,29,Withdrawn,15,157,2.0,1.0,10.466666666666667,25360,TMA,200.0,28,20.0,1
DDD,2014B,32,Distinction,117,9615,63.0,5.0,82.17948717948718,25361,Exam,241.0,34,100.0,-2
DDD,2014B,32,Pass,337,18382,43.0,3.0,54.545994065281896,25361,Exam,241.0,34,100.0,-2
DDD,2014B,32,Fail,44,1158,14.0,2.0,26.318181818181817,25361,Exam,241.0,34,100.0,-2
DDD,2014B,32,Withdrawn,9,63,2.0,1.0,7.0,25361,Exam,241.0,34,100.0,-2
DDD,2014B,33,Distinction,87,1303,9.0,2.0,14.977011494252874,25361,Exam,241.0,34,100.0,-1
DDD,2014B,33,Pass,205,1967,6.0,2.0,9.595121951219513,25361,Exam,241.0,34,100.0,-1
DDD,2014B,33,Fail,25,87,2.0,1.0,3.48,25361,Exam,241.0,34,100.0,-1
DDD,2014B,33,Withdrawn,1,1,1.0,1.0,1.0,25361,Exam,241.0,34,100.0,-1
DDD,2014B,34,Distinction,45,348,3.0,1.0,7.733333333333333,25361,Exam,241.0,34,100.0,0
DDD,2014B,34,Pass,124,891,2.0,1.0,7.185483870967742,25361,Exam,241.0,34,100.0,0
DDD,2014B,34,Fail,19,62,2.0,1.0,3.263157894736842,25361,Exam,241.0,34,100.0,0
DDD,2014J,0,Distinction,109,8803,57.0,4.0,80.76146788990826,25362,TMA,20.0,2,5.0,-2
DDD,2014J,0,Pass,637,53049,59.0,4.0,83.27943485086342,25362,TMA,20.0,2,5.0,-2
DDD,2014J,0,Fail,293,13915,33.0,3.0,47.491467576791806,25362,TMA,20.0,2,5.0,-2
DDD,2014J,0,Withdrawn,374,16977,24.0,2.0,45.393048128342244,25362,TMA,20.0,2,5.0,-2
DDD,2014J,1,Distinction,107,7244,48.0,4.0,67.70093457943925,25362,TMA,20.0,2,5.0,-1
DDD,2014J,1,Pass,614,35324,38.0,4.0,57.530944625407166,25362,TMA,20.0,2,5.0,-1
DDD,2014J,1,Fail,277,9566,24.0,2.0,34.53429602888087,25362,TMA,20.0,2,5.0,-1
DDD,2014J,1,Withdrawn,326,11614,20.0,2.0,35.625766871165645,25362,TMA,20.0,2,5.0,-1
DDD,2014J,2,Distinction,109,6724,38.0,4.0,61.68807339449541,25362,TMA,20.0,2,5.0,0
DDD,2014J,2,Pass,650,37491,43.0,4.0,57.67846153846154,25362,TMA,20.0,2,5.0,0
DDD,2014J,2,Fail,306,11246,29.0,3.0,36.751633986928105,25362,TMA,20.0,2,5.0,0
DDD,2014J,2,Withdrawn,318,12442,29.5,3.0,39.125786163522015,25362,TMA,20.0,2,5.0,0
DDD,2014J,3,Distinction,107,7490,46.0,4.0,70.0,25362,TMA,20.0,2,5.0,1
DDD,2014J,3,Pass,630,33387,31.0,4.0,52.99523809523809,25362,TMA,20.0,2,5.0,1
DDD,2014J,3,Fail,273,7783,15.0,2.0,28.50915750915751,25362,TMA,20.0,2,5.0,1
DDD,2014J,3,Withdrawn,267,8093,15.0,2.0,30.310861423220974,25362,TMA,20.0,2,5.0,1
DDD,2014J,3,Distinction,107,7490,46.0,4.0,70.0,25363,TMA,41.0,5,10.0,-2
DDD,2014J,3,Pass,630,33387,31.0,4.0,52.99523809523809,25363,TMA,41.0,5,10.0,-2
DDD,2014J,3,Fail,273,7783,15.0,2.0,28.50915750915751,25363,TMA,41.0,5,10.0,-2
DDD,2014J,3,Withdrawn,267,8093,15.0,2.0,30.310861423220974,25363,TMA,41.0,5,10.0,-2
DDD,2014J,4,Distinction,107,7158,40.0,4.0,66.89719626168224,25363,TMA,41.0,5,10.0,-1
DDD,2014J,4,Pass,615,33593,37.0,4.0,54.62276422764228,25363,TMA,41.0,5,10.0,-1
DDD,2014J,4,Fail,248,7031,14.0,2.0,28.350806451612904,25363,TMA,41.0,5,10.0,-1
DDD,2014J,4,Withdrawn,236,6898,17.0,2.0,29.228813559322035,25363,TMA,41.0,5,10.0,-1
DDD,2014J,5,Distinction,108,6928,42.5,4.0,64.14814814814815,25363,TMA,41.0,5,10.0,0
DDD,2014J,5,Pass,654,36940,40.0,4.0,56.48318042813456,25363,TMA,41.0,5,10.0,0
DDD,2014J,5,Fail,292,10609,31.0,3.0,36.332191780821915,25363,TMA,41.0,5,10.0,0
DDD,2014J,5,Withdrawn,252,8301,25.0,2.0,32.94047619047619,25363,TMA,41.0,5,10.0,0
DDD,2014J,6,Distinction,105,6031,40.0,4.0,57.43809523809524,25363,TMA,41.0,5,10.0,1
DDD,2014J,6,Pass,612,26445,24.0,3.0,43.21078431372549,25363,TMA,41.0,5,10.0,1
DDD,2014J,6,Fail,242,5021,11.0,2.0,20.74793388429752,25363,TMA,41.0,5,10.0,1
DDD,2014J,6,Withdrawn,214,5813,16.0,2.0,27.16355140186916,25363,TMA,41.0,5,10.0,1
DDD,2014J,6,Distinction,105,6031,40.0,4.0,57.43809523809524,25364,TMA,62.0,8,10.0,-2
DDD,2014J,6,Pass,612,26445,24.0,3.0,43.21078431372549,25364,TMA,62.0,8,10.0,-2
DDD,2014J,6,Fail,242,5021,11.0,2.0,20.74793388429752,25364,TMA,62.0,8,10.0,-2
DDD,2014J,6,Withdrawn,214,5813,16.0,2.0,27.16355140186916,25364,TMA,62.0,8,10.0,-2
DDD,2014J,7,Distinction,104,4834,30.0,3.5,46.48076923076923,25364,TMA,62.0,8,10.0,-1
DDD,2014J,7,Pass,598,21416,21.0,3.0,35.812709030100336,25364,TMA,62.0,8,10.0,-1
DDD,2014J,7,Fail,210,3638,10.0,2.0,17.323809523809523,25364,TMA,62.0,8,10.0,-1
DDD,2014J,7,Withdrawn,172,3358,11.0,2.0,19.523255813953487,25364,TMA,62.0,8,10.0,-1
DDD,2014J,8,Distinction,109,5516,35.0,4.0,50.60550458715596,25364,TMA,62.0,8,10.0,0
DDD,2014J,8,Pass,648,27685,34.0,3.0,42.723765432098766,25364,TMA,62.0,8,10.0,0
DDD,2014J,8,Fail,260,7677,22.5,3.0,29.526923076923076,25364,TMA,62.0,8,10.0,0
DDD,2014J,8,Withdrawn,193,5775,21.0,2.0,29.922279792746114,25364,TMA,62.0,8,10.0,0
DDD,2014J,9,Distinction,94,4452,22.5,3.0,47.361702127659576,25364,TMA,62.0,8,10.0,1
DDD,2014J,9,Pass,516,17362,16.0,2.0,33.64728682170543,25364,TMA,62.0,8,10.0,1
DDD,2014J,9,Fail,182,3003,8.0,2.0,16.5,25364,TMA,62.0,8,10.0,1
DDD,2014J,9,Withdrawn,130,2848,12.0,2.0,21.907692307692308,25364,TMA,62.0,8,10.0,1
DDD,2014J,13,Distinction,96,4353,27.0,3.0,45.34375,25365,TMA,111.0,15,25.0,-2
DDD,2014J,13,Pass,542,18369,17.0,3.0,33.891143911439116,25365,TMA,111.0,15,25.0,-2
DDD,2014J,13,Fail,173,2286,8.0,1.0,13.213872832369942,25365,TMA,111.0,15,25.0,-2
DDD,2014J,13,Withdrawn,103,1901,9.0,2.0,18.45631067961165,25365,TMA,111.0,15,25.0,-2
DDD,2014J,14,Distinction,100,3553,18.0,3.0,35.53,25365,TMA,111.0,15,25.0,-1
DDD,2014J,14,Pass,556,17277,19.0,3.0,31.073741007194243,25365,TMA,111.0,15,25.0,-1
DDD,2014J,14,Fail,168,2630,10.0,2.0,15.654761904761905,25365,TMA,111.0,15,25.0,-1
DDD,2014J,14,Withdrawn,101,2041,10.0,2.0,20.207920792079207,25365,TMA,111.0,15,25.0,-1
DDD,2014J,15,Distinction,109,5480,37.0,4.0,50.27522935779817,25365,TMA,111.0,15,25.0,0
DDD,2014J,15,Pass,647,30298,31.0,3.0,46.82843894899536,25365,TMA,111.0,15,25.0,0
DDD,2014J,15,Fail,236,6940,20.5,2.0,29.406779661016948,25365,TMA,111.0,15,25.0,0
DDD,2014J,15,Withdrawn,132,3646,17.0,2.0,27.62121212121212,25365,TMA,111.0,15,25.0,0
DDD,2014J,16,Distinction,104,4298,31.0,3.5,41.32692307692308,25365,TMA,111.0,15,25.0,1
DDD,2014J,16,Pass,601,19377,19.0,3.0,32.24126455906822,25365,TMA,111.0,15,25.0,1
DDD,2014J,16,Fail,176,2807,11.0,2.0,15.948863636363637,25365,TMA,111.0,15,25.0,1
DDD,2014J,16,Withdrawn,93,2115,13.0,2.0,22.741935483870968,25365,TMA,111.0,15,25.0,1
DDD,2014J,18,Distinction,101,3993,24.0,3.0,39.53465346534654,25366,TMA,146.0,20,25.0,-2
DDD,2014J,18,Pass,549,17388,18.0,3.0,31.672131147540984,25366,TMA,146.0,20,25.0,-2
DDD,2014J,18,Fail,161,2574,9.0,2.0,15.987577639751553,25366,TMA,146.0,20,25.0,-2
DDD,2014J,18,Withdrawn,74,1176,8.0,2.0,15.891891891891891,25366,TMA,146.0,20,25.0,-2
DDD,2014J,19,Distinction,98,4223,25.0,3.0,43.09183673469388,25366,TMA,146.0,20,25.0,-1
DDD,2014J,19,Pass,574,18854,19.0,2.0,32.846689895470384,25366,TMA,146.0,20,25.0,-1
DDD,2014J,19,Fail,172,2883,12.0,2.0,16.761627906976745,25366,TMA,146.0,20,25.0,-1
DDD,2014J,19,Withdrawn,68,1075,7.5,1.0,15.808823529411764,25366,TMA,146.0,20,25.0,-1
DDD,2014J,20,Distinction,107,5657,35.0,4.0,52.86915887850467,25366,TMA,146.0,20,25.0,0
DDD,2014J,20,Pass,643,31764,36.0,4.0,49.39968895800933,25366,TMA,146.0,20,25.0,0
DDD,2014J,20,Fail,216,7189,19.5,3.0,33.282407407407405,25366,TMA,146.0,20,25.0,0
DDD,2014J,20,Withdrawn,76,1978,16.0,2.0,26.026315789473685,25366,TMA,146.0,20,25.0,0
DDD,2014J,21,Distinction,101,4057,23.0,3.0,40.16831683168317,25366,TMA,146.0,20,25.0,1
DDD,2014J,21,Pass,570,18414,17.0,3.0,32.305263157894736,25366,TMA,146.0,20,25.0,1
DDD,2014J,21,Fail,173,2398,9.0,2.0,13.861271676300579,25366,TMA,146.0,20,25.0,1
DDD,2014J,21,Withdrawn,61,1176,8.0,2.0,19.278688524590162,25366,TMA,146.0,20,25.0,1
DDD,2014J,25,Distinction,88,2512,15.0,2.0,28.545454545454547,25367,TMA,195.0,27,25.0,-2
DDD,2014J,25,Pass,468,9823,12.0,2.0,20.98931623931624,25367,TMA,195.0,27,25.0,-2
DDD,2014J,25,Fail,103,915,6.0,1.0,8.883495145631068,25367,TMA,195.0,27,25.0,-2
DDD,2014J,25,Withdrawn,27,515,14.0,2.0,19.074074074074073,25367,TMA,195.0,27,25.0,-2
DDD,2014J,26,Distinction,93,2567,17.0,2.0,27.602150537634408,25367,TMA,195.0,27,25.0,-1
DDD,2014J,26,Pass,544,12502,13.0,2.0,22.981617647058822,25367,TMA,195.0,27,25.0,-1
DDD,2014J,26,Fail,128,1849,9.0,2.0,14.4453125,25367,TMA,195.0,27,25.0,-1
DDD,2014J,26,Withdrawn,24,389,7.0,1.5,16.208333333333332,25367,TMA,195.0,27,25.0,-1
DDD,2014J,27,Distinction,107,4009,24.0,3.0,37.467289719626166,25367,TMA,195.0,27,25.0,0
DDD,2014J,27,Pass,632,23617,27.0,3.0,37.36867088607595,25367,TMA,195.0,27,25.0,0
DDD,2014J,27,Fail,184,4973,18.0,2.0,27.027173913043477,25367,TMA,195.0,27,25.0,0
DDD,2014J,27,Withdrawn,30,911,10.5,2.0,30.366666666666667,25367,TMA,195.0,27,25.0,0
DDD,2014J,28,Distinction,98,3728,21.0,3.0,38.04081632653061,25367,TMA,195.0,27,25.0,1
DDD,2014J,28,Pass,520,14418,18.0,3.0,27.726923076923075,25367,TMA,195.0,27,25.0,1
DDD,2014J,28,Fail,120,2092,9.0,2.0,17.433333333333334,25367,TMA,195.0,27,25.0,1
DDD,2014J,28,Withdrawn,13,160,10.0,2.0,12.307692307692308,25367,TMA,195.0,27,25.0,1
EEE,2013J,2,Distinction,124,22030,151.0,4.0,177.66129032258064,30709,TMA,33.0,4,16.0,-2
EEE,2013J,2,Pass,461,66415,137.0,4.0,144.06724511930585,30709,TMA,33.0,4,16.0,-2
EEE,2013J,2,Fail,142,21538,147.0,3.0,151.67605633802816,30709,TMA,33.0,4,16.0,-2
EEE,2013J,2,Withdrawn,105,13887,130.0,3.0,132.25714285714287,30709,TMA,33.0,4,16.0,-2
EEE,2013J,3,Distinction,119,12263,79.0,4.0,103.05042016806723,30709,TMA,33.0,4,16.0,-1
EEE,2013J,3,Pass,436,32529,59.0,3.0,74.60779816513761,30709,TMA,33.0,4,16.0,-1
EEE,2013J,3,Fail,128,6179,29.5,2.0,48.2734375,30709,TMA,33.0,4,16.0,-1
EEE,2013J,3,Withdrawn,82,4329,34.0,2.0,52.792682926829265,30709,TMA,33.0,4,16.0,-1
EEE,2013J,4,Distinction,123,13745,90.0,5.0,111.7479674796748,30709,TMA,33.0,4,16.0,0
EEE,2013J,4,Pass,476,46261,85.0,4.0,97.18697478991596,30709,TMA,33.0,4,16.0,0
EEE,2013J,4,Fail,152,14364,81.5,3.0,94.5,30709,TMA,33.0,4,16.0,0
EEE,2013J,4,Withdrawn,95,7089,66.0,3.0,74.62105263157895,30709,TMA,33.0,4,16.0,0
EEE,2013J,5,Distinction,124,7889,41.5,3.0,63.62096774193548,30709,TMA,33.0,4,16.0,1
EEE,2013J,5,Pass,438,20718,29.0,3.0,47.3013698630137,30709,TMA,33.0,4,16.0,1
EEE,2013J,5,Fail,124,4205,18.5,2.0,33.91129032258065,30709,TMA,33.0,4,16.0,1
EEE,2013J,5,Withdrawn,75,2764,24.0,2.0,36.85333333333333,30709,TMA,33.0,4,16.0,1
EEE,2013J,7,Distinction,124,10330,63.0,4.0,83.30645161290323,30710,TMA,68.0,9,28.0,-2
EEE,2013J,7,Pass,430,26841,45.0,3.5,62.42093023255814,30710,TMA,68.0,9,28.0,-2
EEE,2013J,7,Fail,115,4171,20.0,2.0,36.2695652173913,30710,TMA,68.0,9,28.0,-2
EEE,2013J,7,Withdrawn,64,3060,37.5,2.0,47.8125,30710,TMA,68.0,9,28.0,-2
EEE,2013J,8,Distinction,123,8401,56.0,4.0,68.30081300813008,30710,TMA,68.0,9,28.0,-1
EEE,2013J,8,Pass,443,24514,43.0,4.0,55.33634311512415,30710,TMA,68.0,9,28.0,-1
EEE,2013J,8,Fail,105,4423,30.0,2.0,42.12380952380953,30710,TMA,68.0,9,28.0,-1
EEE,2013J,8,Withdrawn,61,2378,34.0,3.0,38.98360655737705,30710,TMA,68.0,9,28.0,-1
EEE,2013J,9,Distinction,125,11238,79.0,4.0,89.904,30710,TMA,68.0,9,28.0,0
EEE,2013J,9,Pass,469,36113,61.0,4.0,77.0,30710,TMA,68.0,9,28.0,0
EEE,2013J,9,Fail,123,6792,51.0,3.0,55.21951219512195,30710,TMA,68.0,9,28.0,0
EEE,2013J,9,Withdrawn,58,2783,44.5,3.0,47.98275862068966,30710,TMA,68.0,9,28.0,0
EEE,2013J,10,Distinction,108,4886,28.0,3.0,45.24074074074074,30710,TMA,68.0,9,28.0,1
EEE,2013J,10,Pass,366,12384,19.0,2.0,33.83606557377049,30710,TMA,68.0,9,28.0,1
EEE,2013J,10,Fail,82,2079,15.0,1.0,25.353658536585368,30710,TMA,68.0,9,28.0,1
EEE,2013J,10,Withdrawn,41,1054,10.0,1.0,25.70731707317073,30710,TMA,68.0,9,28.0,1
EEE,2013J,15,Distinction,115,8505,57.0,4.0,73.95652173913044,30711,TMA,124.0,17,28.0,-2
EEE,2013J,15,Pass,403,20649,35.0,3.0,51.23821339950372,30711,TMA,124.0,17,28.0,-2
EEE,2013J,15,Fail,67,1701,17.0,2.0,25.388059701492537,30711,TMA,124.0,17,28.0,-2
EEE,2013J,15,Withdrawn,30,1209,27.5,2.0,40.3,30711,TMA,124.0,17,28.0,-2
EEE,2013J,16,Distinction,119,11990,71.0,5.0,100.75630252100841,30711,TMA,124.0,17,28.0,-1
EEE,2013J,16,Pass,424,25950,43.5,3.0,61.20283018867924,30711,TMA,124.0,17,28.0,-1
EEE,2013J,16,Fail,61,1985,21.0,2.0,32.540983606557376,30711,TMA,124.0,17,28.0,-1
EEE,2013J,16,Withdrawn,28,1351,28.5,2.0,48.25,30711,TMA,124.0,17,28.0,-1
EEE,2013J,17,Distinction,126,16111,100.5,5.0,127.86507936507937,30711,TMA,124.0,17,28.0,0
EEE,2013J,17,Pass,467,41883,67.0,4.0,89.68522483940043,30711,TMA,124.0,17,28.0,0
EEE,2013J,17,Fail,80,3986,38.5,3.0,49.825,30711,TMA,124.0,17,28.0,0
EEE,2013J,17,Withdrawn,34,1677,27.0,2.0,49.3235294117647,30711,TMA,124.0,17,28.0,0
EEE,2013J,18,Distinction,115,13141,88.0,4.0,114.2695652173913,30711,TMA,124.0,17,28.0,1
EEE,2013J,18,Pass,388,28510,46.0,3.0,73.47938144329896,30711,TMA,124.0,17,28.0,1
EEE,2013J,18,Fail,51,1808,24.0,2.0,35.450980392156865,30711,TMA,124.0,17,28.0,1
EEE,2013J,18,Withdrawn,16,656,8.5,2.0,41.0,30711,TMA,124.0,17,28.0,1
EEE,2013J,20,Distinction,121,18818,129.0,4.0,155.5206611570248,30712,TMA,159.0,22,28.0,-2
EEE,2013J,20,Pass,413,38676,66.0,3.0,93.64648910411623,30712,TMA,159.0,22,28.0,-2
EEE,2013J,20,Fail,47,1689,18.0,1.0,35.93617021276596,30712,TMA,159.0,22,28.0,-2
EEE,2013J,20,Withdrawn,18,988,18.5,1.0,54.888888888888886,30712,TMA,159.0,22,28.0,-2
EEE,2013J,21,Distinction,122,21419,141.5,5.0,175.5655737704918,30712,TMA,159.0,22,28.0,-1
EEE,2013J,21,Pass,436,49463,91.0,3.5,113.44724770642202,30712,TMA,159.0,22,28.0,-1
EEE,2013J,21,Fail,46,2494,30.0,1.0,54.21739130434783,30712,TMA,159.0,22,28.0,-1
EEE,2013J,21,Withdrawn,14,746,20.0,1.0,53.285714285714285,30712,TMA,159.0,22,28.0,-1
EEE,2013J,22,Distinction,126,26521,182.5,5.0,210.484126984127,30712,TMA,159.0,22,28.0,0
EEE,2013J,22,Pass,464,70120,127.5,4.0,151.1206896551724,30712,TMA,159.0,22,28.0,0
EEE,2013J,22,Fail,51,4146,64.0,3.0,81.29411764705883,30712,TMA,159.0,22,28.0,0
EEE,2013J,22,Withdrawn,9,674,53.0,3.0,74.88888888888889,30712,TMA,159.0,22,28.0,0
EEE,2013J,23,Distinction,113,6661,29.0,3.0,58.94690265486726,30712,TMA,159.0,22,28.0,1
EEE,2013J,23,Pass,382,18019,21.0,2.0,47.17015706806283,30712,TMA,159.0,22,28.0,1
EEE,2013J,23,Fail,26,677,17.0,1.0,26.03846153846154,30712,TMA,159.0,22,28.0,1
EEE,2013J,23,Withdrawn,7,32,3.0,1.0,4.571428571428571,30712,TMA,159.0,22,28.0,1
EEE,2014B,2,Distinction,72,9777,117.5,5.0,135.79166666666666,30714,TMA,33.0,4,16.0,-2
EEE,2014B,2,Pass,272,33902,116.5,3.0,124.63970588235294,30714,TMA,33.0,4,16.0,-2
EEE,2014B,2,Fail,119,12200,104.0,3.0,102.52100840336135,30714,TMA,33.0,4,16.0,-2
EEE,2014B,2,Withdrawn,76,9021,116.0,3.0,118.69736842105263,30714,TMA,33.0,4,16.0,-2
EEE,2014B,3,Distinction,70,6397,76.5,4.0,91.38571428571429,30714,TMA,33.0,4,16.0,-1
EEE,2014B,3,Pass,259,17469,49.0,3.0,67.44787644787645,30714,TMA,33.0,4,16.0,-1
EEE,2014B,3,Fail,109,4129,29.0,2.0,37.88073394495413,30714,TMA,33.0,4,16.0,-1
EEE,2014B,3,Withdrawn,61,2693,32.0,3.0,44.14754098360656,30714,TMA,33.0,4,16.0,-1
EEE,2014B,4,Distinction,71,6172,63.0,4.0,86.92957746478874,30714,TMA,33.0,4,16.0,0
EEE,2014B,4,Pass,276,22512,69.0,4.0,81.56521739130434,30714,TMA,33.0,4,16.0,0
EEE,2014B,4,Fail,127,8854,61.0,3.0,69.71653543307086,30714,TMA,33.0,4,16.0,0
EEE,2014B,4,Withdrawn,71,4105,47.0,3.0,57.816901408450704,30714,TMA,33.0,4,16.0,0
EEE,2014B,5,Distinction,70,4846,48.0,3.0,69.22857142857143,30714,TMA,33.0,4,16.0,1
EEE,2014B,5,Pass,262,11009,31.0,3.0,42.01908396946565,30714,TMA,33.0,4,16.0,1
EEE,2014B,5,Fail,98,2762,13.0,2.0,28.183673469387756,30714,TMA,33.0,4,16.0,1
EEE,2014B,5,Withdrawn,50,1359,17.5,2.0,27.18,30714,TMA,33.0,4,16.0,1
EEE,2014B,7,Distinction,70,5222,58.5,4.0,74.6,30715,TMA,68.0,9,28.0,-2
EEE,2014B,7,Pass,252,14881,41.5,3.0,59.051587301587304,30715,TMA,68.0,9,28.0,-2
EEE,2014B,7,Fail,86,3759,25.5,2.0,43.7093023255814,30715,TMA,68.0,9,28.0,-2
EEE,2014B,7,Withdrawn,36,1661,29.5,3.0,46.138888888888886,30715,TMA,68.0,9,28.0,-2
EEE,2014B,8,Distinction,69,4651,57.0,4.0,67.40579710144928,30715,TMA,68.0,9,28.0,-1
EEE,2014B,8,Pass,269,15342,40.0,3.0,57.03345724907063,30715,TMA,68.0,9,28.0,-1
EEE,2014B,8,Fail,82,3048,25.5,2.0,37.170731707317074,30715,TMA,68.0,9,28.0,-1
EEE,2014B,8,Withdrawn,34,1195,15.0,2.0,35.14705882352941,30715,TMA,68.0,9,28.0,-1
EEE,2014B,9,Distinction,70,5099,65.5,5.0,72.84285714285714,30715,TMA,68.0,9,28.0,0
EEE,2014B,9,Pass,277,18915,59.0,4.0,68.28519855595668,30715,TMA,68.0,9,28.0,0
EEE,2014B,9,Fail,91,5532,46.0,3.0,60.79120879120879,30715,TMA,68.0,9,28.0,0
EEE,2014B,9,Withdrawn,33,1940,46.0,3.0,58.78787878787879,30715,TMA,68.0,9,28.0,0
EEE,2014B,10,Distinction,59,2010,20.0,2.0,34.067796610169495,30715,TMA,68.0,9,28.0,1
EEE,2014B,10,Pass,209,5675,14.0,2.0,27.15311004784689,30715,TMA,68.0,9,28.0,1
EEE,2014B,10,Fail,69,1787,13.0,1.0,25.89855072463768,30715,TMA,68.0,9,28.0,1
EEE,2014B,10,Withdrawn,21,505,15.0,1.0,24.047619047619047,30715,TMA,68.0,9,28.0,1
EEE,2014B,14,Distinction,62,3958,57.0,4.0,63.83870967741935,30716,TMA,117.0,16,28.0,-2
EEE,2014B,14,Pass,215,8846,33.0,3.0,41.14418604651163,30716,TMA,117.0,16,28.0,-2
EEE,2014B,14,Fail,47,928,9.0,1.0,19.74468085106383,30716,TMA,117.0,16,28.0,-2
EEE,2014B,14,Withdrawn,16,351,19.0,1.5,21.9375,30716,TMA,117.0,16,28.0,-2
EEE,2014B,15,Distinction,70,4930,53.5,4.0,70.42857142857143,30716,TMA,117.0,16,28.0,-1
EEE,2014B,15,Pass,242,12305,38.0,3.0,50.84710743801653,30716,TMA,117.0,16,28.0,-1
EEE,2014B,15,Fail,58,1360,16.0,2.0,23.448275862068964,30716,TMA,117.0,16,28.0,-1
EEE,2014B,15,Withdrawn,18,550,13.0,2.0,30.555555555555557,30716,TMA,117.0,16,28.0,-1
EEE,2014B,16,Distinction,68,5439,57.0,4.0,79.98529411764706,30716,TMA,117.0,16,28.0,0
EEE,2014B,16,Pass,268,19115,60.0,4.0,71.32462686567165,30716,TMA,117.0,16,28.0,0
EEE,2014B,16,Fail,61,2936,45.0,3.0,48.131147540983605,30716,TMA,117.0,16,28.0,0
EEE,2014B,16,Withdrawn,13,758,61.0,3.0,58.30769230769231,30716,TMA,117.0,16,28.0,0
EEE,2014B,17,Distinction,67,7464,74.0,4.0,111.40298507462687,30716,TMA,117.0,16,28.0,1
EEE,2014B,17,Pass,243,16685,49.0,3.0,68.66255144032922,30716,TMA,117.0,16,28.0,1
EEE,2014B,17,Fail,41,1996,26.0,2.0,48.68292682926829,30716,TMA,117.0,16,28.0,1
EEE,2014B,17,Withdrawn,11,414,26.0,2.0,37.63636363636363,30716,TMA,117.0,16,28.0,1
EEE,2014B,19,Distinction,69,11142,135.0,4.0,161.47826086956522,30717,TMA,152.0,21,28.0,-2
EEE,2014B,19,Pass,244,24371,70.0,3.0,99.8811475409836,30717,TMA,152.0,21,28.0,-2
EEE,2014B,19,Fail,39,1471,21.0,1.0,37.717948717948715,30717,TMA,152.0,21,28.0,-2
EEE,2014B,19,Withdrawn,8,487,4.5,1.0,60.875,30717,TMA,152.0,21,28.0,-2
EEE,2014B,20,Distinction,70,11337,154.5,5.0,161.95714285714286,30717,TMA,152.0,21,28.0,-1
EEE,2014B,20,Pass,237,31083,90.0,3.0,131.15189873417722,30717,TMA,152.0,21,28.0,-1
EEE,2014B,20,Fail,39,2042,23.0,1.0,52.35897435897436,30717,TMA,152.0,21,28.0,-1
EEE,2014B,20,Withdrawn,6,365,49.0,2.0,60.833333333333336,30717,TMA,152.0,21,28.0,-1
EEE,2014B,21,Distinction,70,13386,143.5,5.0,191.22857142857143,30717,TMA,152.0,21,28.0,0
EEE,2014B,21,Pass,266,36625,108.0,4.0,137.68796992481202,30717,TMA,152.0,21,28.0,0
EEE,2014B,21,Fail,41,3733,66.0,3.0,91.04878048780488,30717,TMA,152.0,21,28.0,0
EEE,2014B,21,Withdrawn,9,1561,128.0,3.0,173.44444444444446,30717,TMA,152.0,21,28.0,0
EEE,2014B,22,Distinction,65,2769,20.0,3.0,42.6,30717,TMA,152.0,21,28.0,1
EEE,2014B,22,Pass,213,7327,18.0,2.0,34.39906103286385,30717,TMA,152.0,21,28.0,1
EEE,2014B,22,Fail,28,453,9.5,1.0,16.178571428571427,30717,TMA,152.0,21,28.0,1
EEE,2014B,22,Withdrawn,6,189,16.5,1.5,31.5,30717,TMA,152.0,21,28.0,1
EEE,2014J,2,Distinction,155,20431,117.0,5.0,131.81290322580645,30719,TMA,33.0,4,16.0,-2
EEE,2014J,2,Pass,499,66131,125.0,4.0,132.52705410821645,30719,TMA,33.0,4,16.0,-2
EEE,2014J,2,Fail,137,15510,106.0,3.0,113.21167883211679,30719,TMA,33.0,4,16.0,-2
EEE,2014J,2,Withdrawn,141,14207,98.0,2.0,100.75886524822695,30719,TMA,33.0,4,16.0,-2
EEE,2014J,3,Distinction,147,11778,60.0,4.0,80.12244897959184,30719,TMA,33.0,4,16.0,-1
EEE,2014J,3,Pass,464,27855,45.0,3.0,60.0323275862069,30719,TMA,33.0,4,16.0,-1
EEE,2014J,3,Fail,124,7203,48.5,2.0,58.08870967741935,30719,TMA,33.0,4,16.0,-1
EEE,2014J,3,Withdrawn,118,4916,24.0,2.0,41.66101694915254,30719,TMA,33.0,4,16.0,-1
EEE,2014J,4,Distinction,155,14016,74.0,4.0,90.4258064516129,30719,TMA,33.0,4,16.0,0
EEE,2014J,4,Pass,510,40593,65.5,4.0,79.59411764705882,30719,TMA,33.0,4,16.0,0
EEE,2014J,4,Fail,147,9957,65.0,3.0,67.73469387755102,30719,TMA,33.0,4,16.0,0
EEE,2014J,4,Withdrawn,124,7077,46.0,3.0,57.07258064516129,30719,TMA,33.0,4,16.0,0
EEE,2014J,5,Distinction,153,9018,43.0,4.0,58.94117647058823,30719,TMA,33.0,4,16.0,1
EEE,2014J,5,Pass,477,22456,33.0,3.0,47.077568134171905,30719,TMA,33.0,4,16.0,1
EEE,2014J,5,Fail,105,3885,30.0,2.0,37.0,30719,TMA,33.0,4,16.0,1
EEE,2014J,5,Withdrawn,91,3242,23.0,3.0,35.62637362637363,30719,TMA,33.0,4,16.0,1
EEE,2014J,7,Distinction,155,10893,51.0,4.0,70.27741935483871,30720,TMA,68.0,9,28.0,-2
EEE,2014J,7,Pass,465,25168,40.0,3.0,54.1247311827957,30720,TMA,68.0,9,28.0,-2
EEE,2014J,7,Fail,96,4124,32.5,2.0,42.958333333333336,30720,TMA,68.0,9,28.0,-2
EEE,2014J,7,Withdrawn,78,2080,14.5,2.0,26.666666666666668,30720,TMA,68.0,9,28.0,-2
EEE,2014J,8,Distinction,151,10989,58.0,4.0,72.7748344370861,30720,TMA,68.0,9,28.0,-1
EEE,2014J,8,Pass,476,27663,39.0,3.0,58.115546218487395,30720,TMA,68.0,9,28.0,-1
EEE,2014J,8,Fail,101,3793,25.0,2.0,37.554455445544555,30720,TMA,68.0,9,28.0,-1
EEE,2014J,8,Withdrawn,65,2069,16.0,2.0,31.83076923076923,30720,TMA,68.0,9,28.0,-1
EEE,2014J,9,Distinction,156,15232,83.0,4.0,97.64102564102564,30720,TMA,68.0,9,28.0,0
EEE,2014J,9,Pass,506,42758,72.0,4.0,84.50197628458498,30720,TMA,68.0,9,28.0,0
EEE,2014J,9,Fail,121,8708,58.0,3.0,71.96694214876032,30720,TMA,68.0,9,28.0,0
EEE,2014J,9,Withdrawn,69,4084,46.0,3.0,59.18840579710145,30720,TMA,68.0,9,28.0,0
EEE,2014J,10,Distinction,132,6032,29.0,3.0,45.696969696969695,30720,TMA,68.0,9,28.0,1
EEE,2014J,10,Pass,393,8797,11.0,2.0,22.384223918575064,30720,TMA,68.0,9,28.0,1
EEE,2014J,10,Fail,77,2952,19.0,2.0,38.33766233766234,30720,TMA,68.0,9,28.0,1
EEE,2014J,10,Withdrawn,37,700,11.0,2.0,18.91891891891892,30720,TMA,68.0,9,28.0,1
EEE,2014J,16,Distinction,149,10616,51.0,4.0,71.24832214765101,30721,TMA,131.0,18,28.0,-2
EEE,2014J,16,Pass,441,21415,33.0,2.0,48.560090702947846,30721,TMA,131.0,18,28.0,-2
EEE,2014J,16,Fail,60,2454,18.5,2.0,40.9,30721,TMA,131.0,18,28.0,-2
EEE,2014J,16,Withdrawn,30,972,14.0,1.0,32.4,30721,TMA,131.0,18,28.0,-2
EEE,2014J,17,Distinction,149,11200,66.0,4.0,75.16778523489933,30721,TMA,131.0,18,28.0,-1
EEE,2014J,17,Pass,462,23747,36.0,3.0,51.400432900432904,30721,TMA,131.0,18,28.0,-1
EEE,2014J,17,Fail,66,2412,16.5,2.0,36.54545454545455,30721,TMA,131.0,18,28.0,-1
EEE,2014J,17,Withdrawn,29,1114,27.0,1.0,38.41379310344828,30721,TMA,131.0,18,28.0,-1
EEE,2014J,18,Distinction,155,15317,86.0,5.0,98.81935483870967,30721,TMA,131.0,18,28.0,0
EEE,2014J,18,Pass,506,37976,58.5,4.0,75.05138339920948,30721,TMA,131.0,18,28.0,0
EEE,2014J,18,Fail,84,4190,28.0,2.0,49.88095238095238,30721,TMA,131.0,18,28.0,0
EEE,2014J,18,Withdrawn,30,1430,29.5,2.0,47.666666666666664,30721,TMA,131.0,18,28.0,0
EEE,2014J,19,Distinction,147,16050,79.0,4.0,109.18367346938776,30721,TMA,131.0,18,28.0,1
EEE,2014J,19,Pass,431,28203,40.0,3.0,65.43619489559164,30721,TMA,131.0,18,28.0,1
EEE,2014J,19,Fail,52,2911,32.5,3.0,55.98076923076923,30721,TMA,131.0,18,28.0,1
EEE,2014J,19,Withdrawn,17,401,6.0,2.0,23.58823529411765,30721,TMA,131.0,18,28.0,1
EEE,2014J,21,Distinction,155,23388,126.0,4.0,150.89032258064515,30722,TMA,166.0,23,28.0,-2
EEE,2014J,21,Pass,438,37482,60.0,3.0,85.57534246575342,30722,TMA,166.0,23,28.0,-2
EEE,2014J,21,Fail,54,3065,43.0,2.0,56.75925925925926,30722,TMA,166.0,23,28.0,-2
EEE,2014J,21,Withdrawn,12,479,18.5,2.0,39.916666666666664,30722,TMA,166.0,23,28.0,-2
EEE,2014J,22,Distinction,153,24364,124.0,5.0,159.24183006535947,30722,TMA,166.0,23,28.0,-1
EEE,2014J,22,Pass,465,51337,70.0,3.0,110.40215053763441,30722,TMA,166.0,23,28.0,-1
EEE,2014J,22,Fail,59,3124,34.0,2.0,52.94915254237288,30722,TMA,166.0,23,28.0,-1
EEE,2014J,22,Withdrawn,14,747,22.0,1.0,53.357142857142854,30722,TMA,166.0,23,28.0,-1
EEE,2014J,23,Distinction,157,33466,172.0,5.0,213.15923566878982,30722,TMA,166.0,23,28.0,0
EEE,2014J,23,Pass,510,77031,125.0,4.0,151.04117647058823,30722,TMA,166.0,23,28.0,0
EEE,2014J,23,Fail,61,4835,45.0,2.0,79.26229508196721,30722,TMA,166.0,23,28.0,0
EEE,2014J,23,Withdrawn,12,603,15.5,1.0,50.25,30722,TMA,166.0,23,28.0,0
EEE,2014J,24,Distinction,136,6959,29.0,4.0,51.169117647058826,30722,TMA,166.0,23,28.0,1
EEE,2014J,24,Pass,409,13947,16.0,2.0,34.100244498777506,30722,TMA,166.0,23,28.0,1
EEE,2014J,24,Fail,34,837,14.5,1.5,24.61764705882353,30722,TMA,166.0,23,28.0,1
EEE,2014J,24,Withdrawn,3,20,8.0,1.0,6.666666666666667,30722,TMA,166.0,23,28.0,1
FFF,2013B,0,Distinction,115,24490,163.0,5.0,212.95652173913044,34860,TMA,19.0,2,12.5,-2
FFF,2013B,0,Pass,629,88726,102.0,4.0,141.05882352941177,34860,TMA,19.0,2,12.5,-2
FFF,2013B,0,Fail,339,35340,70.0,3.0,104.24778761061947,34860,TMA,19.0,2,12.5,-2
FFF,2013B,0,Withdrawn,250,24653,66.0,3.0,98.612,34860,TMA,19.0,2,12.5,-2
FFF,2013B,1,Distinction,114,21162,143.0,5.0,185.6315789473684,34860,TMA,19.0,2,12.5,-1
FFF,2013B,1,Pass,631,84161,101.0,4.0,133.37717908082408,34860,TMA,19.0,2,12.5,-1
FFF,2013B,1,Fail,336,34306,76.0,3.0,102.10119047619048,34860,TMA,19.0,2,12.5,-1
FFF,2013B,1,Withdrawn,240,22603,61.5,3.0,94.17916666666666,34860,TMA,19.0,2,12.5,-1
FFF,2013B,2,Distinction,116,31378,245.0,6.0,270.5,34860,TMA,19.0,2,12.5,0
FFF,2013B,2,Pass,655,119200,151.0,5.0,181.98473282442748,34860,TMA,19.0,2,12.5,0
FFF,2013B,2,Fail,376,52565,110.5,4.0,139.8005319148936,34860,TMA,19.0,2,12.5,0
FFF,2013B,2,Withdrawn,250,34946,112.0,4.0,139.784,34860,TMA,19.0,2,12.5,0
FFF,2013B,3,Distinction,115,24205,186.0,5.0,210.47826086956522,34860,TMA,19.0,2,12.5,1
FFF,2013B,3,Pass,631,87446,106.0,5.0,138.58320126782885,34860,TMA,19.0,2,12.5,1
FFF,2013B,3,Fail,334,29300,58.0,3.0,87.72455089820359,34860,TMA,19.0,2,12.5,1
FFF,2013B,3,Withdrawn,216,22146,73.5,4.0,102.52777777777777,34860,TMA,19.0,2,12.5,1
FFF,2013B,4,Distinction,118,20853,150.5,5.0,176.72033898305085,34861,TMA,47.0,6,12.5,-2
FFF,2013B,4,Pass,616,80496,107.0,4.0,130.67532467532467,34861,TMA,47.0,6,12.5,-2
FFF,2013B,4,Fail,307,24354,46.0,3.0,79.32899022801303,34861,TMA,47.0,6,12.5,-2
FFF,2013B,4,Withdrawn,196,18020,55.5,3.0,91.93877551020408,34861,TMA,47.0,6,12.5,-2
FFF,2013B,5,Distinction,118,19612,136.0,5.0,166.20338983050848,34861,TMA,47.0,6,12.5,-1
FFF,2013B,5,Pass,618,78605,102.5,4.0,127.19255663430421,34861,TMA,47.0,6,12.5,-1
FFF,2013B,5,Fail,306,24979,53.5,3.0,81.63071895424837,34861,TMA,47.0,6,12.5,-1
FFF,2013B,5,Withdrawn,182,14836,52.0,3.0,81.51648351648352,34861,TMA,47.0,6,12.5,-1
FFF,2013B,6,Distinction,117,24076,183.0,6.0,205.77777777777777,34861,TMA,47.0,6,12.5,0
FFF,2013B,6,Pass,655,97729,126.0,5.0,149.20458015267175,34861,TMA,47.0,6,12.5,0
FFF,2013B,6,Fail,339,37448,88.0,4.0,110.46607669616519,34861,TMA,47.0,6,12.5,0
FFF,2013B,6,Withdrawn,197,20770,80.0,4.0,105.43147208121827,34861,TMA,47.0,6,12.5,0
FFF,2013B,7,Distinction,116,17032,122.5,5.0,146.82758620689654,34861,TMA,47.0,6,12.5,1
FFF,2013B,7,Pass,598,67577,74.0,4.0,113.00501672240803,34861,TMA,47.0,6,12.5,1
FFF,2013B,7,Fail,256,18058,42.0,3.0,70.5390625,34861,TMA,47.0,6,12.5,1
FFF,2013B,7,Withdrawn,158,11164,36.0,3.0,70.65822784810126,34861,TMA,47.0,6,12.5,1
FFF,2013B,10,Distinction,111,15824,129.0,4.0,142.55855855855856,34862,TMA,89.0,12,25.0,-2
FFF,2013B,10,Pass,588,56648,68.0,3.0,96.34013605442176,34862,TMA,89.0,12,25.0,-2
FFF,2013B,10,Fail,237,13675,29.0,2.0,57.70042194092827,34862,TMA,89.0,12,25.0,-2
FFF,2013B,10,Withdrawn,129,5533,24.0,2.0,42.89147286821706,34862,TMA,89.0,12,25.0,-2
FFF,2013B,11,Distinction,114,17467,119.0,5.0,153.21929824561403,34862,TMA,89.0,12,25.0,-1
FFF,2013B,11,Pass,605,61619,72.0,3.0,101.84958677685951,34862,TMA,89.0,12,25.0,-1
FFF,2013B,11,Fail,238,15507,31.0,2.0,65.15546218487395,34862,TMA,89.0,12,25.0,-1
FFF,2013B,11,Withdrawn,116,5830,31.5,2.0,50.258620689655174,34862,TMA,89.0,12,25.0,-1
FFF,2013B,12,Distinction,118,20718,144.0,5.0,175.57627118644066,34862,TMA,89.0,12,25.0,0
FFF,2013B,12,Pass,640,92387,119.0,4.0,144.3546875,34862,TMA,89.0,12,25.0,0
FFF,2013B,12,Fail,265,27177,84.0,3.0,102.55471698113207,34862,TMA,89.0,12,25.0,0
FFF,2013B,12,Withdrawn,115,8147,39.0,3.0,70.84347826086956,34862,TMA,89.0,12,25.0,0
FFF,2013B,13,Distinction,113,15872,118.0,4.0,140.46017699115043,34862,TMA,89.0,12,25.0,1
FFF,2013B,13,Pass,581,56881,74.0,4.0,97.90189328743546,34862,TMA,89.0,12,25.0,1
FFF,2013B,13,Fail,197,13929,44.0,2.0,70.70558375634518,34862,TMA,89.0,12,25.0,1
FFF,2013B,13,Withdrawn,91,5390,34.0,2.0,59.23076923076923,34862,TMA,89.0,12,25.0,1
FFF,2013B,16,Distinction,104,13425,91.5,4.0,129.08653846153845,34863,TMA,131.0,18,25.0,-2
FFF,2013B,16,Pass,543,46391,57.0,3.0,85.43462246777163,34863,TMA,131.0,18,25.0,-2
FFF,2013B,16,Fail,168,8510,17.5,2.0,50.654761904761905,34863,TMA,131.0,18,25.0,-2
FFF,2013B,16,Withdrawn,52,1568,17.0,2.0,30.153846153846153,34863,TMA,131.0,18,25.0,-2
FFF,2013B,17,Distinction,110,16858,145.5,5.0,153.25454545454545,34863,TMA,131.0,18,25.0,-1
FFF,2013B,17,Pass,603,65665,78.0,4.0,108.8971807628524,34863,TMA,131.0,18,25.0,-1
FFF,2013B,17,Fail,175,10502,31.0,2.0,60.011428571428574,34863,TMA,131.0,18,25.0,-1
FFF,2013B,17,Withdrawn,53,2341,24.0,2.0,44.16981132075472,34863,TMA,131.0,18,25.0,-1
FFF,2013B,18,Distinction,115,22895,177.0,5.0,199.08695652173913,34863,TMA,131.0,18,25.0,0
FFF,2013B,18,Pass,644,97082,120.0,4.0,150.74844720496895,34863,TMA,131.0,18,25.0,0
FFF,2013B,18,Fail,218,23198,74.0,3.0,106.41284403669725,34863,TMA,131.0,18,25.0,0
FFF,2013B,18,Withdrawn,58,4187,31.0,2.0,72.1896551724138,34863,TMA,131.0,18,25.0,0
FFF,2013B,19,Distinction,111,21235,167.0,5.0,191.3063063063063,34863,TMA,131.0,18,25.0,1
FFF,2013B,19,Pass,578,71651,88.0,4.0,123.9636678200692,34863,TMA,131.0,18,25.0,1
FFF,2013B,19,Fail,168,13922,38.0,2.0,82.86904761904762,34863,TMA,131.0,18,25.0,1
FFF,2013B,19,Withdrawn,36,1258,14.0,2.0,34.94444444444444,34863,TMA,131.0,18,25.0,1
FFF,2013B,21,Distinction,112,18236,111.5,4.0,162.82142857142858,34864,TMA,166.0,23,25.0,-2
FFF,2013B,21,Pass,584,77025,88.0,4.0,131.89212328767124,34864,TMA,166.0,23,25.0,-2
FFF,2013B,21,Fail,153,10272,30.0,2.0,67.13725490196079,34864,TMA,166.0,23,25.0,-2
FFF,2013B,21,Withdrawn,23,825,13.0,2.0,35.869565217391305,34864,TMA,166.0,23,25.0,-2
FFF,2013B,22,Distinction,112,17715,111.0,4.0,158.16964285714286,34864,TMA,166.0,23,25.0,-1
FFF,2013B,22,Pass,581,63437,70.0,3.0,109.18588640275387,34864,TMA,166.0,23,25.0,-1
FFF,2013B,22,Fail,136,9766,34.5,2.0,71.80882352941177,34864,TMA,166.0,23,25.0,-1
FFF,2013B,22,Withdrawn,12,660,40.0,1.0,55.0,34864,TMA,166.0,23,25.0,-1
FFF,2013B,23,Distinction,118,19386,132.0,5.0,164.28813559322035,34864,TMA,166.0,23,25.0,0
FFF,2013B,23,Pass,631,88056,107.0,4.0,139.54992076069732,34864,TMA,166.0,23,25.0,0
FFF,2013B,23,Fail,161,17660,67.0,3.0,109.68944099378882,34864,TMA,166.0,23,25.0,0
FFF,2013B,23,Withdrawn,21,892,12.0,2.0,42.476190476190474,34864,TMA,166.0,23,25.0,0
FFF,2013B,24,Distinction,111,15595,112.0,4.0,140.4954954954955,34864,TMA,166.0,23,25.0,1
FFF,2013B,24,Pass,555,61579,66.0,3.0,110.95315315315315,34864,TMA,166.0,23,25.0,1
FFF,2013B,24,Fail,110,9433,34.0,2.0,85.75454545454545,34864,TMA,166.0,23,25.0,1
FFF,2013B,24,Withdrawn,14,274,2.0,1.0,19.571428571428573,34864,TMA,166.0,23,25.0,1
FFF,2013B,29,Distinction,104,19302,145.5,4.0,185.59615384615384,34865,CMA,222.0,31,0.0,-2
FFF,2013B,29,Pass,532,84296,96.0,3.0,158.45112781954887,34865,CMA,222.0,31,0.0,-2
FFF,2013B,29,Fail,94,10772,33.0,1.0,114.59574468085107,34865,CMA,222.0,31,0.0,-2
FFF,2013B,29,Withdrawn,6,677,13.5,1.5,112.83333333333333,34865,CMA,222.0,31,0.0,-2
FFF,2013B,30,Distinction,118,20714,136.0,4.0,175.54237288135593,34865,CMA,222.0,31,0.0,-1
FFF,2013B,30,Pass,612,114245,125.0,4.0,186.6748366013072,34865,CMA,222.0,31,0.0,-1
FFF,2013B,30,Fail,102,17319,96.5,2.0,169.7941176470588,34865,CMA,222.0,31,0.0,-1
FFF,2013B,30,Withdrawn,8,267,27.0,2.0,33.375,34865,CMA,222.0,31,0.0,-1
FFF,2013B,31,Distinction,114,22566,155.5,5.0,197.94736842105263,34865,CMA,222.0,31,0.0,0
FFF,2013B,31,Pass,641,175278,191.0,5.0,273.4446177847114,34865,CMA,222.0,31,0.0,0
FFF,2013B,31,Fail,139,49882,235.0,4.0,358.863309352518,34865,CMA,222.0,31,0.0,0
FFF,2013B,31,Withdrawn,4,926,184.5,2.5,231.5,34865,CMA,222.0,31,0.0,0
FFF,2013B,32,Distinction,92,1516,9.5,2.0,16.47826086956522,34865,CMA,222.0,31,0.0,1
FFF,2013B,32,Pass,406,4526,5.0,2.0,11.147783251231527,34865,CMA,222.0,31,0.0,1
FFF,2013B,32,Fail,48,519,4.0,1.0,10.8125,34865,CMA,222.0,31,0.0,1
FFF,2013B,32,Withdrawn,1,11,11.0,1.0,11.0,34865,CMA,222.0,31,0.0,1
FFF,2013B,29,Distinction,104,19302,145.5,4.0,185.59615384615384,34866,CMA,222.0,31,0.0,-2
FFF,2013B,29,Pass,532,84296,96.0,3.0,158.45112781954887,34866,CMA,222.0,31,0.0,-2
FFF,2013B,29,Fail,94,10772,33.0,1.0,114.59574468085107,34866,CMA,222.0,31,0.0,-2
FFF,2013B,29,Withdrawn,6,677,13.5,1.5,112.83333333333333,34866,CMA,222.0,31,0.0,-2
FFF,2013B,30,Distinction,118,20714,136.0,4.0,175.54237288135593,34866,CMA,222.0,31,0.0,-1
FFF,2013B,30,Pass,612,114245,125.0,4.0,186.6748366013072,34866,CMA,222.0,31,0.0,-1
FFF,2013B,30,Fail,102,17319,96.5,2.0,169.7941176470588,34866,CMA,222.0,31,0.0,-1
FFF,2013B,30,Withdrawn,8,267,27.0,2.0,33.375,34866,CMA,222.0,31,0.0,-1
FFF,2013B,31,Distinction,114,22566,155.5,5.0,197.94736842105263,34866,CMA,222.0,31,0.0,0
FFF,2013B,31,Pass,641,175278,191.0,5.0,273.4446177847114,34866,CMA,222.0,31,0.0,0
FFF,2013B,31,Fail,139,49882,235.0,4.0,358.863309352518,34866,CMA,222.0,31,0.0,0
FFF,2013B,31,Withdrawn,4,926,184.5,2.5,231.5,34866,CMA,222.0,31,0.0,0
FFF,2013B,32,Distinction,92,1516,9.5,2.0,16.47826086956522,34866,CMA,222.0,31,0.0,1
FFF,2013B,32,Pass,406,4526,5.0,2.0,11.147783251231527,34866,CMA,222.0,31,0.0,1
FFF,2013B,32,Fail,48,519,4.0,1.0,10.8125,34866,CMA,222.0,31,0.0,1
FFF,2013B,32,Withdrawn,1,11,11.0,1.0,11.0,34866,CMA,222.0,31,0.0,1
FFF,2013B,29,Distinction,104,19302,145.5,4.0,185.59615384615384,34867,CMA,222.0,31,0.0,-2
FFF,2013B,29,Pass,532,84296,96.0,3.0,158.45112781954887,34867,CMA,222.0,31,0.0,-2
FFF,2013B,29,Fail,94,10772,33.0,1.0,114.59574468085107,34867,CMA,222.0,31,0.0,-2
FFF,2013B,29,Withdrawn,6,677,13.5,1.5,112.83333333333333,34867,CMA,222.0,31,0.0,-2
FFF,2013B,30,Distinction,118,20714,136.0,4.0,175.54237288135593,34867,CMA,222.0,31,0.0,-1
FFF,2013B,30,Pass,612,114245,125.0,4.0,186.6748366013072,34867,CMA,222.0,31,0.0,-1
FFF,2013B,30,Fail,102,17319,96.5,2.0,169.7941176470588,34867,CMA,222.0,31,0.0,-1
FFF,2013B,30,Withdrawn,8,267,27.0,2.0,33.375,34867,CMA,222.0,31,0.0,-1
FFF,2013B,31,Distinction,114,22566,155.5,5.0,197.94736842105263,34867,CMA,222.0,31,0.0,0
FFF,2013B,31,Pass,641,175278,191.0,5.0,273.4446177847114,34867,CMA,222.0,31,0.0,0
FFF,2013B,31,Fail,139,49882,235.0,4.0,358.863309352518,34867,CMA,222.0,31,0.0,0
FFF,2013B,31,Withdrawn,4,926,184.5,2.5,231.5,34867,CMA,222.0,31,0.0,0
FFF,2013B,32,Distinction,92,1516,9.5,2.0,16.47826086956522,34867,CMA,222.0,31,0.0,1
FFF,2013B,32,Pass,406,4526,5.0,2.0,11.147783251231527,34867,CMA,222.0,31,0.0,1
FFF,2013B,32,Fail,48,519,4.0,1.0,10.8125,34867,CMA,222.0,31,0.0,1
FFF,2013B,32,Withdrawn,1,11,11.0,1.0,11.0,34867,CMA,222.0,31,0.0,1
FFF,2013B,29,Distinction,104,19302,145.5,4.0,185.59615384615384,34868,CMA,222.0,31,0.0,-2
FFF,2013B,29,Pass,532,84296,96.0,3.0,158.45112781954887,34868,CMA,222.0,31,0.0,-2
FFF,2013B,29,Fail,94,10772,33.0,1.0,114.59574468085107,34868,CMA,222.0,31,0.0,-2
FFF,2013B,29,Withdrawn,6,677,13.5,1.5,112.83333333333333,34868,CMA,222.0,31,0.0,-2
FFF,2013B,30,Distinction,118,20714,136.0,4.0,175.54237288135593,34868,CMA,222.0,31,0.0,-1
FFF,2013B,30,Pass,612,114245,125.0,4.0,186.6748366013072,34868,CMA,222.0,31,0.0,-1
FFF,2013B,30,Fail,102,17319,96.5,2.0,169.7941176470588,34868,CMA,222.0,31,0.0,-1
FFF,2013B,30,Withdrawn,8,267,27.0,2.0,33.375,34868,CMA,222.0,31,0.0,-1
FFF,2013B,31,Distinction,114,22566,155.5,5.0,197.94736842105263,34868,CMA,222.0,31,0.0,0
FFF,2013B,31,Pass,641,175278,191.0,5.0,273.4446177847114,34868,CMA,222.0,31,0.0,0
FFF,2013B,31,Fail,139,49882,235.0,4.0,358.863309352518,34868,CMA,222.0,31,0.0,0
FFF,2013B,31,Withdrawn,4,926,184.5,2.5,231.5,34868,CMA,222.0,31,0.0,0
FFF,2013B,32,Distinction,92,1516,9.5,2.0,16.47826086956522,34868,CMA,222.0,31,0.0,1
FFF,2013B,32,Pass,406,4526,5.0,2.0,11.147783251231527,34868,CMA,222.0,31,0.0,1
FFF,2013B,32,Fail,48,519,4.0,1.0,10.8125,34868,CMA,222.0,31,0.0,1
FFF,2013B,32,Withdrawn,1,11,11.0,1.0,11.0,34868,CMA,222.0,31,0.0,1
FFF,2013B,29,Distinction,104,19302,145.5,4.0,185.59615384615384,34869,CMA,222.0,31,0.0,-2
FFF,2013B,29,Pass,532,84296,96.0,3.0,158.45112781954887,34869,CMA,222.0,31,0.0,-2
FFF,2013B,29,Fail,94,10772,33.0,1.0,114.59574468085107,34869,CMA,222.0,31,0.0,-2
FFF,2013B,29,Withdrawn,6,677,13.5,1.5,112.83333333333333,34869,CMA,222.0,31,0.0,-2
FFF,2013B,30,Distinction,118,20714,136.0,4.0,175.54237288135593,34869,CMA,222.0,31,0.0,-1
FFF,2013B,30,Pass,612,114245,125.0,4.0,186.6748366013072,34869,CMA,222.0,31,0.0,-1
FFF,2013B,30,Fail,102,17319,96.5,2.0,169.7941176470588,34869,CMA,222.0,31,0.0,-1
FFF,2013B,30,Withdrawn,8,267,27.0,2.0,33.375,34869,CMA,222.0,31,0.0,-1
FFF,2013B,31,Distinction,114,22566,155.5,5.0,197.94736842105263,34869,CMA,222.0,31,0.0,0
FFF,2013B,31,Pass,641,175278,191.0,5.0,273.4446177847114,34869,CMA,222.0,31,0.0,0
FFF,2013B,31,Fail,139,49882,235.0,4.0,358.863309352518,34869,CMA,222.0,31,0.0,0
FFF,2013B,31,Withdrawn,4,926,184.5,2.5,231.5,34869,CMA,222.0,31,0.0,0
FFF,2013B,32,Distinction,92,1516,9.5,2.0,16.47826086956522,34869,CMA,222.0,31,0.0,1
FFF,2013B,32,Pass,406,4526,5.0,2.0,11.147783251231527,34869,CMA,222.0,31,0.0,1
FFF,2013B,32,Fail,48,519,4.0,1.0,10.8125,34869,CMA,222.0,31,0.0,1
FFF,2013B,32,Withdrawn,1,11,11.0,1.0,11.0,34869,CMA,222.0,31,0.0,1
FFF,2013B,29,Distinction,104,19302,145.5,4.0,185.59615384615384,34870,CMA,222.0,31,0.0,-2
FFF,2013B,29,Pass,532,84296,96.0,3.0,158.45112781954887,34870,CMA,222.0,31,0.0,-2
FFF,2013B,29,Fail,94,10772,33.0,1.0,114.59574468085107,34870,CMA,222.0,31,0.0,-2
FFF,2013B,29,Withdrawn,6,677,13.5,1.5,112.83333333333333,34870,CMA,222.0,31,0.0,-2
FFF,2013B,30,Distinction,118,20714,136.0,4.0,175.54237288135593,34870,CMA,222.0,31,0.0,-1
FFF,2013B,30,Pass,612,114245,125.0,4.0,186.6748366013072,34870,CMA,222.0,31,0.0,-1
FFF,2013B,30,Fail,102,17319,96.5,2.0,169.7941176470588,34870,CMA,222.0,31,0.0,-1
FFF,2013B,30,Withdrawn,8,267,27.0,2.0,33.375,34870,CMA,222.0,31,0.0,-1
FFF,2013B,31,Distinction,114,22566,155.5,5.0,197.94736842105263,34870,CMA,222.0,31,0.0,0
FFF,2013B,31,Pass,641,175278,191.0,5.0,273.4446177847114,34870,CMA,222.0,31,0.0,0
FFF,2013B,31,Fail,139,49882,235.0,4.0,358.863309352518,34870,CMA,222.0,31,0.0,0
FFF,2013B,31,Withdrawn,4,926,184.5,2.5,231.5,34870,CMA,222.0,31,0.0,0
FFF,2013B,32,Distinction,92,1516,9.5,2.0,16.47826086956522,34870,CMA,222.0,31,0.0,1
FFF,2013B,32,Pass,406,4526,5.0,2.0,11.147783251231527,34870,CMA,222.0,31,0.0,1
FFF,2013B,32,Fail,48,519,4.0,1.0,10.8125,34870,CMA,222.0,31,0.0,1
FFF,2013B,32,Withdrawn,1,11,11.0,1.0,11.0,34870,CMA,222.0,31,0.0,1
FFF,2013B,29,Distinction,104,19302,145.5,4.0,185.59615384615384,34871,CMA,222.0,31,0.0,-2
FFF,2013B,29,Pass,532,84296,96.0,3.0,158.45112781954887,34871,CMA,222.0,31,0.0,-2
FFF,2013B,29,Fail,94,10772,33.0,1.0,114.59574468085107,34871,CMA,222.0,31,0.0,-2
FFF,2013B,29,Withdrawn,6,677,13.5,1.5,112.83333333333333,34871,CMA,222.0,31,0.0,-2
FFF,2013B,30,Distinction,118,20714,136.0,4.0,175.54237288135593,34871,CMA,222.0,31,0.0,-1
FFF,2013B,30,Pass,612,114245,125.0,4.0,186.6748366013072,34871,CMA,222.0,31,0.0,-1
FFF,2013B,30,Fail,102,17319,96.5,2.0,169.7941176470588,34871,CMA,222.0,31,0.0,-1
FFF,2013B,30,Withdrawn,8,267,27.0,2.0,33.375,34871,CMA,222.0,31,0.0,-1
FFF,2013B,31,Distinction,114,22566,155.5,5.0,197.94736842105263,34871,CMA,222.0,31,0.0,0
FFF,2013B,31,Pass,641,175278,191.0,5.0,273.4446177847114,34871,CMA,222.0,31,0.0,0
FFF,2013B,31,Fail,139,49882,235.0,4.0,358.863309352518,34871,CMA,222.0,31,0.0,0
FFF,2013B,31,Withdrawn,4,926,184.5,2.5,231.5,34871,CMA,222.0,31,0.0,0
FFF,2013B,32,Distinction,92,1516,9.5,2.0,16.47826086956522,34871,CMA,222.0,31,0.0,1
FFF,2013B,32,Pass,406,4526,5.0,2.0,11.147783251231527,34871,CMA,222.0,31,0.0,1
FFF,2013B,32,Fail,48,519,4.0,1.0,10.8125,34871,CMA,222.0,31,0.0,1
FFF,2013B,32,Withdrawn,1,11,11.0,1.0,11.0,34871,CMA,222.0,31,0.0,1
FFF,2013J,0,Distinction,183,36038,156.0,5.0,196.92896174863387,34873,TMA,19.0,2,12.5,-2
FFF,2013J,0,Pass,855,124568,103.0,4.0,145.69356725146199,34873,TMA,19.0,2,12.5,-2
FFF,2013J,0,Fail,411,41329,62.0,3.0,100.55717761557177,34873,TMA,19.0,2,12.5,-2
FFF,2013J,0,Withdrawn,393,41035,75.0,3.0,104.4147582697201,34873,TMA,19.0,2,12.5,-2
FFF,2013J,1,Distinction,183,33687,151.0,5.0,184.08196721311475,34873,TMA,19.0,2,12.5,-1
FFF,2013J,1,Pass,856,109815,91.5,4.0,128.28855140186917,34873,TMA,19.0,2,12.5,-1
FFF,2013J,1,Fail,399,33869,52.0,3.0,84.88471177944862,34873,TMA,19.0,2,12.5,-1
FFF,2013J,1,Withdrawn,374,34852,59.5,3.0,93.18716577540107,34873,TMA,19.0,2,12.5,-1
FFF,2013J,2,Distinction,186,49569,227.0,6.0,266.5,34873,TMA,19.0,2,12.5,0
FFF,2013J,2,Pass,887,151670,131.0,5.0,170.99210822998873,34873,TMA,19.0,2,12.5,0
FFF,2013J,2,Fail,435,47506,79.0,3.0,109.20919540229885,34873,TMA,19.0,2,12.5,0
FFF,2013J,2,Withdrawn,362,46628,102.0,4.0,128.80662983425415,34873,TMA,19.0,2,12.5,0
FFF,2013J,3,Distinction,182,37959,165.5,5.0,208.56593406593407,34873,TMA,19.0,2,12.5,1
FFF,2013J,3,Pass,830,112324,101.0,4.0,135.3301204819277,34873,TMA,19.0,2,12.5,1
FFF,2013J,3,Fail,363,26422,41.0,3.0,72.78787878787878,34873,TMA,19.0,2,12.5,1
FFF,2013J,3,Withdrawn,320,28673,52.5,3.0,89.603125,34873,TMA,19.0,2,12.5,1
FFF,2013J,4,Distinction,177,32529,165.0,5.0,183.77966101694915,34874,TMA,47.0,6,12.5,-2
FFF,2013J,4,Pass,851,102982,89.0,4.0,121.0129259694477,34874,TMA,47.0,6,12.5,-2
FFF,2013J,4,Fail,353,23940,35.0,3.0,67.8186968838527,34874,TMA,47.0,6,12.5,-2
FFF,2013J,4,Withdrawn,301,25760,53.0,3.0,85.5813953488372,34874,TMA,47.0,6,12.5,-2
FFF,2013J,5,Distinction,184,28526,128.0,5.0,155.0326086956522,34874,TMA,47.0,6,12.5,-1
FFF,2013J,5,Pass,845,99700,89.0,4.0,117.98816568047337,34874,TMA,47.0,6,12.5,-1
FFF,2013J,5,Fail,328,23365,35.0,3.0,71.23475609756098,34874,TMA,47.0,6,12.5,-1
FFF,2013J,5,Withdrawn,277,23155,50.0,3.0,83.59205776173285,34874,TMA,47.0,6,12.5,-1
FFF,2013J,6,Distinction,186,35803,161.5,5.5,192.48924731182797,34874,TMA,47.0,6,12.5,0
FFF,2013J,6,Pass,891,119336,107.0,4.0,133.93490460157128,34874,TMA,47.0,6,12.5,0
FFF,2013J,6,Fail,379,30806,52.0,3.0,81.28232189973615,34874,TMA,47.0,6,12.5,0
FFF,2013J,6,Withdrawn,280,24430,60.0,3.0,87.25,34874,TMA,47.0,6,12.5,0
FFF,2013J,7,Distinction,183,31470,133.0,5.0,171.9672131147541,34874,TMA,47.0,6,12.5,1
FFF,2013J,7,Pass,809,87424,74.0,4.0,108.06427688504327,34874,TMA,47.0,6,12.5,1
FFF,2013J,7,Fail,298,16220,26.0,2.0,54.42953020134228,34874,TMA,47.0,6,12.5,1
FFF,2013J,7,Withdrawn,218,17388,45.0,2.0,79.76146788990826,34874,TMA,47.0,6,12.5,1
FFF,2013J,11,Distinction,142,7719,30.0,2.0,54.359154929577464,34875,TMA,96.0,13,25.0,-2
FFF,2013J,11,Pass,553,27907,26.0,2.0,50.46473779385172,34875,TMA,96.0,13,25.0,-2
FFF,2013J,11,Fail,122,4259,13.0,1.0,34.90983606557377,34875,TMA,96.0,13,25.0,-2
FFF,2013J,11,Withdrawn,100,3198,13.0,1.0,31.98,34875,TMA,96.0,13,25.0,-2
FFF,2013J,12,Distinction,175,18706,77.0,3.0,106.89142857142858,34875,TMA,96.0,13,25.0,-1
FFF,2013J,12,Pass,742,62343,52.0,3.0,84.02021563342318,34875,TMA,96.0,13,25.0,-1
FFF,2013J,12,Fail,183,8766,14.0,1.0,47.90163934426229,34875,TMA,96.0,13,25.0,-1
FFF,2013J,12,Withdrawn,132,5947,23.0,1.0,45.053030303030305,34875,TMA,96.0,13,25.0,-1
FFF,2013J,13,Distinction,185,32442,151.0,5.0,175.36216216216215,34875,TMA,96.0,13,25.0,0
FFF,2013J,13,Pass,890,118499,97.0,4.0,133.1449438202247,34875,TMA,96.0,13,25.0,0
FFF,2013J,13,Fail,266,22261,49.0,3.0,83.68796992481202,34875,TMA,96.0,13,25.0,0
FFF,2013J,13,Withdrawn,166,11176,28.0,2.0,67.32530120481928,34875,TMA,96.0,13,25.0,0
FFF,2013J,14,Distinction,175,26977,137.0,5.0,154.15428571428572,34875,TMA,96.0,13,25.0,1
FFF,2013J,14,Pass,794,83720,77.5,4.0,105.44080604534005,34875,TMA,96.0,13,25.0,1
FFF,2013J,14,Fail,201,13795,33.0,2.0,68.6318407960199,34875,TMA,96.0,13,25.0,1
FFF,2013J,14,Withdrawn,122,8539,29.0,2.0,69.99180327868852,34875,TMA,96.0,13,25.0,1
FFF,2013J,16,Distinction,178,19684,87.5,4.0,110.58426966292134,34876,TMA,131.0,18,25.0,-2
FFF,2013J,16,Pass,753,60555,46.0,3.0,80.41832669322709,34876,TMA,131.0,18,25.0,-2
FFF,2013J,16,Fail,168,8478,18.0,2.0,50.464285714285715,34876,TMA,131.0,18,25.0,-2
FFF,2013J,16,Withdrawn,79,3493,20.0,2.0,44.21518987341772,34876,TMA,131.0,18,25.0,-2
FFF,2013J,17,Distinction,178,19599,90.5,4.0,110.1067415730337,34876,TMA,131.0,18,25.0,-1
FFF,2013J,17,Pass,777,62167,53.0,3.0,80.009009009009,34876,TMA,131.0,18,25.0,-1
FFF,2013J,17,Fail,179,8356,19.0,2.0,46.68156424581006,34876,TMA,131.0,18,25.0,-1
FFF,2013J,17,Withdrawn,67,2884,14.0,2.0,43.04477611940298,34876,TMA,131.0,18,25.0,-1
FFF,2013J,18,Distinction,185,29453,130.0,5.0,159.2054054054054,34876,TMA,131.0,18,25.0,0
FFF,2013J,18,Pass,881,112886,101.0,4.0,128.1339387060159,34876,TMA,131.0,18,25.0,0
FFF,2013J,18,Fail,208,17235,52.0,3.0,82.86057692307692,34876,TMA,131.0,18,25.0,0
FFF,2013J,18,Withdrawn,75,6137,50.0,2.0,81.82666666666667,34876,TMA,131.0,18,25.0,0
FFF,2013J,19,Distinction,182,23225,108.0,5.0,127.60989010989012,34876,TMA,131.0,18,25.0,1
FFF,2013J,19,Pass,792,78738,74.5,4.0,99.41666666666667,34876,TMA,131.0,18,25.0,1
FFF,2013J,19,Fail,150,10270,32.5,2.0,68.46666666666667,34876,TMA,131.0,18,25.0,1
FFF,2013J,19,Withdrawn,50,3175,20.0,2.0,63.5,34876,TMA,131.0,18,25.0,1
FFF,2013J,22,Distinction,179,29966,139.0,5.0,167.40782122905028,34877,TMA,173.0,24,25.0,-2
FFF,2013J,22,Pass,756,84438,74.0,3.0,111.69047619047619,34877,TMA,173.0,24,25.0,-2
FFF,2013J,22,Fail,114,6525,21.5,2.0,57.23684210526316,34877,TMA,173.0,24,25.0,-2
FFF,2013J,22,Withdrawn,40,1641,14.5,1.0,41.025,34877,TMA,173.0,24,25.0,-2
FFF,2013J,23,Distinction,180,21554,84.5,4.0,119.74444444444444,34877,TMA,173.0,24,25.0,-1
FFF,2013J,23,Pass,807,75151,61.0,3.0,93.12391573729863,34877,TMA,173.0,24,25.0,-1
FFF,2013J,23,Fail,125,9502,23.0,2.0,76.016,34877,TMA,173.0,24,25.0,-1
FFF,2013J,23,Withdrawn,33,986,10.0,2.0,29.87878787878788,34877,TMA,173.0,24,25.0,-1
FFF,2013J,24,Distinction,187,26887,121.0,4.0,143.7807486631016,34877,TMA,173.0,24,25.0,0
FFF,2013J,24,Pass,868,100928,84.5,4.0,116.27649769585254,34877,TMA,173.0,24,25.0,0
FFF,2013J,24,Fail,143,13309,50.0,3.0,93.06993006993007,34877,TMA,173.0,24,25.0,0
FFF,2013J,24,Withdrawn,35,2480,29.0,2.0,70.85714285714286,34877,TMA,173.0,24,25.0,0
FFF,2013J,25,Distinction,166,20813,86.0,4.0,125.37951807228916,34877,TMA,173.0,24,25.0,1
FFF,2013J,25,Pass,717,64533,45.0,3.0,90.00418410041841,34877,TMA,173.0,24,25.0,1
FFF,2013J,25,Fail,90,6513,30.5,2.0,72.36666666666666,34877,TMA,173.0,24,25.0,1
FFF,2013J,25,Withdrawn,20,476,12.5,1.0,23.8,34877,TMA,173.0,24,25.0,1
FFF,2013J,31,Distinction,167,21291,91.0,4.0,127.49101796407186,34878,CMA,236.0,33,0.0,-2
FFF,2013J,31,Pass,717,103293,74.0,3.0,144.06276150627616,34878,CMA,236.0,33,0.0,-2
FFF,2013J,31,Fail,72,7290,35.0,2.0,101.25,34878,CMA,236.0,33,0.0,-2
FFF,2013J,31,Withdrawn,3,127,7.0,1.0,42.333333333333336,34878,CMA,236.0,33,0.0,-2
FFF,2013J,32,Distinction,171,23155,91.0,4.0,135.4093567251462,34878,CMA,236.0,33,0.0,-1
FFF,2013J,32,Pass,809,112842,84.0,3.0,139.48331273176763,34878,CMA,236.0,33,0.0,-1
FFF,2013J,32,Fail,79,10759,91.0,2.0,136.18987341772151,34878,CMA,236.0,33,0.0,-1
FFF,2013J,32,Withdrawn,6,675,69.0,1.5,112.5,34878,CMA,236.0,33,0.0,-1
FFF,2013J,33,Distinction,179,32557,107.0,4.0,181.88268156424581,34878,CMA,236.0,33,0.0,0
FFF,2013J,33,Pass,857,181874,128.0,4.0,212.22170361726955,34878,CMA,236.0,33,0.0,0
FFF,2013J,33,Fail,109,34298,192.0,3.0,314.6605504587156,34878,CMA,236.0,33,0.0,0
FFF,2013J,33,Withdrawn,6,932,41.5,1.5,155.33333333333334,34878,CMA,236.0,33,0.0,0
FFF,2013J,34,Distinction,113,2424,9.0,2.0,21.451327433628318,34878,CMA,236.0,33,0.0,1
FFF,2013J,34,Pass,501,5926,5.0,1.0,11.828343313373253,34878,CMA,236.0,33,0.0,1
FFF,2013J,34,Fail,38,244,3.5,1.0,6.421052631578948,34878,CMA,236.0,33,0.0,1
FFF,2013J,31,Distinction,167,21291,91.0,4.0,127.49101796407186,34879,CMA,236.0,33,0.0,-2
FFF,2013J,31,Pass,717,103293,74.0,3.0,144.06276150627616,34879,CMA,236.0,33,0.0,-2
FFF,2013J,31,Fail,72,7290,35.0,2.0,101.25,34879,CMA,236.0,33,0.0,-2
FFF,2013J,31,Withdrawn,3,127,7.0,1.0,42.333333333333336,34879,CMA,236.0,33,0.0,-2
FFF,2013J,32,Distinction,171,23155,91.0,4.0,135.4093567251462,34879,CMA,236.0,33,0.0,-1
FFF,2013J,32,Pass,809,112842,84.0,3.0,139.48331273176763,34879,CMA,236.0,33,0.0,-1
FFF,2013J,32,Fail,79,10759,91.0,2.0,136.18987341772151,34879,CMA,236.0,33,0.0,-1
FFF,2013J,32,Withdrawn,6,675,69.0,1.5,112.5,34879,CMA,236.0,33,0.0,-1
FFF,2013J,33,Distinction,179,32557,107.0,4.0,181.88268156424581,34879,CMA,236.0,33,0.0,0
FFF,2013J,33,Pass,857,181874,128.0,4.0,212.22170361726955,34879,CMA,236.0,33,0.0,0
FFF,2013J,33,Fail,109,34298,192.0,3.0,314.6605504587156,34879,CMA,236.0,33,0.0,0
FFF,2013J,33,Withdrawn,6,932,41.5,1.5,155.33333333333334,34879,CMA,236.0,33,0.0,0
FFF,2013J,34,Distinction,113,2424,9.0,2.0,21.451327433628318,34879,CMA,236.0,33,0.0,1
FFF,2013J,34,Pass,501,5926,5.0,1.0,11.828343313373253,34879,CMA,236.0,33,0.0,1
FFF,2013J,34,Fail,38,244,3.5,1.0,6.421052631578948,34879,CMA,236.0,33,0.0,1
FFF,2013J,31,Distinction,167,21291,91.0,4.0,127.49101796407186,34880,CMA,236.0,33,0.0,-2
FFF,2013J,31,Pass,717,103293,74.0,3.0,144.06276150627616,34880,CMA,236.0,33,0.0,-2
FFF,2013J,31,Fail,72,7290,35.0,2.0,101.25,34880,CMA,236.0,33,0.0,-2
FFF,2013J,31,Withdrawn,3,127,7.0,1.0,42.333333333333336,34880,CMA,236.0,33,0.0,-2
FFF,2013J,32,Distinction,171,23155,91.0,4.0,135.4093567251462,34880,CMA,236.0,33,0.0,-1
FFF,2013J,32,Pass,809,112842,84.0,3.0,139.48331273176763,34880,CMA,236.0,33,0.0,-1
FFF,2013J,32,Fail,79,10759,91.0,2.0,136.18987341772151,34880,CMA,236.0,33,0.0,-1
FFF,2013J,32,Withdrawn,6,675,69.0,1.5,112.5,34880,CMA,236.0,33,0.0,-1
FFF,2013J,33,Distinction,179,32557,107.0,4.0,181.88268156424581,34880,CMA,236.0,33,0.0,0
FFF,2013J,33,Pass,857,181874,128.0,4.0,212.22170361726955,34880,CMA,236.0,33,0.0,0
FFF,2013J,33,Fail,109,34298,192.0,3.0,314.6605504587156,34880,CMA,236.0,33,0.0,0
FFF,2013J,33,Withdrawn,6,932,41.5,1.5,155.33333333333334,34880,CMA,236.0,33,0.0,0
FFF,2013J,34,Distinction,113,2424,9.0,2.0,21.451327433628318,34880,CMA,236.0,33,0.0,1
FFF,2013J,34,Pass,501,5926,5.0,1.0,11.828343313373253,34880,CMA,236.0,33,0.0,1
FFF,2013J,34,Fail,38,244,3.5,1.0,6.421052631578948,34880,CMA,236.0,33,0.0,1
FFF,2013J,31,Distinction,167,21291,91.0,4.0,127.49101796407186,34881,CMA,236.0,33,0.0,-2
FFF,2013J,31,Pass,717,103293,74.0,3.0,144.06276150627616,34881,CMA,236.0,33,0.0,-2
FFF,2013J,31,Fail,72,7290,35.0,2.0,101.25,34881,CMA,236.0,33,0.0,-2
FFF,2013J,31,Withdrawn,3,127,7.0,1.0,42.333333333333336,34881,CMA,236.0,33,0.0,-2
FFF,2013J,32,Distinction,171,23155,91.0,4.0,135.4093567251462,34881,CMA,236.0,33,0.0,-1
FFF,2013J,32,Pass,809,112842,84.0,3.0,139.48331273176763,34881,CMA,236.0,33,0.0,-1
FFF,2013J,32,Fail,79,10759,91.0,2.0,136.18987341772151,34881,CMA,236.0,33,0.0,-1
FFF,2013J,32,Withdrawn,6,675,69.0,1.5,112.5,34881,CMA,236.0,33,0.0,-1
FFF,2013J,33,Distinction,179,32557,107.0,4.0,181.88268156424581,34881,CMA,236.0,33,0.0,0
FFF,2013J,33,Pass,857,181874,128.0,4.0,212.22170361726955,34881,CMA,236.0,33,0.0,0
FFF,2013J,33,Fail,109,34298,192.0,3.0,314.6605504587156,34881,CMA,236.0,33,0.0,0
FFF,2013J,33,Withdrawn,6,932,41.5,1.5,155.33333333333334,34881,CMA,236.0,33,0.0,0
FFF,2013J,34,Distinction,113,2424,9.0,2.0,21.451327433628318,34881,CMA,236.0,33,0.0,1
FFF,2013J,34,Pass,501,5926,5.0,1.0,11.828343313373253,34881,CMA,236.0,33,0.0,1
FFF,2013J,34,Fail,38,244,3.5,1.0,6.421052631578948,34881,CMA,236.0,33,0.0,1
FFF,2013J,31,Distinction,167,21291,91.0,4.0,127.49101796407186,34882,CMA,236.0,33,0.0,-2
FFF,2013J,31,Pass,717,103293,74.0,3.0,144.06276150627616,34882,CMA,236.0,33,0.0,-2
FFF,2013J,31,Fail,72,7290,35.0,2.0,101.25,34882,CMA,236.0,33,0.0,-2
FFF,2013J,31,Withdrawn,3,127,7.0,1.0,42.333333333333336,34882,CMA,236.0,33,0.0,-2
FFF,2013J,32,Distinction,171,23155,91.0,4.0,135.4093567251462,34882,CMA,236.0,33,0.0,-1
FFF,2013J,32,Pass,809,112842,84.0,3.0,139.48331273176763,34882,CMA,236.0,33,0.0,-1
FFF,2013J,32,Fail,79,10759,91.0,2.0,136.18987341772151,34882,CMA,236.0,33,0.0,-1
FFF,2013J,32,Withdrawn,6,675,69.0,1.5,112.5,34882,CMA,236.0,33,0.0,-1
FFF,2013J,33,Distinction,179,32557,107.0,4.0,181.88268156424581,34882,CMA,236.0,33,0.0,0
FFF,2013J,33,Pass,857,181874,128.0,4.0,212.22170361726955,34882,CMA,236.0,33,0.0,0
FFF,2013J,33,Fail,109,34298,192.0,3.0,314.6605504587156,34882,CMA,236.0,33,0.0,0
FFF,2013J,33,Withdrawn,6,932,41.5,1.5,155.33333333333334,34882,CMA,236.0,33,0.0,0
FFF,2013J,34,Distinction,113,2424,9.0,2.0,21.451327433628318,34882,CMA,236.0,33,0.0,1
FFF,2013J,34,Pass,501,5926,5.0,1.0,11.828343313373253,34882,CMA,236.0,33,0.0,1
FFF,2013J,34,Fail,38,244,3.5,1.0,6.421052631578948,34882,CMA,236.0,33,0.0,1
FFF,2013J,31,Distinction,167,21291,91.0,4.0,127.49101796407186,34883,CMA,236.0,33,0.0,-2
FFF,2013J,31,Pass,717,103293,74.0,3.0,144.06276150627616,34883,CMA,236.0,33,0.0,-2
FFF,2013J,31,Fail,72,7290,35.0,2.0,101.25,34883,CMA,236.0,33,0.0,-2
FFF,2013J,31,Withdrawn,3,127,7.0,1.0,42.333333333333336,34883,CMA,236.0,33,0.0,-2
FFF,2013J,32,Distinction,171,23155,91.0,4.0,135.4093567251462,34883,CMA,236.0,33,0.0,-1
FFF,2013J,32,Pass,809,112842,84.0,3.0,139.48331273176763,34883,CMA,236.0,33,0.0,-1
FFF,2013J,32,Fail,79,10759,91.0,2.0,136.18987341772151,34883,CMA,236.0,33,0.0,-1
FFF,2013J,32,Withdrawn,6,675,69.0,1.5,112.5,34883,CMA,236.0,33,0.0,-1
FFF,2013J,33,Distinction,179,32557,107.0,4.0,181.88268156424581,34883,CMA,236.0,33,0.0,0
FFF,2013J,33,Pass,857,181874,128.0,4.0,212.22170361726955,34883,CMA,236.0,33,0.0,0
FFF,2013J,33,Fail,109,34298,192.0,3.0,314.6605504587156,34883,CMA,236.0,33,0.0,0
FFF,2013J,33,Withdrawn,6,932,41.5,1.5,155.33333333333334,34883,CMA,236.0,33,0.0,0
FFF,2013J,34,Distinction,113,2424,9.0,2.0,21.451327433628318,34883,CMA,236.0,33,0.0,1
FFF,2013J,34,Pass,501,5926,5.0,1.0,11.828343313373253,34883,CMA,236.0,33,0.0,1
FFF,2013J,34,Fail,38,244,3.5,1.0,6.421052631578948,34883,CMA,236.0,33,0.0,1
FFF,2013J,31,Distinction,167,21291,91.0,4.0,127.49101796407186,34884,CMA,236.0,33,0.0,-2
FFF,2013J,31,Pass,717,103293,74.0,3.0,144.06276150627616,34884,CMA,236.0,33,0.0,-2
FFF,2013J,31,Fail,72,7290,35.0,2.0,101.25,34884,CMA,236.0,33,0.0,-2
FFF,2013J,31,Withdrawn,3,127,7.0,1.0,42.333333333333336,34884,CMA,236.0,33,0.0,-2
FFF,2013J,32,Distinction,171,23155,91.0,4.0,135.4093567251462,34884,CMA,236.0,33,0.0,-1
FFF,2013J,32,Pass,809,112842,84.0,3.0,139.48331273176763,34884,CMA,236.0,33,0.0,-1
FFF,2013J,32,Fail,79,10759,91.0,2.0,136.18987341772151,34884,CMA,236.0,33,0.0,-1
FFF,2013J,32,Withdrawn,6,675,69.0,1.5,112.5,34884,CMA,236.0,33,0.0,-1
FFF,2013J,33,Distinction,179,32557,107.0,4.0,181.88268156424581,34884,CMA,236.0,33,0.0,0
FFF,2013J,33,Pass,857,181874,128.0,4.0,212.22170361726955,34884,CMA,236.0,33,0.0,0
FFF,2013J,33,Fail,109,34298,192.0,3.0,314.6605504587156,34884,CMA,236.0,33,0.0,0
FFF,2013J,33,Withdrawn,6,932,41.5,1.5,155.33333333333334,34884,CMA,236.0,33,0.0,0
FFF,2013J,34,Distinction,113,2424,9.0,2.0,21.451327433628318,34884,CMA,236.0,33,0.0,1
FFF,2013J,34,Pass,501,5926,5.0,1.0,11.828343313373253,34884,CMA,236.0,33,0.0,1
FFF,2013J,34,Fail,38,244,3.5,1.0,6.421052631578948,34884,CMA,236.0,33,0.0,1
FFF,2014B,1,Distinction,100,19438,159.5,5.0,194.38,34886,TMA,24.0,3,12.5,-2
FFF,2014B,1,Pass,508,61783,84.0,4.0,121.62007874015748,34886,TMA,24.0,3,12.5,-2
FFF,2014B,1,Fail,280,21454,47.5,2.0,76.62142857142857,34886,TMA,24.0,3,12.5,-2
FFF,2014B,1,Withdrawn,250,21453,57.0,3.0,85.812,34886,TMA,24.0,3,12.5,-2
FFF,2014B,2,Distinction,103,18467,159.0,5.0,179.29126213592232,34886,TMA,24.0,3,12.5,-1
FFF,2014B,2,Pass,501,73049,119.0,4.0,145.8063872255489,34886,TMA,24.0,3,12.5,-1
FFF,2014B,2,Fail,274,25307,54.5,3.0,92.36131386861314,34886,TMA,24.0,3,12.5,-1
FFF,2014B,2,Withdrawn,240,25161,64.0,3.0,104.8375,34886,TMA,24.0,3,12.5,-1
FFF,2014B,3,Distinction,107,22381,182.0,6.0,209.16822429906543,34886,TMA,24.0,3,12.5,0
FFF,2014B,3,Pass,524,74701,108.0,4.0,142.5591603053435,34886,TMA,24.0,3,12.5,0
FFF,2014B,3,Fail,308,31227,73.0,3.0,101.38636363636364,34886,TMA,24.0,3,12.5,0
FFF,2014B,3,Withdrawn,245,25155,71.0,3.0,102.6734693877551,34886,TMA,24.0,3,12.5,0
FFF,2014B,4,Distinction,103,17979,143.0,5.0,174.55339805825244,34886,TMA,24.0,3,12.5,1
FFF,2014B,4,Pass,507,54968,84.0,4.0,108.41814595660749,34886,TMA,24.0,3,12.5,1
FFF,2014B,4,Fail,254,18005,29.0,2.0,70.88582677165354,34886,TMA,24.0,3,12.5,1
FFF,2014B,4,Withdrawn,214,19150,43.0,3.0,89.48598130841121,34886,TMA,24.0,3,12.5,1
FFF,2014B,5,Distinction,102,11771,92.5,5.0,115.40196078431373,34887,TMA,52.0,7,12.5,-2
FFF,2014B,5,Pass,502,49239,69.0,4.0,98.08565737051792,34887,TMA,52.0,7,12.5,-2
FFF,2014B,5,Fail,228,11526,25.5,2.0,50.55263157894737,34887,TMA,52.0,7,12.5,-2
FFF,2014B,5,Withdrawn,187,13460,39.0,3.0,71.97860962566845,34887,TMA,52.0,7,12.5,-2
FFF,2014B,6,Distinction,103,13100,107.0,5.0,127.18446601941747,34887,TMA,52.0,7,12.5,-1
FFF,2014B,6,Pass,510,46127,66.0,4.0,90.44509803921568,34887,TMA,52.0,7,12.5,-1
FFF,2014B,6,Fail,235,12707,30.0,2.0,54.07234042553191,34887,TMA,52.0,7,12.5,-1
FFF,2014B,6,Withdrawn,186,14024,41.0,3.0,75.39784946236558,34887,TMA,52.0,7,12.5,-1
FFF,2014B,7,Distinction,105,22145,171.0,6.0,210.9047619047619,34887,TMA,52.0,7,12.5,0
FFF,2014B,7,Pass,533,67949,100.0,4.0,127.48405253283302,34887,TMA,52.0,7,12.5,0
FFF,2014B,7,Fail,269,19912,49.0,3.0,74.02230483271376,34887,TMA,52.0,7,12.5,0
FFF,2014B,7,Withdrawn,195,17830,58.0,3.0,91.43589743589743,34887,TMA,52.0,7,12.5,0
FFF,2014B,8,Distinction,103,13420,98.0,4.0,130.29126213592232,34887,TMA,52.0,7,12.5,1
FFF,2014B,8,Pass,469,40516,58.0,3.0,86.38805970149254,34887,TMA,52.0,7,12.5,1
FFF,2014B,8,Fail,177,8423,19.0,2.0,47.58757062146893,34887,TMA,52.0,7,12.5,1
FFF,2014B,8,Withdrawn,147,7737,20.0,2.0,52.63265306122449,34887,TMA,52.0,7,12.5,1
FFF,2014B,10,Distinction,98,12538,81.5,4.0,127.93877551020408,34888,TMA,87.0,12,25.0,-2
FFF,2014B,10,Pass,469,34135,43.0,3.0,72.78251599147121,34888,TMA,87.0,12,25.0,-2
FFF,2014B,10,Fail,159,6172,19.0,2.0,38.81761006289308,34888,TMA,87.0,12,25.0,-2
FFF,2014B,10,Withdrawn,110,5212,19.5,2.0,47.38181818181818,34888,TMA,87.0,12,25.0,-2
FFF,2014B,11,Distinction,100,10704,80.5,4.0,107.04,34888,TMA,87.0,12,25.0,-1
FFF,2014B,11,Pass,490,43193,53.0,3.0,88.14897959183673,34888,TMA,87.0,12,25.0,-1
FFF,2014B,11,Fail,171,7354,20.0,2.0,43.005847953216374,34888,TMA,87.0,12,25.0,-1
FFF,2014B,11,Withdrawn,115,6642,27.0,2.0,57.756521739130434,34888,TMA,87.0,12,25.0,-1
FFF,2014B,12,Distinction,103,15885,113.0,5.0,154.2233009708738,34888,TMA,87.0,12,25.0,0
FFF,2014B,12,Pass,529,51809,74.0,4.0,97.93761814744802,34888,TMA,87.0,12,25.0,0
FFF,2014B,12,Fail,206,12781,39.0,2.0,62.04368932038835,34888,TMA,87.0,12,25.0,0
FFF,2014B,12,Withdrawn,120,6747,32.0,2.0,56.225,34888,TMA,87.0,12,25.0,0
FFF,2014B,13,Distinction,100,15498,125.5,4.0,154.98,34888,TMA,87.0,12,25.0,1
FFF,2014B,13,Pass,478,46761,61.0,3.0,97.82635983263599,34888,TMA,87.0,12,25.0,1
FFF,2014B,13,Fail,131,9417,30.0,2.0,71.8854961832061,34888,TMA,87.0,12,25.0,1
FFF,2014B,13,Withdrawn,76,4020,24.5,2.0,52.89473684210526,34888,TMA,87.0,12,25.0,1
FFF,2014B,16,Distinction,95,8422,56.0,3.0,88.65263157894736,34889,TMA,129.0,18,25.0,-2
FFF,2014B,16,Pass,432,33836,48.5,3.0,78.32407407407408,34889,TMA,129.0,18,25.0,-2
FFF,2014B,16,Fail,106,3875,13.5,1.5,36.556603773584904,34889,TMA,129.0,18,25.0,-2
FFF,2014B,16,Withdrawn,54,2265,15.5,1.0,41.94444444444444,34889,TMA,129.0,18,25.0,-2
FFF,2014B,17,Distinction,101,10384,91.0,4.0,102.81188118811882,34889,TMA,129.0,18,25.0,-1
FFF,2014B,17,Pass,477,38758,56.0,3.0,81.25366876310272,34889,TMA,129.0,18,25.0,-1
FFF,2014B,17,Fail,118,6710,28.5,2.0,56.86440677966102,34889,TMA,129.0,18,25.0,-1
FFF,2014B,17,Withdrawn,51,1387,15.0,1.0,27.19607843137255,34889,TMA,129.0,18,25.0,-1
FFF,2014B,18,Distinction,105,18962,148.0,5.0,180.59047619047618,34889,TMA,129.0,18,25.0,0
FFF,2014B,18,Pass,525,63054,102.0,4.0,120.10285714285715,34889,TMA,129.0,18,25.0,0
FFF,2014B,18,Fail,147,11168,55.0,2.0,75.97278911564626,34889,TMA,129.0,18,25.0,0
FFF,2014B,18,Withdrawn,53,2409,22.0,2.0,45.45283018867924,34889,TMA,129.0,18,25.0,0
FFF,2014B,19,Distinction,99,16555,146.0,5.0,167.22222222222223,34889,TMA,129.0,18,25.0,1
FFF,2014B,19,Pass,465,46005,72.0,3.0,98.93548387096774,34889,TMA,129.0,18,25.0,1
FFF,2014B,19,Fail,105,5972,29.0,2.0,56.87619047619047,34889,TMA,129.0,18,25.0,1
FFF,2014B,19,Withdrawn,37,2159,12.0,1.0,58.351351351351354,34889,TMA,129.0,18,25.0,1
FFF,2014B,22,Distinction,92,12274,105.0,4.0,133.41304347826087,34890,TMA,171.0,24,25.0,-2
FFF,2014B,22,Pass,445,43539,59.0,3.0,97.84044943820224,34890,TMA,171.0,24,25.0,-2
FFF,2014B,22,Fail,81,3752,22.0,2.0,46.32098765432099,34890,TMA,171.0,24,25.0,-2
FFF,2014B,22,Withdrawn,26,1051,12.0,1.0,40.42307692307692,34890,TMA,171.0,24,25.0,-2
FFF,2014B,23,Distinction,103,12143,88.0,4.0,117.89320388349515,34890,TMA,171.0,24,25.0,-1
FFF,2014B,23,Pass,474,44313,51.5,3.0,93.4873417721519,34890,TMA,171.0,24,25.0,-1
FFF,2014B,23,Fail,87,4871,25.0,2.0,55.98850574712644,34890,TMA,171.0,24,25.0,-1
FFF,2014B,23,Withdrawn,15,560,9.0,2.0,37.333333333333336,34890,TMA,171.0,24,25.0,-1
FFF,2014B,24,Distinction,104,14676,96.5,5.0,141.1153846153846,34890,TMA,171.0,24,25.0,0
FFF,2014B,24,Pass,516,53675,70.5,3.0,104.02131782945736,34890,TMA,171.0,24,25.0,0
FFF,2014B,24,Fail,99,6596,40.0,3.0,66.62626262626263,34890,TMA,171.0,24,25.0,0
FFF,2014B,24,Withdrawn,22,2262,35.5,1.0,102.81818181818181,34890,TMA,171.0,24,25.0,0
FFF,2014B,25,Distinction,90,12230,96.5,5.0,135.88888888888889,34890,TMA,171.0,24,25.0,1
FFF,2014B,25,Pass,427,42342,52.0,3.0,99.1615925058548,34890,TMA,171.0,24,25.0,1
FFF,2014B,25,Fail,64,5424,18.0,2.0,84.75,34890,TMA,171.0,24,25.0,1
FFF,2014B,25,Withdrawn,12,257,7.0,1.5,21.416666666666668,34890,TMA,171.0,24,25.0,1
FFF,2014B,30,Distinction,98,11416,64.0,4.0,116.48979591836735,34891,CMA,227.0,32,0.0,-2
FFF,2014B,30,Pass,463,60066,65.0,3.0,129.73218142548595,34891,CMA,227.0,32,0.0,-2
FFF,2014B,30,Fail,69,6292,30.0,2.0,91.18840579710145,34891,CMA,227.0,32,0.0,-2
FFF,2014B,30,Withdrawn,4,48,4.5,1.5,12.0,34891,CMA,227.0,32,0.0,-2
FFF,2014B,31,Distinction,94,9312,50.5,3.0,99.06382978723404,34891,CMA,227.0,32,0.0,-1
FFF,2014B,31,Pass,476,64381,74.5,3.0,135.25420168067228,34891,CMA,227.0,32,0.0,-1
FFF,2014B,31,Fail,82,10960,49.5,2.0,133.65853658536585,34891,CMA,227.0,32,0.0,-1
FFF,2014B,31,Withdrawn,3,3,1.0,1.0,1.0,34891,CMA,227.0,32,0.0,-1
FFF,2014B,32,Distinction,97,10034,49.0,3.0,103.44329896907216,34891,CMA,227.0,32,0.0,0
FFF,2014B,32,Pass,503,92672,106.0,3.0,184.23856858846918,34891,CMA,227.0,32,0.0,0
FFF,2014B,32,Fail,93,29228,240.0,3.0,314.2795698924731,34891,CMA,227.0,32,0.0,0
FFF,2014B,32,Withdrawn,4,832,6.0,2.0,208.0,34891,CMA,227.0,32,0.0,0
FFF,2014B,33,Distinction,69,806,7.0,2.0,11.681159420289855,34891,CMA,227.0,32,0.0,1
FFF,2014B,33,Pass,288,2781,4.0,1.0,9.65625,34891,CMA,227.0,32,0.0,1
FFF,2014B,33,Fail,41,201,2.0,1.0,4.902439024390244,34891,CMA,227.0,32,0.0,1
FFF,2014B,30,Distinction,98,11416,64.0,4.0,116.48979591836735,34892,CMA,227.0,32,0.0,-2
FFF,2014B,30,Pass,463,60066,65.0,3.0,129.73218142548595,34892,CMA,227.0,32,0.0,-2
FFF,2014B,30,Fail,69,6292,30.0,2.0,91.18840579710145,34892,CMA,227.0,32,0.0,-2
FFF,2014B,30,Withdrawn,4,48,4.5,1.5,12.0,34892,CMA,227.0,32,0.0,-2
FFF,2014B,31,Distinction,94,9312,50.5,3.0,99.06382978723404,34892,CMA,227.0,32,0.0,-1
FFF,2014B,31,Pass,476,64381,74.5,3.0,135.25420168067228,34892,CMA,227.0,32,0.0,-1
FFF,2014B,31,Fail,82,10960,49.5,2.0,133.65853658536585,34892,CMA,227.0,32,0.0,-1
FFF,2014B,31,Withdrawn,3,3,1.0,1.0,1.0,34892,CMA,227.0,32,0.0,-1
FFF,2014B,32,Distinction,97,10034,49.0,3.0,103.44329896907216,34892,CMA,227.0,32,0.0,0
FFF,2014B,32,Pass,503,92672,106.0,3.0,184.23856858846918,34892,CMA,227.0,32,0.0,0
FFF,2014B,32,Fail,93,29228,240.0,3.0,314.2795698924731,34892,CMA,227.0,32,0.0,0
FFF,2014B,32,Withdrawn,4,832,6.0,2.0,208.0,34892,CMA,227.0,32,0.0,0
FFF,2014B,33,Distinction,69,806,7.0,2.0,11.681159420289855,34892,CMA,227.0,32,0.0,1
FFF,2014B,33,Pass,288,2781,4.0,1.0,9.65625,34892,CMA,227.0,32,0.0,1
FFF,2014B,33,Fail,41,201,2.0,1.0,4.902439024390244,34892,CMA,227.0,32,0.0,1
FFF,2014B,30,Distinction,98,11416,64.0,4.0,116.48979591836735,34893,CMA,227.0,32,0.0,-2
FFF,2014B,30,Pass,463,60066,65.0,3.0,129.73218142548595,34893,CMA,227.0,32,0.0,-2
FFF,2014B,30,Fail,69,6292,30.0,2.0,91.18840579710145,34893,CMA,227.0,32,0.0,-2
FFF,2014B,30,Withdrawn,4,48,4.5,1.5,12.0,34893,CMA,227.0,32,0.0,-2
FFF,2014B,31,Distinction,94,9312,50.5,3.0,99.06382978723404,34893,CMA,227.0,32,0.0,-1
FFF,2014B,31,Pass,476,64381,74.5,3.0,135.25420168067228,34893,CMA,227.0,32,0.0,-1
FFF,2014B,31,Fail,82,10960,49.5,2.0,133.65853658536585,34893,CMA,227.0,32,0.0,-1
FFF,2014B,31,Withdrawn,3,3,1.0,1.0,1.0,34893,CMA,227.0,32,0.0,-1
FFF,2014B,32,Distinction,97,10034,49.0,3.0,103.44329896907216,34893,CMA,227.0,32,0.0,0
FFF,2014B,32,Pass,503,92672,106.0,3.0,184.23856858846918,34893,CMA,227.0,32,0.0,0
FFF,2014B,32,Fail,93,29228,240.0,3.0,314.2795698924731,34893,CMA,227.0,32,0.0,0
FFF,2014B,32,Withdrawn,4,832,6.0,2.0,208.0,34893,CMA,227.0,32,0.0,0
FFF,2014B,33,Distinction,69,806,7.0,2.0,11.681159420289855,34893,CMA,227.0,32,0.0,1
FFF,2014B,33,Pass,288,2781,4.0,1.0,9.65625,34893,CMA,227.0,32,0.0,1
FFF,2014B,33,Fail,41,201,2.0,1.0,4.902439024390244,34893,CMA,227.0,32,0.0,1
FFF,2014B,30,Distinction,98,11416,64.0,4.0,116.48979591836735,34894,CMA,227.0,32,0.0,-2
FFF,2014B,30,Pass,463,60066,65.0,3.0,129.73218142548595,34894,CMA,227.0,32,0.0,-2
FFF,2014B,30,Fail,69,6292,30.0,2.0,91.18840579710145,34894,CMA,227.0,32,0.0,-2
FFF,2014B,30,Withdrawn,4,48,4.5,1.5,12.0,34894,CMA,227.0,32,0.0,-2
FFF,2014B,31,Distinction,94,9312,50.5,3.0,99.06382978723404,34894,CMA,227.0,32,0.0,-1
FFF,2014B,31,Pass,476,64381,74.5,3.0,135.25420168067228,34894,CMA,227.0,32,0.0,-1
FFF,2014B,31,Fail,82,10960,49.5,2.0,133.65853658536585,34894,CMA,227.0,32,0.0,-1
FFF,2014B,31,Withdrawn,3,3,1.0,1.0,1.0,34894,CMA,227.0,32,0.0,-1
FFF,2014B,32,Distinction,97,10034,49.0,3.0,103.44329896907216,34894,CMA,227.0,32,0.0,0
FFF,2014B,32,Pass,503,92672,106.0,3.0,184.23856858846918,34894,CMA,227.0,32,0.0,0
FFF,2014B,32,Fail,93,29228,240.0,3.0,314.2795698924731,34894,CMA,227.0,32,0.0,0
FFF,2014B,32,Withdrawn,4,832,6.0,2.0,208.0,34894,CMA,227.0,32,0.0,0
FFF,2014B,33,Distinction,69,806,7.0,2.0,11.681159420289855,34894,CMA,227.0,32,0.0,1
FFF,2014B,33,Pass,288,2781,4.0,1.0,9.65625,34894,CMA,227.0,32,0.0,1
FFF,2014B,33,Fail,41,201,2.0,1.0,4.902439024390244,34894,CMA,227.0,32,0.0,1
FFF,2014B,30,Distinction,98,11416,64.0,4.0,116.48979591836735,34895,CMA,227.0,32,0.0,-2
FFF,2014B,30,Pass,463,60066,65.0,3.0,129.73218142548595,34895,CMA,227.0,32,0.0,-2
FFF,2014B,30,Fail,69,6292,30.0,2.0,91.18840579710145,34895,CMA,227.0,32,0.0,-2
FFF,2014B,30,Withdrawn,4,48,4.5,1.5,12.0,34895,CMA,227.0,32,0.0,-2
FFF,2014B,31,Distinction,94,9312,50.5,3.0,99.06382978723404,34895,CMA,227.0,32,0.0,-1
FFF,2014B,31,Pass,476,64381,74.5,3.0,135.25420168067228,34895,CMA,227.0,32,0.0,-1
FFF,2014B,31,Fail,82,10960,49.5,2.0,133.65853658536585,34895,CMA,227.0,32,0.0,-1
FFF,2014B,31,Withdrawn,3,3,1.0,1.0,1.0,34895,CMA,227.0,32,0.0,-1
FFF,2014B,32,Distinction,97,10034,49.0,3.0,103.44329896907216,34895,CMA,227.0,32,0.0,0
FFF,2014B,32,Pass,503,92672,106.0,3.0,184.23856858846918,34895,CMA,227.0,32,0.0,0
FFF,2014B,32,Fail,93,29228,240.0,3.0,314.2795698924731,34895,CMA,227.0,32,0.0,0
FFF,2014B,32,Withdrawn,4,832,6.0,2.0,208.0,34895,CMA,227.0,32,0.0,0
FFF,2014B,33,Distinction,69,806,7.0,2.0,11.681159420289855,34895,CMA,227.0,32,0.0,1
FFF,2014B,33,Pass,288,2781,4.0,1.0,9.65625,34895,CMA,227.0,32,0.0,1
FFF,2014B,33,Fail,41,201,2.0,1.0,4.902439024390244,34895,CMA,227.0,32,0.0,1
FFF,2014B,30,Distinction,98,11416,64.0,4.0,116.48979591836735,34896,CMA,227.0,32,0.0,-2
FFF,2014B,30,Pass,463,60066,65.0,3.0,129.73218142548595,34896,CMA,227.0,32,0.0,-2
FFF,2014B,30,Fail,69,6292,30.0,2.0,91.18840579710145,34896,CMA,227.0,32,0.0,-2
FFF,2014B,30,Withdrawn,4,48,4.5,1.5,12.0,34896,CMA,227.0,32,0.0,-2
FFF,2014B,31,Distinction,94,9312,50.5,3.0,99.06382978723404,34896,CMA,227.0,32,0.0,-1
FFF,2014B,31,Pass,476,64381,74.5,3.0,135.25420168067228,34896,CMA,227.0,32,0.0,-1
FFF,2014B,31,Fail,82,10960,49.5,2.0,133.65853658536585,34896,CMA,227.0,32,0.0,-1
FFF,2014B,31,Withdrawn,3,3,1.0,1.0,1.0,34896,CMA,227.0,32,0.0,-1
FFF,2014B,32,Distinction,97,10034,49.0,3.0,103.44329896907216,34896,CMA,227.0,32,0.0,0
FFF,2014B,32,Pass,503,92672,106.0,3.0,184.23856858846918,34896,CMA,227.0,32,0.0,0
FFF,2014B,32,Fail,93,29228,240.0,3.0,314.2795698924731,34896,CMA,227.0,32,0.0,0
FFF,2014B,32,Withdrawn,4,832,6.0,2.0,208.0,34896,CMA,227.0,32,0.0,0
FFF,2014B,33,Distinction,69,806,7.0,2.0,11.681159420289855,34896,CMA,227.0,32,0.0,1
FFF,2014B,33,Pass,288,2781,4.0,1.0,9.65625,34896,CMA,227.0,32,0.0,1
FFF,2014B,33,Fail,41,201,2.0,1.0,4.902439024390244,34896,CMA,227.0,32,0.0,1
FFF,2014B,30,Distinction,98,11416,64.0,4.0,116.48979591836735,34897,CMA,227.0,32,0.0,-2
FFF,2014B,30,Pass,463,60066,65.0,3.0,129.73218142548595,34897,CMA,227.0,32,0.0,-2
FFF,2014B,30,Fail,69,6292,30.0,2.0,91.18840579710145,34897,CMA,227.0,32,0.0,-2
FFF,2014B,30,Withdrawn,4,48,4.5,1.5,12.0,34897,CMA,227.0,32,0.0,-2
FFF,2014B,31,Distinction,94,9312,50.5,3.0,99.06382978723404,34897,CMA,227.0,32,0.0,-1
FFF,2014B,31,Pass,476,64381,74.5,3.0,135.25420168067228,34897,CMA,227.0,32,0.0,-1
FFF,2014B,31,Fail,82,10960,49.5,2.0,133.65853658536585,34897,CMA,227.0,32,0.0,-1
FFF,2014B,31,Withdrawn,3,3,1.0,1.0,1.0,34897,CMA,227.0,32,0.0,-1
FFF,2014B,32,Distinction,97,10034,49.0,3.0,103.44329896907216,34897,CMA,227.0,32,0.0,0
FFF,2014B,32,Pass,503,92672,106.0,3.0,184.23856858846918,34897,CMA,227.0,32,0.0,0
FFF,2014B,32,Fail,93,29228,240.0,3.0,314.2795698924731,34897,CMA,227.0,32,0.0,0
FFF,2014B,32,Withdrawn,4,832,6.0,2.0,208.0,34897,CMA,227.0,32,0.0,0
FFF,2014B,33,Distinction,69,806,7.0,2.0,11.681159420289855,34897,CMA,227.0,32,0.0,1
FFF,2014B,33,Pass,288,2781,4.0,1.0,9.65625,34897,CMA,227.0,32,0.0,1
FFF,2014B,33,Fail,41,201,2.0,1.0,4.902439024390244,34897,CMA,227.0,32,0.0,1
FFF,2014J,1,Distinction,253,44513,147.0,5.0,175.9407114624506,34899,TMA,24.0,3,12.5,-2
FFF,2014J,1,Pass,808,102441,89.5,4.0,126.78341584158416,34899,TMA,24.0,3,12.5,-2
FFF,2014J,1,Fail,290,23602,49.5,3.0,81.38620689655173,34899,TMA,24.0,3,12.5,-2
FFF,2014J,1,Withdrawn,419,32248,47.0,3.0,76.96420047732697,34899,TMA,24.0,3,12.5,-2
FFF,2014J,2,Distinction,255,56821,193.0,5.0,222.82745098039214,34899,TMA,24.0,3,12.5,-1
FFF,2014J,2,Pass,818,117710,114.0,4.0,143.8997555012225,34899,TMA,24.0,3,12.5,-1
FFF,2014J,2,Fail,307,29704,61.0,3.0,96.7557003257329,34899,TMA,24.0,3,12.5,-1
FFF,2014J,2,Withdrawn,410,38512,64.0,3.0,93.93170731707318,34899,TMA,24.0,3,12.5,-1
FFF,2014J,3,Distinction,257,48296,153.0,5.0,187.92217898832683,34899,TMA,24.0,3,12.5,0
FFF,2014J,3,Pass,842,122725,111.0,4.0,145.7541567695962,34899,TMA,24.0,3,12.5,0
FFF,2014J,3,Fail,313,30574,55.0,3.0,97.68051118210863,34899,TMA,24.0,3,12.5,0
FFF,2014J,3,Withdrawn,392,35900,68.5,3.0,91.58163265306122,34899,TMA,24.0,3,12.5,0
FFF,2014J,4,Distinction,254,42741,142.5,5.0,168.27165354330708,34899,TMA,24.0,3,12.5,1
FFF,2014J,4,Pass,801,94314,89.0,4.0,117.74531835205993,34899,TMA,24.0,3,12.5,1
FFF,2014J,4,Fail,275,17677,33.0,3.0,64.28,34899,TMA,24.0,3,12.5,1
FFF,2014J,4,Withdrawn,318,21589,35.0,3.0,67.88993710691824,34899,TMA,24.0,3,12.5,1
FFF,2014J,5,Distinction,255,35899,117.0,5.0,140.78039215686275,34900,TMA,52.0,7,12.5,-2
FFF,2014J,5,Pass,793,77165,73.0,4.0,97.3076923076923,34900,TMA,52.0,7,12.5,-2
FFF,2014J,5,Fail,250,16239,33.0,3.0,64.956,34900,TMA,52.0,7,12.5,-2
FFF,2014J,5,Withdrawn,289,18810,35.0,3.0,65.08650519031141,34900,TMA,52.0,7,12.5,-2
FFF,2014J,6,Distinction,253,43185,135.0,5.0,170.6916996047431,34900,TMA,52.0,7,12.5,-1
FFF,2014J,6,Pass,799,88638,82.0,4.0,110.93617021276596,34900,TMA,52.0,7,12.5,-1
FFF,2014J,6,Fail,255,17689,32.0,2.0,69.3686274509804,34900,TMA,52.0,7,12.5,-1
FFF,2014J,6,Withdrawn,240,12925,32.0,2.0,53.854166666666664,34900,TMA,52.0,7,12.5,-1
FFF,2014J,7,Distinction,254,41526,138.0,5.0,163.48818897637796,34900,TMA,52.0,7,12.5,0
FFF,2014J,7,Pass,842,97147,87.0,4.0,115.37648456057008,34900,TMA,52.0,7,12.5,0
FFF,2014J,7,Fail,285,22704,53.0,3.0,79.66315789473684,34900,TMA,52.0,7,12.5,0
FFF,2014J,7,Withdrawn,263,18790,53.0,2.0,71.4448669201521,34900,TMA,52.0,7,12.5,0
FFF,2014J,8,Distinction,252,30607,92.0,4.0,121.4563492063492,34900,TMA,52.0,7,12.5,1
FFF,2014J,8,Pass,761,63897,45.0,3.0,83.96452036793693,34900,TMA,52.0,7,12.5,1
FFF,2014J,8,Fail,220,10658,18.5,2.0,48.445454545454545,34900,TMA,52.0,7,12.5,1
FFF,2014J,8,Withdrawn,181,11410,20.0,2.0,63.03867403314917,34900,TMA,52.0,7,12.5,1
FFF,2014J,11,Distinction,202,16735,49.0,2.0,82.84653465346534,34901,TMA,94.0,13,25.0,-2
FFF,2014J,11,Pass,528,31076,27.5,2.0,58.85606060606061,34901,TMA,94.0,13,25.0,-2
FFF,2014J,11,Fail,116,3877,11.5,1.0,33.422413793103445,34901,TMA,94.0,13,25.0,-2
FFF,2014J,11,Withdrawn,75,2926,17.0,1.0,39.013333333333335,34901,TMA,94.0,13,25.0,-2
FFF,2014J,12,Distinction,235,27742,74.0,4.0,118.05106382978724,34901,TMA,94.0,13,25.0,-1
FFF,2014J,12,Pass,704,55004,48.0,3.0,78.13068181818181,34901,TMA,94.0,13,25.0,-1
FFF,2014J,12,Fail,171,8446,19.0,2.0,49.39181286549707,34901,TMA,94.0,13,25.0,-1
FFF,2014J,12,Withdrawn,95,5233,30.0,2.0,55.084210526315786,34901,TMA,94.0,13,25.0,-1
FFF,2014J,13,Distinction,255,39102,129.0,5.0,153.34117647058824,34901,TMA,94.0,13,25.0,0
FFF,2014J,13,Pass,828,99506,89.5,4.0,120.17632850241546,34901,TMA,94.0,13,25.0,0
FFF,2014J,13,Fail,234,16962,37.0,3.0,72.48717948717949,34901,TMA,94.0,13,25.0,0
FFF,2014J,13,Withdrawn,125,9526,42.0,3.0,76.208,34901,TMA,94.0,13,25.0,0
FFF,2014J,14,Distinction,251,35500,115.0,5.0,141.43426294820716,34901,TMA,94.0,13,25.0,1
FFF,2014J,14,Pass,751,76084,63.0,3.0,101.31025299600533,34901,TMA,94.0,13,25.0,1
FFF,2014J,14,Fail,181,10599,28.0,2.0,58.55801104972376,34901,TMA,94.0,13,25.0,1
FFF,2014J,14,Withdrawn,90,5589,19.0,2.0,62.1,34901,TMA,94.0,13,25.0,1
FFF,2014J,17,Distinction,241,27549,90.0,4.0,114.31120331950207,34902,TMA,136.0,19,25.0,-2
FFF,2014J,17,Pass,711,59545,47.0,3.0,83.74824191279887,34902,TMA,136.0,19,25.0,-2
FFF,2014J,17,Fail,147,6292,17.0,2.0,42.802721088435376,34902,TMA,136.0,19,25.0,-2
FFF,2014J,17,Withdrawn,53,2538,23.0,2.0,47.886792452830186,34902,TMA,136.0,19,25.0,-2
FFF,2014J,18,Distinction,250,32732,96.0,4.0,130.928,34902,TMA,136.0,19,25.0,-1
FFF,2014J,18,Pass,773,75321,61.0,3.0,97.4398447606727,34902,TMA,136.0,19,25.0,-1
FFF,2014J,18,Fail,154,7068,27.0,2.0,45.896103896103895,34902,TMA,136.0,19,25.0,-1
FFF,2014J,18,Withdrawn,60,3128,23.0,2.0,52.13333333333333,34902,TMA,136.0,19,25.0,-1
FFF,2014J,19,Distinction,257,48314,161.0,5.0,187.99221789883268,34902,TMA,136.0,19,25.0,0
FFF,2014J,19,Pass,828,114367,111.0,4.0,138.1243961352657,34902,TMA,136.0,19,25.0,0
FFF,2014J,19,Fail,184,17145,57.5,3.0,93.17934782608695,34902,TMA,136.0,19,25.0,0
FFF,2014J,19,Withdrawn,55,3623,45.0,3.0,65.87272727272727,34902,TMA,136.0,19,25.0,0
FFF,2014J,20,Distinction,253,46399,140.0,5.0,183.39525691699606,34902,TMA,136.0,19,25.0,1
FFF,2014J,20,Pass,734,86678,82.5,4.0,118.08991825613079,34902,TMA,136.0,19,25.0,1
FFF,2014J,20,Fail,137,8797,28.0,2.0,64.21167883211679,34902,TMA,136.0,19,25.0,1
FFF,2014J,20,Withdrawn,38,2904,39.0,2.0,76.42105263157895,34902,TMA,136.0,19,25.0,1
FFF,2014J,26,Distinction,228,22119,61.5,3.0,97.01315789473684,34903,TMA,199.0,28,25.0,-2
FFF,2014J,26,Pass,656,44171,35.0,2.0,67.33384146341463,34903,TMA,199.0,28,25.0,-2
FFF,2014J,26,Fail,83,4807,16.0,2.0,57.91566265060241,34903,TMA,199.0,28,25.0,-2
FFF,2014J,26,Withdrawn,14,380,4.0,1.0,27.142857142857142,34903,TMA,199.0,28,25.0,-2
FFF,2014J,27,Distinction,246,24748,66.0,4.0,100.60162601626017,34903,TMA,199.0,28,25.0,-1
FFF,2014J,27,Pass,724,58557,45.0,3.0,80.87983425414365,34903,TMA,199.0,28,25.0,-1
FFF,2014J,27,Fail,103,4789,27.0,2.0,46.49514563106796,34903,TMA,199.0,28,25.0,-1
FFF,2014J,27,Withdrawn,23,217,5.0,1.0,9.434782608695652,34903,TMA,199.0,28,25.0,-1
FFF,2014J,28,Distinction,254,35007,90.5,4.0,137.8228346456693,34903,TMA,199.0,28,25.0,0
FFF,2014J,28,Pass,806,87263,71.0,3.0,108.26674937965261,34903,TMA,199.0,28,25.0,0
FFF,2014J,28,Fail,110,6545,39.0,2.0,59.5,34903,TMA,199.0,28,25.0,0
FFF,2014J,28,Withdrawn,13,868,15.0,2.0,66.76923076923077,34903,TMA,199.0,28,25.0,0
FFF,2014J,29,Distinction,240,31720,90.0,4.0,132.16666666666666,34903,TMA,199.0,28,25.0,1
FFF,2014J,29,Pass,703,75797,50.0,3.0,107.81934566145092,34903,TMA,199.0,28,25.0,1
FFF,2014J,29,Fail,83,7485,19.0,2.0,90.18072289156626,34903,TMA,199.0,28,25.0,1
FFF,2014J,29,Withdrawn,6,241,22.5,2.0,40.166666666666664,34903,TMA,199.0,28,25.0,1
FFF,2014J,32,Distinction,237,39408,111.0,4.0,166.27848101265823,34904,CMA,241.0,34,0.0,-2
FFF,2014J,32,Pass,723,108275,82.0,3.0,149.75795297372062,34904,CMA,241.0,34,0.0,-2
FFF,2014J,32,Fail,69,5478,22.0,1.0,79.3913043478261,34904,CMA,241.0,34,0.0,-2
FFF,2014J,32,Withdrawn,4,611,140.0,1.5,152.75,34904,CMA,241.0,34,0.0,-2
FFF,2014J,33,Distinction,244,40926,125.5,4.0,167.7295081967213,34904,CMA,241.0,34,0.0,-1
FFF,2014J,33,Pass,779,145192,104.0,3.0,186.38254172015405,34904,CMA,241.0,34,0.0,-1
FFF,2014J,33,Fail,78,14446,90.0,2.0,185.2051282051282,34904,CMA,241.0,34,0.0,-1
FFF,2014J,33,Withdrawn,7,758,26.0,2.0,108.28571428571429,34904,CMA,241.0,34,0.0,-1
FFF,2014J,34,Distinction,235,35202,109.0,3.0,149.79574468085107,34904,CMA,241.0,34,0.0,0
FFF,2014J,34,Pass,795,157667,112.0,3.0,198.32327044025158,34904,CMA,241.0,34,0.0,0
FFF,2014J,34,Fail,105,31456,184.0,2.0,299.5809523809524,34904,CMA,241.0,34,0.0,0
FFF,2014J,34,Withdrawn,2,337,168.5,2.0,168.5,34904,CMA,241.0,34,0.0,0
FFF,2014J,35,Distinction,162,2707,6.0,1.0,16.709876543209877,34904,CMA,241.0,34,0.0,1
FFF,2014J,35,Pass,454,5047,4.0,2.0,11.116740088105727,34904,CMA,241.0,34,0.0,1
FFF,2014J,35,Fail,35,492,4.0,1.0,14.057142857142857,34904,CMA,241.0,34,0.0,1
FFF,2014J,35,Withdrawn,1,1,1.0,1.0,1.0,34904,CMA,241.0,34,0.0,1
FFF,2014J,32,Distinction,237,39408,111.0,4.0,166.27848101265823,34905,CMA,241.0,34,0.0,-2
FFF,2014J,32,Pass,723,108275,82.0,3.0,149.75795297372062,34905,CMA,241.0,34,0.0,-2
FFF,2014J,32,Fail,69,5478,22.0,1.0,79.3913043478261,34905,CMA,241.0,34,0.0,-2
FFF,2014J,32,Withdrawn,4,611,140.0,1.5,152.75,34905,CMA,241.0,34,0.0,-2
FFF,2014J,33,Distinction,244,40926,125.5,4.0,167.7295081967213,34905,CMA,241.0,34,0.0,-1
FFF,2014J,33,Pass,779,145192,104.0,3.0,186.38254172015405,34905,CMA,241.0,34,0.0,-1
FFF,2014J,33,Fail,78,14446,90.0,2.0,185.2051282051282,34905,CMA,241.0,34,0.0,-1
FFF,2014J,33,Withdrawn,7,758,26.0,2.0,108.28571428571429,34905,CMA,241.0,34,0.0,-1
FFF,2014J,34,Distinction,235,35202,109.0,3.0,149.79574468085107,34905,CMA,241.0,34,0.0,0
FFF,2014J,34,Pass,795,157667,112.0,3.0,198.32327044025158,34905,CMA,241.0,34,0.0,0
FFF,2014J,34,Fail,105,31456,184.0,2.0,299.5809523809524,34905,CMA,241.0,34,0.0,0
FFF,2014J,34,Withdrawn,2,337,168.5,2.0,168.5,34905,CMA,241.0,34,0.0,0
FFF,2014J,35,Distinction,162,2707,6.0,1.0,16.709876543209877,34905,CMA,241.0,34,0.0,1
FFF,2014J,35,Pass,454,5047,4.0,2.0,11.116740088105727,34905,CMA,241.0,34,0.0,1
FFF,2014J,35,Fail,35,492,4.0,1.0,14.057142857142857,34905,CMA,241.0,34,0.0,1
FFF,2014J,35,Withdrawn,1,1,1.0,1.0,1.0,34905,CMA,241.0,34,0.0,1
FFF,2014J,32,Distinction,237,39408,111.0,4.0,166.27848101265823,34906,CMA,241.0,34,0.0,-2
FFF,2014J,32,Pass,723,108275,82.0,3.0,149.75795297372062,34906,CMA,241.0,34,0.0,-2
FFF,2014J,32,Fail,69,5478,22.0,1.0,79.3913043478261,34906,CMA,241.0,34,0.0,-2
FFF,2014J,32,Withdrawn,4,611,140.0,1.5,152.75,34906,CMA,241.0,34,0.0,-2
FFF,2014J,33,Distinction,244,40926,125.5,4.0,167.7295081967213,34906,CMA,241.0,34,0.0,-1
FFF,2014J,33,Pass,779,145192,104.0,3.0,186.38254172015405,34906,CMA,241.0,34,0.0,-1
FFF,2014J,33,Fail,78,14446,90.0,2.0,185.2051282051282,34906,CMA,241.0,34,0.0,-1
FFF,2014J,33,Withdrawn,7,758,26.0,2.0,108.28571428571429,34906,CMA,241.0,34,0.0,-1
FFF,2014J,34,Distinction,235,35202,109.0,3.0,149.79574468085107,34906,CMA,241.0,34,0.0,0
FFF,2014J,34,Pass,795,157667,112.0,3.0,198.32327044025158,34906,CMA,241.0,34,0.0,0
FFF,2014J,34,Fail,105,31456,184.0,2.0,299.5809523809524,34906,CMA,241.0,34,0.0,0
FFF,2014J,34,Withdrawn,2,337,168.5,2.0,168.5,34906,CMA,241.0,34,0.0,0
FFF,2014J,35,Distinction,162,2707,6.0,1.0,16.709876543209877,34906,CMA,241.0,34,0.0,1
FFF,2014J,35,Pass,454,5047,4.0,2.0,11.116740088105727,34906,CMA,241.0,34,0.0,1
FFF,2014J,35,Fail,35,492,4.0,1.0,14.057142857142857,34906,CMA,241.0,34,0.0,1
FFF,2014J,35,Withdrawn,1,1,1.0,1.0,1.0,34906,CMA,241.0,34,0.0,1
FFF,2014J,32,Distinction,237,39408,111.0,4.0,166.27848101265823,34907,CMA,241.0,34,0.0,-2
FFF,2014J,32,Pass,723,108275,82.0,3.0,149.75795297372062,34907,CMA,241.0,34,0.0,-2
FFF,2014J,32,Fail,69,5478,22.0,1.0,79.3913043478261,34907,CMA,241.0,34,0.0,-2
FFF,2014J,32,Withdrawn,4,611,140.0,1.5,152.75,34907,CMA,241.0,34,0.0,-2
FFF,2014J,33,Distinction,244,40926,125.5,4.0,167.7295081967213,34907,CMA,241.0,34,0.0,-1
FFF,2014J,33,Pass,779,145192,104.0,3.0,186.38254172015405,34907,CMA,241.0,34,0.0,-1
FFF,2014J,33,Fail,78,14446,90.0,2.0,185.2051282051282,34907,CMA,241.0,34,0.0,-1
FFF,2014J,33,Withdrawn,7,758,26.0,2.0,108.28571428571429,34907,CMA,241.0,34,0.0,-1
FFF,2014J,34,Distinction,235,35202,109.0,3.0,149.79574468085107,34907,CMA,241.0,34,0.0,0
FFF,2014J,34,Pass,795,157667,112.0,3.0,198.32327044025158,34907,CMA,241.0,34,0.0,0
FFF,2014J,34,Fail,105,31456,184.0,2.0,299.5809523809524,34907,CMA,241.0,34,0.0,0
FFF,2014J,34,Withdrawn,2,337,168.5,2.0,168.5,34907,CMA,241.0,34,0.0,0
FFF,2014J,35,Distinction,162,2707,6.0,1.0,16.709876543209877,34907,CMA,241.0,34,0.0,1
FFF,2014J,35,Pass,454,5047,4.0,2.0,11.116740088105727,34907,CMA,241.0,34,0.0,1
FFF,2014J,35,Fail,35,492,4.0,1.0,14.057142857142857,34907,CMA,241.0,34,0.0,1
FFF,2014J,35,Withdrawn,1,1,1.0,1.0,1.0,34907,CMA,241.0,34,0.0,1
FFF,2014J,32,Distinction,237,39408,111.0,4.0,166.27848101265823,34908,CMA,241.0,34,0.0,-2
FFF,2014J,32,Pass,723,108275,82.0,3.0,149.75795297372062,34908,CMA,241.0,34,0.0,-2
FFF,2014J,32,Fail,69,5478,22.0,1.0,79.3913043478261,34908,CMA,241.0,34,0.0,-2
FFF,2014J,32,Withdrawn,4,611,140.0,1.5,152.75,34908,CMA,241.0,34,0.0,-2
FFF,2014J,33,Distinction,244,40926,125.5,4.0,167.7295081967213,34908,CMA,241.0,34,0.0,-1
FFF,2014J,33,Pass,779,145192,104.0,3.0,186.38254172015405,34908,CMA,241.0,34,0.0,-1
FFF,2014J,33,Fail,78,14446,90.0,2.0,185.2051282051282,34908,CMA,241.0,34,0.0,-1
FFF,2014J,33,Withdrawn,7,758,26.0,2.0,108.28571428571429,34908,CMA,241.0,34,0.0,-1
FFF,2014J,34,Distinction,235,35202,109.0,3.0,149.79574468085107,34908,CMA,241.0,34,0.0,0
FFF,2014J,34,Pass,795,157667,112.0,3.0,198.32327044025158,34908,CMA,241.0,34,0.0,0
FFF,2014J,34,Fail,105,31456,184.0,2.0,299.5809523809524,34908,CMA,241.0,34,0.0,0
FFF,2014J,34,Withdrawn,2,337,168.5,2.0,168.5,34908,CMA,241.0,34,0.0,0
FFF,2014J,35,Distinction,162,2707,6.0,1.0,16.709876543209877,34908,CMA,241.0,34,0.0,1
FFF,2014J,35,Pass,454,5047,4.0,2.0,11.116740088105727,34908,CMA,241.0,34,0.0,1
FFF,2014J,35,Fail,35,492,4.0,1.0,14.057142857142857,34908,CMA,241.0,34,0.0,1
FFF,2014J,35,Withdrawn,1,1,1.0,1.0,1.0,34908,CMA,241.0,34,0.0,1
FFF,2014J,32,Distinction,237,39408,111.0,4.0,166.27848101265823,34909,CMA,241.0,34,0.0,-2
FFF,2014J,32,Pass,723,108275,82.0,3.0,149.75795297372062,34909,CMA,241.0,34,0.0,-2
FFF,2014J,32,Fail,69,5478,22.0,1.0,79.3913043478261,34909,CMA,241.0,34,0.0,-2
FFF,2014J,32,Withdrawn,4,611,140.0,1.5,152.75,34909,CMA,241.0,34,0.0,-2
FFF,2014J,33,Distinction,244,40926,125.5,4.0,167.7295081967213,34909,CMA,241.0,34,0.0,-1
FFF,2014J,33,Pass,779,145192,104.0,3.0,186.38254172015405,34909,CMA,241.0,34,0.0,-1
FFF,2014J,33,Fail,78,14446,90.0,2.0,185.2051282051282,34909,CMA,241.0,34,0.0,-1
FFF,2014J,33,Withdrawn,7,758,26.0,2.0,108.28571428571429,34909,CMA,241.0,34,0.0,-1
FFF,2014J,34,Distinction,235,35202,109.0,3.0,149.79574468085107,34909,CMA,241.0,34,0.0,0
FFF,2014J,34,Pass,795,157667,112.0,3.0,198.32327044025158,34909,CMA,241.0,34,0.0,0
FFF,2014J,34,Fail,105,31456,184.0,2.0,299.5809523809524,34909,CMA,241.0,34,0.0,0
FFF,2014J,34,Withdrawn,2,337,168.5,2.0,168.5,34909,CMA,241.0,34,0.0,0
FFF,2014J,35,Distinction,162,2707,6.0,1.0,16.709876543209877,34909,CMA,241.0,34,0.0,1
FFF,2014J,35,Pass,454,5047,4.0,2.0,11.116740088105727,34909,CMA,241.0,34,0.0,1
FFF,2014J,35,Fail,35,492,4.0,1.0,14.057142857142857,34909,CMA,241.0,34,0.0,1
FFF,2014J,35,Withdrawn,1,1,1.0,1.0,1.0,34909,CMA,241.0,34,0.0,1
FFF,2014J,32,Distinction,237,39408,111.0,4.0,166.27848101265823,34910,CMA,241.0,34,0.0,-2
FFF,2014J,32,Pass,723,108275,82.0,3.0,149.75795297372062,34910,CMA,241.0,34,0.0,-2
FFF,2014J,32,Fail,69,5478,22.0,1.0,79.3913043478261,34910,CMA,241.0,34,0.0,-2
FFF,2014J,32,Withdrawn,4,611,140.0,1.5,152.75,34910,CMA,241.0,34,0.0,-2
FFF,2014J,33,Distinction,244,40926,125.5,4.0,167.7295081967213,34910,CMA,241.0,34,0.0,-1
FFF,2014J,33,Pass,779,145192,104.0,3.0,186.38254172015405,34910,CMA,241.0,34,0.0,-1
FFF,2014J,33,Fail,78,14446,90.0,2.0,185.2051282051282,34910,CMA,241.0,34,0.0,-1
FFF,2014J,33,Withdrawn,7,758,26.0,2.0,108.28571428571429,34910,CMA,241.0,34,0.0,-1
FFF,2014J,34,Distinction,235,35202,109.0,3.0,149.79574468085107,34910,CMA,241.0,34,0.0,0
FFF,2014J,34,Pass,795,157667,112.0,3.0,198.32327044025158,34910,CMA,241.0,34,0.0,0
FFF,2014J,34,Fail,105,31456,184.0,2.0,299.5809523809524,34910,CMA,241.0,34,0.0,0
FFF,2014J,34,Withdrawn,2,337,168.5,2.0,168.5,34910,CMA,241.0,34,0.0,0
FFF,2014J,35,Distinction,162,2707,6.0,1.0,16.709876543209877,34910,CMA,241.0,34,0.0,1
FFF,2014J,35,Pass,454,5047,4.0,2.0,11.116740088105727,34910,CMA,241.0,34,0.0,1
FFF,2014J,35,Fail,35,492,4.0,1.0,14.057142857142857,34910,CMA,241.0,34,0.0,1
FFF,2014J,35,Withdrawn,1,1,1.0,1.0,1.0,34910,CMA,241.0,34,0.0,1
GGG,2013J,6,Distinction,80,1267,11.0,1.0,15.8375,37415,TMA,61.0,8,0.0,-2
GGG,2013J,6,Pass,225,3393,9.0,1.0,15.08,37415,TMA,61.0,8,0.0,-2
GGG,2013J,6,Fail,88,1125,6.0,1.0,12.784090909090908,37415,TMA,61.0,8,0.0,-2
GGG,2013J,6,Withdrawn,16,231,8.5,1.0,14.4375,37415,TMA,61.0,8,0.0,-2
GGG,2013J,7,Distinction,72,1186,9.0,1.0,16.47222222222222,37415,TMA,61.0,8,0.0,-1
GGG,2013J,7,Pass,215,3355,10.0,1.0,15.604651162790697,37415,TMA,61.0,8,0.0,-1
GGG,2013J,7,Fail,78,904,6.0,1.0,11.58974358974359,37415,TMA,61.0,8,0.0,-1
GGG,2013J,7,Withdrawn,11,197,7.0,1.0,17.90909090909091,37415,TMA,61.0,8,0.0,-1
GGG,2013J,8,Distinction,97,2030,8.0,2.0,20.927835051546392,37415,TMA,61.0,8,0.0,0
GGG,2013J,8,Pass,275,3717,7.0,1.0,13.516363636363636,37415,TMA,61.0,8,0.0,0
GGG,2013J,8,Fail,119,1719,10.0,1.0,14.445378151260504,37415,TMA,61.0,8,0.0,0
GGG,2013J,8,Withdrawn,14,144,4.5,1.0,10.285714285714286,37415,TMA,61.0,8,0.0,0
GGG,2013J,9,Distinction,75,1180,6.0,1.0,15.733333333333333,37415,TMA,61.0,8,0.0,1
GGG,2013J,9,Pass,211,2168,5.0,1.0,10.274881516587678,37415,TMA,61.0,8,0.0,1
GGG,2013J,9,Fail,78,881,8.0,1.5,11.294871794871796,37415,TMA,61.0,8,0.0,1
GGG,2013J,9,Withdrawn,8,49,3.5,1.0,6.125,37415,TMA,61.0,8,0.0,1
GGG,2013J,15,Distinction,104,3754,19.0,2.0,36.09615384615385,37416,TMA,124.0,17,0.0,-2
GGG,2013J,15,Pass,272,6649,15.0,2.0,24.44485294117647,37416,TMA,124.0,17,0.0,-2
GGG,2013J,15,Fail,68,1640,15.0,1.0,24.11764705882353,37416,TMA,124.0,17,0.0,-2
GGG,2013J,15,Withdrawn,10,166,17.5,1.5,16.6,37416,TMA,124.0,17,0.0,-2
GGG,2013J,16,Distinction,96,2597,16.0,2.0,27.052083333333332,37416,TMA,124.0,17,0.0,-1
GGG,2013J,16,Pass,257,5570,13.0,2.0,21.673151750972764,37416,TMA,124.0,17,0.0,-1
GGG,2013J,16,Fail,69,1345,10.0,1.0,19.492753623188406,37416,TMA,124.0,17,0.0,-1
GGG,2013J,16,Withdrawn,8,95,5.5,1.0,11.875,37416,TMA,124.0,17,0.0,-1
GGG,2013J,17,Distinction,115,4467,24.0,2.0,38.84347826086957,37416,TMA,124.0,17,0.0,0
GGG,2013J,17,Pass,329,8251,13.0,2.0,25.0790273556231,37416,TMA,124.0,17,0.0,0
GGG,2013J,17,Fail,86,1809,10.0,1.0,21.03488372093023,37416,TMA,124.0,17,0.0,0
GGG,2013J,17,Withdrawn,11,322,7.0,2.0,29.272727272727273,37416,TMA,124.0,17,0.0,0
GGG,2013J,18,Distinction,102,5290,40.0,2.0,51.86274509803921,37416,TMA,124.0,17,0.0,1
GGG,2013J,18,Pass,311,12436,28.0,2.0,39.98713826366559,37416,TMA,124.0,17,0.0,1
GGG,2013J,18,Fail,77,2255,15.0,2.0,29.285714285714285,37416,TMA,124.0,17,0.0,1
GGG,2013J,18,Withdrawn,6,274,37.0,3.0,45.666666666666664,37416,TMA,124.0,17,0.0,1
GGG,2013J,22,Distinction,102,5003,40.5,2.0,49.049019607843135,37417,TMA,173.0,24,0.0,-2
GGG,2013J,22,Pass,305,12893,35.0,2.0,42.27213114754098,37417,TMA,173.0,24,0.0,-2
GGG,2013J,22,Fail,50,2036,19.5,2.0,40.72,37417,TMA,173.0,24,0.0,-2
GGG,2013J,22,Withdrawn,5,158,33.0,1.0,31.6,37417,TMA,173.0,24,0.0,-2
GGG,2013J,23,Distinction,107,5460,30.0,2.0,51.02803738317757,37417,TMA,173.0,24,0.0,-1
GGG,2013J,23,Pass,315,9228,20.0,2.0,29.295238095238094,37417,TMA,173.0,24,0.0,-1
GGG,2013J,23,Fail,46,1704,35.0,2.0,37.04347826086956,37417,TMA,173.0,24,0.0,-1
GGG,2013J,23,Withdrawn,6,87,9.5,1.0,14.5,37417,TMA,173.0,24,0.0,-1
GGG,2013J,24,Distinction,117,4501,30.0,2.0,38.47008547008547,37417,TMA,173.0,24,0.0,0
GGG,2013J,24,Pass,359,11191,20.0,2.0,31.172701949860723,37417,TMA,173.0,24,0.0,0
GGG,2013J,24,Fail,62,1776,22.5,2.0,28.64516129032258,37417,TMA,173.0,24,0.0,0
GGG,2013J,24,Withdrawn,4,91,25.0,1.5,22.75,37417,TMA,173.0,24,0.0,0
GGG,2013J,25,Distinction,107,3224,18.0,2.0,30.130841121495326,37417,TMA,173.0,24,0.0,1
GGG,2013J,25,Pass,299,7796,13.0,2.0,26.073578595317727,37417,TMA,173.0,24,0.0,1
GGG,2013J,25,Fail,39,958,15.0,1.0,24.564102564102566,37417,TMA,173.0,24,0.0,1
GGG,2013J,25,Withdrawn,3,45,14.0,1.0,15.0,37417,TMA,173.0,24,0.0,1
GGG,2013J,30,Distinction,106,6012,41.5,2.0,56.716981132075475,37418,CMA,229.0,32,0.0,-2
GGG,2013J,30,Pass,311,14678,36.0,2.0,47.19614147909968,37418,CMA,229.0,32,0.0,-2
GGG,2013J,30,Fail,25,909,17.0,1.0,36.36,37418,CMA,229.0,32,0.0,-2
GGG,2013J,30,Withdrawn,2,31,15.5,1.0,15.5,37418,CMA,229.0,32,0.0,-2
GGG,2013J,31,Distinction,108,4515,28.5,2.0,41.80555555555556,37418,CMA,229.0,32,0.0,-1
GGG,2013J,31,Pass,331,13133,25.0,2.0,39.676737160120844,37418,CMA,229.0,32,0.0,-1
GGG,2013J,31,Fail,35,1431,31.0,2.0,40.885714285714286,37418,CMA,229.0,32,0.0,-1
GGG,2013J,31,Withdrawn,1,82,82.0,2.0,82.0,37418,CMA,229.0,32,0.0,-1
GGG,2013J,32,Distinction,115,6064,36.0,2.0,52.7304347826087,37418,CMA,229.0,32,0.0,0
GGG,2013J,32,Pass,369,19647,32.0,2.0,53.24390243902439,37418,CMA,229.0,32,0.0,0
GGG,2013J,32,Fail,59,3543,48.0,2.0,60.05084745762712,37418,CMA,229.0,32,0.0,0
GGG,2013J,32,Withdrawn,3,21,3.0,1.0,7.0,37418,CMA,229.0,32,0.0,0
GGG,2013J,33,Distinction,55,560,4.0,1.0,10.181818181818182,37418,CMA,229.0,32,0.0,1
GGG,2013J,33,Pass,106,772,3.0,1.0,7.283018867924528,37418,CMA,229.0,32,0.0,1
GGG,2013J,33,Fail,17,105,2.0,1.0,6.176470588235294,37418,CMA,229.0,32,0.0,1
GGG,2013J,30,Distinction,106,6012,41.5,2.0,56.716981132075475,37419,CMA,229.0,32,0.0,-2
GGG,2013J,30,Pass,311,14678,36.0,2.0,47.19614147909968,37419,CMA,229.0,32,0.0,-2
GGG,2013J,30,Fail,25,909,17.0,1.0,36.36,37419,CMA,229.0,32,0.0,-2
GGG,2013J,30,Withdrawn,2,31,15.5,1.0,15.5,37419,CMA,229.0,32,0.0,-2
GGG,2013J,31,Distinction,108,4515,28.5,2.0,41.80555555555556,37419,CMA,229.0,32,0.0,-1
GGG,2013J,31,Pass,331,13133,25.0,2.0,39.676737160120844,37419,CMA,229.0,32,0.0,-1
GGG,2013J,31,Fail,35,1431,31.0,2.0,40.885714285714286,37419,CMA,229.0,32,0.0,-1
GGG,2013J,31,Withdrawn,1,82,82.0,2.0,82.0,37419,CMA,229.0,32,0.0,-1
GGG,2013J,32,Distinction,115,6064,36.0,2.0,52.7304347826087,37419,CMA,229.0,32,0.0,0
GGG,2013J,32,Pass,369,19647,32.0,2.0,53.24390243902439,37419,CMA,229.0,32,0.0,0
GGG,2013J,32,Fail,59,3543,48.0,2.0,60.05084745762712,37419,CMA,229.0,32,0.0,0
GGG,2013J,32,Withdrawn,3,21,3.0,1.0,7.0,37419,CMA,229.0,32,0.0,0
GGG,2013J,33,Distinction,55,560,4.0,1.0,10.181818181818182,37419,CMA,229.0,32,0.0,1
GGG,2013J,33,Pass,106,772,3.0,1.0,7.283018867924528,37419,CMA,229.0,32,0.0,1
GGG,2013J,33,Fail,17,105,2.0,1.0,6.176470588235294,37419,CMA,229.0,32,0.0,1
GGG,2013J,30,Distinction,106,6012,41.5,2.0,56.716981132075475,37420,CMA,229.0,32,0.0,-2
GGG,2013J,30,Pass,311,14678,36.0,2.0,47.19614147909968,37420,CMA,229.0,32,0.0,-2
GGG,2013J,30,Fail,25,909,17.0,1.0,36.36,37420,CMA,229.0,32,0.0,-2
GGG,2013J,30,Withdrawn,2,31,15.5,1.0,15.5,37420,CMA,229.0,32,0.0,-2
GGG,2013J,31,Distinction,108,4515,28.5,2.0,41.80555555555556,37420,CMA,229.0,32,0.0,-1
GGG,2013J,31,Pass,331,13133,25.0,2.0,39.676737160120844,37420,CMA,229.0,32,0.0,-1
GGG,2013J,31,Fail,35,1431,31.0,2.0,40.885714285714286,37420,CMA,229.0,32,0.0,-1
GGG,2013J,31,Withdrawn,1,82,82.0,2.0,82.0,37420,CMA,229.0,32,0.0,-1
GGG,2013J,32,Distinction,115,6064,36.0,2.0,52.7304347826087,37420,CMA,229.0,32,0.0,0
GGG,2013J,32,Pass,369,19647,32.0,2.0,53.24390243902439,37420,CMA,229.0,32,0.0,0
GGG,2013J,32,Fail,59,3543,48.0,2.0,60.05084745762712,37420,CMA,229.0,32,0.0,0
GGG,2013J,32,Withdrawn,3,21,3.0,1.0,7.0,37420,CMA,229.0,32,0.0,0
GGG,2013J,33,Distinction,55,560,4.0,1.0,10.181818181818182,37420,CMA,229.0,32,0.0,1
GGG,2013J,33,Pass,106,772,3.0,1.0,7.283018867924528,37420,CMA,229.0,32,0.0,1
GGG,2013J,33,Fail,17,105,2.0,1.0,6.176470588235294,37420,CMA,229.0,32,0.0,1
GGG,2013J,30,Distinction,106,6012,41.5,2.0,56.716981132075475,37421,CMA,229.0,32,0.0,-2
GGG,2013J,30,Pass,311,14678,36.0,2.0,47.19614147909968,37421,CMA,229.0,32,0.0,-2
GGG,2013J,30,Fail,25,909,17.0,1.0,36.36,37421,CMA,229.0,32,0.0,-2
GGG,2013J,30,Withdrawn,2,31,15.5,1.0,15.5,37421,CMA,229.0,32,0.0,-2
GGG,2013J,31,Distinction,108,4515,28.5,2.0,41.80555555555556,37421,CMA,229.0,32,0.0,-1
GGG,2013J,31,Pass,331,13133,25.0,2.0,39.676737160120844,37421,CMA,229.0,32,0.0,-1
GGG,2013J,31,Fail,35,1431,31.0,2.0,40.885714285714286,37421,CMA,229.0,32,0.0,-1
GGG,2013J,31,Withdrawn,1,82,82.0,2.0,82.0,37421,CMA,229.0,32,0.0,-1
GGG,2013J,32,Distinction,115,6064,36.0,2.0,52.7304347826087,37421,CMA,229.0,32,0.0,0
GGG,2013J,32,Pass,369,19647,32.0,2.0,53.24390243902439,37421,CMA,229.0,32,0.0,0
GGG,2013J,32,Fail,59,3543,48.0,2.0,60.05084745762712,37421,CMA,229.0,32,0.0,0
GGG,2013J,32,Withdrawn,3,21,3.0,1.0,7.0,37421,CMA,229.0,32,0.0,0
GGG,2013J,33,Distinction,55,560,4.0,1.0,10.181818181818182,37421,CMA,229.0,32,0.0,1
GGG,2013J,33,Pass,106,772,3.0,1.0,7.283018867924528,37421,CMA,229.0,32,0.0,1
GGG,2013J,33,Fail,17,105,2.0,1.0,6.176470588235294,37421,CMA,229.0,32,0.0,1
GGG,2013J,30,Distinction,106,6012,41.5,2.0,56.716981132075475,37422,CMA,229.0,32,0.0,-2
GGG,2013J,30,Pass,311,14678,36.0,2.0,47.19614147909968,37422,CMA,229.0,32,0.0,-2
GGG,2013J,30,Fail,25,909,17.0,1.0,36.36,37422,CMA,229.0,32,0.0,-2
GGG,2013J,30,Withdrawn,2,31,15.5,1.0,15.5,37422,CMA,229.0,32,0.0,-2
GGG,2013J,31,Distinction,108,4515,28.5,2.0,41.80555555555556,37422,CMA,229.0,32,0.0,-1
GGG,2013J,31,Pass,331,13133,25.0,2.0,39.676737160120844,37422,CMA,229.0,32,0.0,-1
GGG,2013J,31,Fail,35,1431,31.0,2.0,40.885714285714286,37422,CMA,229.0,32,0.0,-1
GGG,2013J,31,Withdrawn,1,82,82.0,2.0,82.0,37422,CMA,229.0,32,0.0,-1
GGG,2013J,32,Distinction,115,6064,36.0,2.0,52.7304347826087,37422,CMA,229.0,32,0.0,0
GGG,2013J,32,Pass,369,19647,32.0,2.0,53.24390243902439,37422,CMA,229.0,32,0.0,0
GGG,2013J,32,Fail,59,3543,48.0,2.0,60.05084745762712,37422,CMA,229.0,32,0.0,0
GGG,2013J,32,Withdrawn,3,21,3.0,1.0,7.0,37422,CMA,229.0,32,0.0,0
GGG,2013J,33,Distinction,55,560,4.0,1.0,10.181818181818182,37422,CMA,229.0,32,0.0,1
GGG,2013J,33,Pass,106,772,3.0,1.0,7.283018867924528,37422,CMA,229.0,32,0.0,1
GGG,2013J,33,Fail,17,105,2.0,1.0,6.176470588235294,37422,CMA,229.0,32,0.0,1
GGG,2013J,30,Distinction,106,6012,41.5,2.0,56.716981132075475,37423,CMA,229.0,32,0.0,-2
GGG,2013J,30,Pass,311,14678,36.0,2.0,47.19614147909968,37423,CMA,229.0,32,0.0,-2
GGG,2013J,30,Fail,25,909,17.0,1.0,36.36,37423,CMA,229.0,32,0.0,-2
GGG,2013J,30,Withdrawn,2,31,15.5,1.0,15.5,37423,CMA,229.0,32,0.0,-2
GGG,2013J,31,Distinction,108,4515,28.5,2.0,41.80555555555556,37423,CMA,229.0,32,0.0,-1
GGG,2013J,31,Pass,331,13133,25.0,2.0,39.676737160120844,37423,CMA,229.0,32,0.0,-1
GGG,2013J,31,Fail,35,1431,31.0,2.0,40.885714285714286,37423,CMA,229.0,32,0.0,-1
GGG,2013J,31,Withdrawn,1,82,82.0,2.0,82.0,37423,CMA,229.0,32,0.0,-1
GGG,2013J,32,Distinction,115,6064,36.0,2.0,52.7304347826087,37423,CMA,229.0,32,0.0,0
GGG,2013J,32,Pass,369,19647,32.0,2.0,53.24390243902439,37423,CMA,229.0,32,0.0,0
GGG,2013J,32,Fail,59,3543,48.0,2.0,60.05084745762712,37423,CMA,229.0,32,0.0,0
GGG,2013J,32,Withdrawn,3,21,3.0,1.0,7.0,37423,CMA,229.0,32,0.0,0
GGG,2013J,33,Distinction,55,560,4.0,1.0,10.181818181818182,37423,CMA,229.0,32,0.0,1
GGG,2013J,33,Pass,106,772,3.0,1.0,7.283018867924528,37423,CMA,229.0,32,0.0,1
GGG,2013J,33,Fail,17,105,2.0,1.0,6.176470588235294,37423,CMA,229.0,32,0.0,1
GGG,2014B,6,Distinction,74,1406,9.0,1.0,19.0,37425,TMA,61.0,8,0.0,-2
GGG,2014B,6,Pass,187,3649,11.0,1.0,19.513368983957218,37425,TMA,61.0,8,0.0,-2
GGG,2014B,6,Fail,76,1454,9.0,1.0,19.13157894736842,37425,TMA,61.0,8,0.0,-2
GGG,2014B,6,Withdrawn,18,242,6.5,1.0,13.444444444444445,37425,TMA,61.0,8,0.0,-2
GGG,2014B,7,Distinction,76,1831,11.5,1.0,24.092105263157894,37425,TMA,61.0,8,0.0,-1
GGG,2014B,7,Pass,192,4128,11.0,1.0,21.5,37425,TMA,61.0,8,0.0,-1
GGG,2014B,7,Fail,77,1452,11.0,1.0,18.857142857142858,37425,TMA,61.0,8,0.0,-1
GGG,2014B,7,Withdrawn,21,271,9.0,1.0,12.904761904761905,37425,TMA,61.0,8,0.0,-1
GGG,2014B,8,Distinction,96,2390,8.5,2.0,24.895833333333332,37425,TMA,61.0,8,0.0,0
GGG,2014B,8,Pass,232,5443,10.0,2.0,23.461206896551722,37425,TMA,61.0,8,0.0,0
GGG,2014B,8,Fail,104,1761,8.0,1.0,16.932692307692307,37425,TMA,61.0,8,0.0,0
GGG,2014B,8,Withdrawn,27,508,7.0,1.0,18.814814814814813,37425,TMA,61.0,8,0.0,0
GGG,2014B,9,Distinction,86,2420,16.0,2.0,28.13953488372093,37425,TMA,61.0,8,0.0,1
GGG,2014B,9,Pass,207,4958,11.0,2.0,23.95169082125604,37425,TMA,61.0,8,0.0,1
GGG,2014B,9,Fail,92,1374,5.5,1.0,14.934782608695652,37425,TMA,61.0,8,0.0,1
GGG,2014B,9,Withdrawn,30,367,3.5,1.0,12.233333333333333,37425,TMA,61.0,8,0.0,1
GGG,2014B,14,Distinction,85,2300,18.0,1.0,27.058823529411764,37426,TMA,117.0,16,0.0,-2
GGG,2014B,14,Pass,221,5523,15.0,1.0,24.990950226244344,37426,TMA,117.0,16,0.0,-2
GGG,2014B,14,Fail,68,1165,11.0,1.0,17.13235294117647,37426,TMA,117.0,16,0.0,-2
GGG,2014B,14,Withdrawn,18,314,10.0,1.0,17.444444444444443,37426,TMA,117.0,16,0.0,-2
GGG,2014B,15,Distinction,83,1880,13.0,2.0,22.650602409638555,37426,TMA,117.0,16,0.0,-1
GGG,2014B,15,Pass,209,4828,14.0,1.0,23.10047846889952,37426,TMA,117.0,16,0.0,-1
GGG,2014B,15,Fail,44,820,14.0,1.0,18.636363636363637,37426,TMA,117.0,16,0.0,-1
GGG,2014B,15,Withdrawn,9,110,10.0,1.0,12.222222222222221,37426,TMA,117.0,16,0.0,-1
GGG,2014B,16,Distinction,87,2492,15.0,2.0,28.64367816091954,37426,TMA,117.0,16,0.0,0
GGG,2014B,16,Pass,251,6921,16.0,2.0,27.573705179282868,37426,TMA,117.0,16,0.0,0
GGG,2014B,16,Fail,68,1025,8.5,1.0,15.073529411764707,37426,TMA,117.0,16,0.0,0
GGG,2014B,16,Withdrawn,12,242,13.0,1.0,20.166666666666668,37426,TMA,117.0,16,0.0,0
GGG,2014B,17,Distinction,98,5074,40.0,2.0,51.775510204081634,37426,TMA,117.0,16,0.0,1
GGG,2014B,17,Pass,235,10080,29.0,2.0,42.8936170212766,37426,TMA,117.0,16,0.0,1
GGG,2014B,17,Fail,48,1487,13.5,1.0,30.979166666666668,37426,TMA,117.0,16,0.0,1
GGG,2014B,17,Withdrawn,12,305,19.0,2.0,25.416666666666668,37426,TMA,117.0,16,0.0,1
GGG,2014B,21,Distinction,91,3711,26.0,2.0,40.78021978021978,37427,TMA,166.0,23,0.0,-2
GGG,2014B,21,Pass,211,8972,26.0,2.0,42.52132701421801,37427,TMA,166.0,23,0.0,-2
GGG,2014B,21,Fail,43,1025,19.0,1.0,23.837209302325583,37427,TMA,166.0,23,0.0,-2
GGG,2014B,21,Withdrawn,12,306,15.0,2.0,25.5,37427,TMA,166.0,23,0.0,-2
GGG,2014B,22,Distinction,95,3172,18.0,2.0,33.38947368421053,37427,TMA,166.0,23,0.0,-1
GGG,2014B,22,Pass,228,8816,27.5,2.0,38.666666666666664,37427,TMA,166.0,23,0.0,-1
GGG,2014B,22,Fail,47,1889,24.0,1.0,40.191489361702125,37427,TMA,166.0,23,0.0,-1
GGG,2014B,22,Withdrawn,9,133,17.0,2.0,14.777777777777779,37427,TMA,166.0,23,0.0,-1
GGG,2014B,23,Distinction,110,3775,20.5,2.0,34.31818181818182,37427,TMA,166.0,23,0.0,0
GGG,2014B,23,Pass,280,9947,22.0,2.0,35.525,37427,TMA,166.0,23,0.0,0
GGG,2014B,23,Fail,54,1120,16.0,1.0,20.74074074074074,37427,TMA,166.0,23,0.0,0
GGG,2014B,23,Withdrawn,7,91,13.0,1.0,13.0,37427,TMA,166.0,23,0.0,0
GGG,2014B,24,Distinction,88,2905,18.5,2.0,33.01136363636363,37427,TMA,166.0,23,0.0,1
GGG,2014B,24,Pass,212,6920,18.5,2.0,32.64150943396226,37427,TMA,166.0,23,0.0,1
GGG,2014B,24,Fail,29,519,9.0,1.0,17.896551724137932,37427,TMA,166.0,23,0.0,1
GGG,2014B,24,Withdrawn,9,275,18.0,2.0,30.555555555555557,37427,TMA,166.0,23,0.0,1
GGG,2014B,29,Distinction,86,4076,41.0,2.0,47.395348837209305,37428,CMA,222.0,31,0.0,-2
GGG,2014B,29,Pass,228,11235,35.0,2.0,49.276315789473685,37428,CMA,222.0,31,0.0,-2
GGG,2014B,29,Fail,21,1083,53.0,1.0,51.57142857142857,37428,CMA,222.0,31,0.0,-2
GGG,2014B,29,Withdrawn,5,77,5.0,1.0,15.4,37428,CMA,222.0,31,0.0,-2
GGG,2014B,30,Distinction,95,4454,37.0,2.0,46.88421052631579,37428,CMA,222.0,31,0.0,-1
GGG,2014B,30,Pass,253,11214,33.0,2.0,44.32411067193676,37428,CMA,222.0,31,0.0,-1
GGG,2014B,30,Fail,26,851,24.0,1.0,32.73076923076923,37428,CMA,222.0,31,0.0,-1
GGG,2014B,31,Distinction,94,3807,23.5,2.0,40.5,37428,CMA,222.0,31,0.0,0
GGG,2014B,31,Pass,283,13323,27.0,2.0,47.07773851590106,37428,CMA,222.0,31,0.0,0
GGG,2014B,31,Fail,38,2107,30.5,2.0,55.44736842105263,37428,CMA,222.0,31,0.0,0
GGG,2014B,31,Withdrawn,1,21,21.0,1.0,21.0,37428,CMA,222.0,31,0.0,0
GGG,2014B,32,Distinction,39,282,4.0,2.0,7.230769230769231,37428,CMA,222.0,31,0.0,1
GGG,2014B,32,Pass,108,723,2.5,1.0,6.694444444444445,37428,CMA,222.0,31,0.0,1
GGG,2014B,32,Fail,17,96,3.0,1.0,5.647058823529412,37428,CMA,222.0,31,0.0,1
GGG,2014B,29,Distinction,86,4076,41.0,2.0,47.395348837209305,37429,CMA,222.0,31,0.0,-2
GGG,2014B,29,Pass,228,11235,35.0,2.0,49.276315789473685,37429,CMA,222.0,31,0.0,-2
GGG,2014B,29,Fail,21,1083,53.0,1.0,51.57142857142857,37429,CMA,222.0,31,0.0,-2
GGG,2014B,29,Withdrawn,5,77,5.0,1.0,15.4,37429,CMA,222.0,31,0.0,-2
GGG,2014B,30,Distinction,95,4454,37.0,2.0,46.88421052631579,37429,CMA,222.0,31,0.0,-1
GGG,2014B,30,Pass,253,11214,33.0,2.0,44.32411067193676,37429,CMA,222.0,31,0.0,-1
GGG,2014B,30,Fail,26,851,24.0,1.0,32.73076923076923,37429,CMA,222.0,31,0.0,-1
GGG,2014B,31,Distinction,94,3807,23.5,2.0,40.5,37429,CMA,222.0,31,0.0,0
GGG,2014B,31,Pass,283,13323,27.0,2.0,47.07773851590106,37429,CMA,222.0,31,0.0,0
GGG,2014B,31,Fail,38,2107,30.5,2.0,55.44736842105263,37429,CMA,222.0,31,0.0,0
GGG,2014B,31,Withdrawn,1,21,21.0,1.0,21.0,37429,CMA,222.0,31,0.0,0
GGG,2014B,32,Distinction,39,282,4.0,2.0,7.230769230769231,37429,CMA,222.0,31,0.0,1
GGG,2014B,32,Pass,108,723,2.5,1.0,6.694444444444445,37429,CMA,222.0,31,0.0,1
GGG,2014B,32,Fail,17,96,3.0,1.0,5.647058823529412,37429,CMA,222.0,31,0.0,1
GGG,2014B,29,Distinction,86,4076,41.0,2.0,47.395348837209305,37430,CMA,222.0,31,0.0,-2
GGG,2014B,29,Pass,228,11235,35.0,2.0,49.276315789473685,37430,CMA,222.0,31,0.0,-2
GGG,2014B,29,Fail,21,1083,53.0,1.0,51.57142857142857,37430,CMA,222.0,31,0.0,-2
GGG,2014B,29,Withdrawn,5,77,5.0,1.0,15.4,37430,CMA,222.0,31,0.0,-2
GGG,2014B,30,Distinction,95,4454,37.0,2.0,46.88421052631579,37430,CMA,222.0,31,0.0,-1
GGG,2014B,30,Pass,253,11214,33.0,2.0,44.32411067193676,37430,CMA,222.0,31,0.0,-1
GGG,2014B,30,Fail,26,851,24.0,1.0,32.73076923076923,37430,CMA,222.0,31,0.0,-1
GGG,2014B,31,Distinction,94,3807,23.5,2.0,40.5,37430,CMA,222.0,31,0.0,0
GGG,2014B,31,Pass,283,13323,27.0,2.0,47.07773851590106,37430,CMA,222.0,31,0.0,0
GGG,2014B,31,Fail,38,2107,30.5,2.0,55.44736842105263,37430,CMA,222.0,31,0.0,0
GGG,2014B,31,Withdrawn,1,21,21.0,1.0,21.0,37430,CMA,222.0,31,0.0,0
GGG,2014B,32,Distinction,39,282,4.0,2.0,7.230769230769231,37430,CMA,222.0,31,0.0,1
GGG,2014B,32,Pass,108,723,2.5,1.0,6.694444444444445,37430,CMA,222.0,31,0.0,1
GGG,2014B,32,Fail,17,96,3.0,1.0,5.647058823529412,37430,CMA,222.0,31,0.0,1
GGG,2014B,29,Distinction,86,4076,41.0,2.0,47.395348837209305,37431,CMA,222.0,31,0.0,-2
GGG,2014B,29,Pass,228,11235,35.0,2.0,49.276315789473685,37431,CMA,222.0,31,0.0,-2
GGG,2014B,29,Fail,21,1083,53.0,1.0,51.57142857142857,37431,CMA,222.0,31,0.0,-2
GGG,2014B,29,Withdrawn,5,77,5.0,1.0,15.4,37431,CMA,222.0,31,0.0,-2
GGG,2014B,30,Distinction,95,4454,37.0,2.0,46.88421052631579,37431,CMA,222.0,31,0.0,-1
GGG,2014B,30,Pass,253,11214,33.0,2.0,44.32411067193676,37431,CMA,222.0,31,0.0,-1
GGG,2014B,30,Fail,26,851,24.0,1.0,32.73076923076923,37431,CMA,222.0,31,0.0,-1
GGG,2014B,31,Distinction,94,3807,23.5,2.0,40.5,37431,CMA,222.0,31,0.0,0
GGG,2014B,31,Pass,283,13323,27.0,2.0,47.07773851590106,37431,CMA,222.0,31,0.0,0
GGG,2014B,31,Fail,38,2107,30.5,2.0,55.44736842105263,37431,CMA,222.0,31,0.0,0
GGG,2014B,31,Withdrawn,1,21,21.0,1.0,21.0,37431,CMA,222.0,31,0.0,0
GGG,2014B,32,Distinction,39,282,4.0,2.0,7.230769230769231,37431,CMA,222.0,31,0.0,1
GGG,2014B,32,Pass,108,723,2.5,1.0,6.694444444444445,37431,CMA,222.0,31,0.0,1
GGG,2014B,32,Fail,17,96,3.0,1.0,5.647058823529412,37431,CMA,222.0,31,0.0,1
GGG,2014B,29,Distinction,86,4076,41.0,2.0,47.395348837209305,37432,CMA,222.0,31,0.0,-2
GGG,2014B,29,Pass,228,11235,35.0,2.0,49.276315789473685,37432,CMA,222.0,31,0.0,-2
GGG,2014B,29,Fail,21,1083,53.0,1.0,51.57142857142857,37432,CMA,222.0,31,0.0,-2
GGG,2014B,29,Withdrawn,5,77,5.0,1.0,15.4,37432,CMA,222.0,31,0.0,-2
GGG,2014B,30,Distinction,95,4454,37.0,2.0,46.88421052631579,37432,CMA,222.0,31,0.0,-1
GGG,2014B,30,Pass,253,11214,33.0,2.0,44.32411067193676,37432,CMA,222.0,31,0.0,-1
GGG,2014B,30,Fail,26,851,24.0,1.0,32.73076923076923,37432,CMA,222.0,31,0.0,-1
GGG,2014B,31,Distinction,94,3807,23.5,2.0,40.5,37432,CMA,222.0,31,0.0,0
GGG,2014B,31,Pass,283,13323,27.0,2.0,47.07773851590106,37432,CMA,222.0,31,0.0,0
GGG,2014B,31,Fail,38,2107,30.5,2.0,55.44736842105263,37432,CMA,222.0,31,0.0,0
GGG,2014B,31,Withdrawn,1,21,21.0,1.0,21.0,37432,CMA,222.0,31,0.0,0
GGG,2014B,32,Distinction,39,282,4.0,2.0,7.230769230769231,37432,CMA,222.0,31,0.0,1
GGG,2014B,32,Pass,108,723,2.5,1.0,6.694444444444445,37432,CMA,222.0,31,0.0,1
GGG,2014B,32,Fail,17,96,3.0,1.0,5.647058823529412,37432,CMA,222.0,31,0.0,1
GGG,2014B,29,Distinction,86,4076,41.0,2.0,47.395348837209305,37433,CMA,222.0,31,0.0,-2
GGG,2014B,29,Pass,228,11235,35.0,2.0,49.276315789473685,37433,CMA,222.0,31,0.0,-2
GGG,2014B,29,Fail,21,1083,53.0,1.0,51.57142857142857,37433,CMA,222.0,31,0.0,-2
GGG,2014B,29,Withdrawn,5,77,5.0,1.0,15.4,37433,CMA,222.0,31,0.0,-2
GGG,2014B,30,Distinction,95,4454,37.0,2.0,46.88421052631579,37433,CMA,222.0,31,0.0,-1
GGG,2014B,30,Pass,253,11214,33.0,2.0,44.32411067193676,37433,CMA,222.0,31,0.0,-1
GGG,2014B,30,Fail,26,851,24.0,1.0,32.73076923076923,37433,CMA,222.0,31,0.0,-1
GGG,2014B,31,Distinction,94,3807,23.5,2.0,40.5,37433,CMA,222.0,31,0.0,0
GGG,2014B,31,Pass,283,13323,27.0,2.0,47.07773851590106,37433,CMA,222.0,31,0.0,0
GGG,2014B,31,Fail,38,2107,30.5,2.0,55.44736842105263,37433,CMA,222.0,31,0.0,0
GGG,2014B,31,Withdrawn,1,21,21.0,1.0,21.0,37433,CMA,222.0,31,0.0,0
GGG,2014B,32,Distinction,39,282,4.0,2.0,7.230769230769231,37433,CMA,222.0,31,0.0,1
GGG,2014B,32,Pass,108,723,2.5,1.0,6.694444444444445,37433,CMA,222.0,31,0.0,1
GGG,2014B,32,Fail,17,96,3.0,1.0,5.647058823529412,37433,CMA,222.0,31,0.0,1
GGG,2014J,6,Distinction,79,1737,12.0,1.0,21.9873417721519,37435,TMA,61.0,8,0.0,-2
GGG,2014J,6,Pass,168,3412,13.5,2.0,20.30952380952381,37435,TMA,61.0,8,0.0,-2
GGG,2014J,6,Fail,61,1073,13.0,1.0,17.59016393442623,37435,TMA,61.0,8,0.0,-2
GGG,2014J,6,Withdrawn,23,464,7.0,1.0,20.17391304347826,37435,TMA,61.0,8,0.0,-2
GGG,2014J,7,Distinction,68,1177,9.5,2.0,17.308823529411764,37435,TMA,61.0,8,0.0,-1
GGG,2014J,7,Pass,187,3209,12.0,1.0,17.16042780748663,37435,TMA,61.0,8,0.0,-1
GGG,2014J,7,Fail,47,1106,13.0,1.0,23.53191489361702,37435,TMA,61.0,8,0.0,-1
GGG,2014J,7,Withdrawn,20,310,10.5,1.0,15.5,37435,TMA,61.0,8,0.0,-1
GGG,2014J,8,Distinction,91,1761,10.0,2.0,19.35164835164835,37435,TMA,61.0,8,0.0,0
GGG,2014J,8,Pass,220,3410,9.5,2.0,15.5,37435,TMA,61.0,8,0.0,0
GGG,2014J,8,Fail,87,1382,5.0,1.0,15.885057471264368,37435,TMA,61.0,8,0.0,0
GGG,2014J,8,Withdrawn,32,387,8.5,1.0,12.09375,37435,TMA,61.0,8,0.0,0
GGG,2014J,9,Distinction,92,1418,7.0,1.0,15.41304347826087,37435,TMA,61.0,8,0.0,1
GGG,2014J,9,Pass,186,2862,8.0,1.0,15.387096774193548,37435,TMA,61.0,8,0.0,1
GGG,2014J,9,Fail,52,607,7.0,1.0,11.673076923076923,37435,TMA,61.0,8,0.0,1
GGG,2014J,9,Withdrawn,26,269,5.0,1.0,10.346153846153847,37435,TMA,61.0,8,0.0,1
GGG,2014J,15,Distinction,87,2433,18.0,2.0,27.96551724137931,37436,TMA,124.0,17,0.0,-2
GGG,2014J,15,Pass,186,3387,11.0,1.0,18.20967741935484,37436,TMA,124.0,17,0.0,-2
GGG,2014J,15,Fail,35,890,14.0,1.0,25.428571428571427,37436,TMA,124.0,17,0.0,-2
GGG,2014J,15,Withdrawn,7,157,24.0,2.0,22.428571428571427,37436,TMA,124.0,17,0.0,-2
GGG,2014J,16,Distinction,82,2264,18.0,2.0,27.609756097560975,37436,TMA,124.0,17,0.0,-1
GGG,2014J,16,Pass,185,4380,15.0,1.0,23.675675675675677,37436,TMA,124.0,17,0.0,-1
GGG,2014J,16,Fail,39,880,10.0,1.0,22.564102564102566,37436,TMA,124.0,17,0.0,-1
GGG,2014J,16,Withdrawn,7,91,5.0,1.0,13.0,37436,TMA,124.0,17,0.0,-1
GGG,2014J,17,Distinction,101,3371,20.0,3.0,33.37623762376238,37436,TMA,124.0,17,0.0,0
GGG,2014J,17,Pass,235,6447,16.0,2.0,27.43404255319149,37436,TMA,124.0,17,0.0,0
GGG,2014J,17,Fail,53,1403,14.0,2.0,26.471698113207548,37436,TMA,124.0,17,0.0,0
GGG,2014J,17,Withdrawn,9,294,16.0,2.0,32.666666666666664,37436,TMA,124.0,17,0.0,0
GGG,2014J,18,Distinction,99,5695,52.0,3.0,57.525252525252526,37436,TMA,124.0,17,0.0,1
GGG,2014J,18,Pass,220,8296,24.0,2.0,37.70909090909091,37436,TMA,124.0,17,0.0,1
GGG,2014J,18,Fail,39,888,14.0,2.0,22.76923076923077,37436,TMA,124.0,17,0.0,1
GGG,2014J,18,Withdrawn,12,161,7.0,1.0,13.416666666666666,37436,TMA,124.0,17,0.0,1
GGG,2014J,22,Distinction,81,3957,29.0,2.0,48.851851851851855,37437,TMA,173.0,24,0.0,-2
GGG,2014J,22,Pass,212,8462,27.0,2.0,39.91509433962264,37437,TMA,173.0,24,0.0,-2
GGG,2014J,22,Fail,25,698,17.0,1.0,27.92,37437,TMA,173.0,24,0.0,-2
GGG,2014J,22,Withdrawn,5,215,33.0,1.0,43.0,37437,TMA,173.0,24,0.0,-2
GGG,2014J,23,Distinction,89,3064,26.0,2.0,34.42696629213483,37437,TMA,173.0,24,0.0,-1
GGG,2014J,23,Pass,212,6316,18.0,2.0,29.79245283018868,37437,TMA,173.0,24,0.0,-1
GGG,2014J,23,Fail,36,819,16.5,1.0,22.75,37437,TMA,173.0,24,0.0,-1
GGG,2014J,23,Withdrawn,2,15,7.5,1.0,7.5,37437,TMA,173.0,24,0.0,-1
GGG,2014J,24,Distinction,110,3498,22.5,2.0,31.8,37437,TMA,173.0,24,0.0,0
GGG,2014J,24,Pass,262,8312,22.0,2.0,31.72519083969466,37437,TMA,173.0,24,0.0,0
GGG,2014J,24,Fail,40,825,12.0,2.0,20.625,37437,TMA,173.0,24,0.0,0
GGG,2014J,24,Withdrawn,5,92,23.0,1.0,18.4,37437,TMA,173.0,24,0.0,0
GGG,2014J,25,Distinction,87,2284,14.0,2.0,26.25287356321839,37437,TMA,173.0,24,0.0,1
GGG,2014J,25,Pass,198,4863,11.5,2.0,24.560606060606062,37437,TMA,173.0,24,0.0,1
GGG,2014J,25,Fail,37,776,14.0,1.0,20.972972972972972,37437,TMA,173.0,24,0.0,1
GGG,2014J,25,Withdrawn,2,47,23.5,3.0,23.5,37437,TMA,173.0,24,0.0,1
GGG,2014J,30,Distinction,104,4581,31.0,2.0,44.04807692307692,37438,CMA,229.0,32,0.0,-2
GGG,2014J,30,Pass,205,9117,31.0,2.0,44.47317073170732,37438,CMA,229.0,32,0.0,-2
GGG,2014J,30,Fail,25,1122,29.0,2.0,44.88,37438,CMA,229.0,32,0.0,-2
GGG,2014J,31,Distinction,95,3467,22.0,2.0,36.49473684210526,37438,CMA,229.0,32,0.0,-1
GGG,2014J,31,Pass,234,11450,32.5,2.0,48.93162393162393,37438,CMA,229.0,32,0.0,-1
GGG,2014J,31,Fail,23,1026,20.0,1.0,44.608695652173914,37438,CMA,229.0,32,0.0,-1
GGG,2014J,32,Distinction,94,4486,32.0,3.0,47.723404255319146,37438,CMA,229.0,32,0.0,0
GGG,2014J,32,Pass,268,14905,38.0,2.0,55.615671641791046,37438,CMA,229.0,32,0.0,0
GGG,2014J,32,Fail,39,2479,41.0,2.0,63.56410256410256,37438,CMA,229.0,32,0.0,0
GGG,2014J,33,Distinction,29,163,2.0,1.0,5.620689655172414,37438,CMA,229.0,32,0.0,1
GGG,2014J,33,Pass,59,257,2.0,1.0,4.3559322033898304,37438,CMA,229.0,32,0.0,1
GGG,2014J,33,Fail,7,32,3.0,1.0,4.571428571428571,37438,CMA,229.0,32,0.0,1
GGG,2014J,30,Distinction,104,4581,31.0,2.0,44.04807692307692,37439,CMA,229.0,32,0.0,-2
GGG,2014J,30,Pass,205,9117,31.0,2.0,44.47317073170732,37439,CMA,229.0,32,0.0,-2
GGG,2014J,30,Fail,25,1122,29.0,2.0,44.88,37439,CMA,229.0,32,0.0,-2
GGG,2014J,31,Distinction,95,3467,22.0,2.0,36.49473684210526,37439,CMA,229.0,32,0.0,-1
GGG,2014J,31,Pass,234,11450,32.5,2.0,48.93162393162393,37439,CMA,229.0,32,0.0,-1
GGG,2014J,31,Fail,23,1026,20.0,1.0,44.608695652173914,37439,CMA,229.0,32,0.0,-1
GGG,2014J,32,Distinction,94,4486,32.0,3.0,47.723404255319146,37439,CMA,229.0,32,0.0,0
GGG,2014J,32,Pass,268,14905,38.0,2.0,55.615671641791046,37439,CMA,229.0,32,0.0,0
GGG,2014J,32,Fail,39,2479,41.0,2.0,63.56410256410256,37439,CMA,229.0,32,0.0,0
GGG,2014J,33,Distinction,29,163,2.0,1.0,5.620689655172414,37439,CMA,229.0,32,0.0,1
GGG,2014J,33,Pass,59,257,2.0,1.0,4.3559322033898304,37439,CMA,229.0,32,0.0,1
GGG,2014J,33,Fail,7,32,3.0,1.0,4.571428571428571,37439,CMA,229.0,32,0.0,1
GGG,2014J,30,Distinction,104,4581,31.0,2.0,44.04807692307692,37440,CMA,229.0,32,0.0,-2
GGG,2014J,30,Pass,205,9117,31.0,2.0,44.47317073170732,37440,CMA,229.0,32,0.0,-2
GGG,2014J,30,Fail,25,1122,29.0,2.0,44.88,37440,CMA,229.0,32,0.0,-2
GGG,2014J,31,Distinction,95,3467,22.0,2.0,36.49473684210526,37440,CMA,229.0,32,0.0,-1
GGG,2014J,31,Pass,234,11450,32.5,2.0,48.93162393162393,37440,CMA,229.0,32,0.0,-1
GGG,2014J,31,Fail,23,1026,20.0,1.0,44.608695652173914,37440,CMA,229.0,32,0.0,-1
GGG,2014J,32,Distinction,94,4486,32.0,3.0,47.723404255319146,37440,CMA,229.0,32,0.0,0
GGG,2014J,32,Pass,268,14905,38.0,2.0,55.615671641791046,37440,CMA,229.0,32,0.0,0
GGG,2014J,32,Fail,39,2479,41.0,2.0,63.56410256410256,37440,CMA,229.0,32,0.0,0
GGG,2014J,33,Distinction,29,163,2.0,1.0,5.620689655172414,37440,CMA,229.0,32,0.0,1
GGG,2014J,33,Pass,59,257,2.0,1.0,4.3559322033898304,37440,CMA,229.0,32,0.0,1
GGG,2014J,33,Fail,7,32,3.0,1.0,4.571428571428571,37440,CMA,229.0,32,0.0,1
GGG,2014J,30,Distinction,104,4581,31.0,2.0,44.04807692307692,37441,CMA,229.0,32,0.0,-2
GGG,2014J,30,Pass,205,9117,31.0,2.0,44.47317073170732,37441,CMA,229.0,32,0.0,-2
GGG,2014J,30,Fail,25,1122,29.0,2.0,44.88,37441,CMA,229.0,32,0.0,-2
GGG,2014J,31,Distinction,95,3467,22.0,2.0,36.49473684210526,37441,CMA,229.0,32,0.0,-1
GGG,2014J,31,Pass,234,11450,32.5,2.0,48.93162393162393,37441,CMA,229.0,32,0.0,-1
GGG,2014J,31,Fail,23,1026,20.0,1.0,44.608695652173914,37441,CMA,229.0,32,0.0,-1
GGG,2014J,32,Distinction,94,4486,32.0,3.0,47.723404255319146,37441,CMA,229.0,32,0.0,0
GGG,2014J,32,Pass,268,14905,38.0,2.0,55.615671641791046,37441,CMA,229.0,32,0.0,0
GGG,2014J,32,Fail,39,2479,41.0,2.0,63.56410256410256,37441,CMA,229.0,32,0.0,0
GGG,2014J,33,Distinction,29,163,2.0,1.0,5.620689655172414,37441,CMA,229.0,32,0.0,1
GGG,2014J,33,Pass,59,257,2.0,1.0,4.3559322033898304,37441,CMA,229.0,32,0.0,1
GGG,2014J,33,Fail,7,32,3.0,1.0,4.571428571428571,37441,CMA,229.0,32,0.0,1
GGG,2014J,30,Distinction,104,4581,31.0,2.0,44.04807692307692,37442,CMA,229.0,32,0.0,-2
GGG,2014J,30,Pass,205,9117,31.0,2.0,44.47317073170732,37442,CMA,229.0,32,0.0,-2
GGG,2014J,30,Fail,25,1122,29.0,2.0,44.88,37442,CMA,229.0,32,0.0,-2
GGG,2014J,31,Distinction,95,3467,22.0,2.0,36.49473684210526,37442,CMA,229.0,32,0.0,-1
GGG,2014J,31,Pass,234,11450,32.5,2.0,48.93162393162393,37442,CMA,229.0,32,0.0,-1
GGG,2014J,31,Fail,23,1026,20.0,1.0,44.608695652173914,37442,CMA,229.0,32,0.0,-1
GGG,2014J,32,Distinction,94,4486,32.0,3.0,47.723404255319146,37442,CMA,229.0,32,0.0,0
GGG,2014J,32,Pass,268,14905,38.0,2.0,55.615671641791046,37442,CMA,229.0,32,0.0,0
GGG,2014J,32,Fail,39,2479,41.0,2.0,63.56410256410256,37442,CMA,229.0,32,0.0,0
GGG,2014J,33,Distinction,29,163,2.0,1.0,5.620689655172414,37442,CMA,229.0,32,0.0,1
GGG,2014J,33,Pass,59,257,2.0,1.0,4.3559322033898304,37442,CMA,229.0,32,0.0,1
GGG,2014J,33,Fail,7,32,3.0,1.0,4.571428571428571,37442,CMA,229.0,32,0.0,1
GGG,2014J,30,Distinction,104,4581,31.0,2.0,44.04807692307692,37443,CMA,229.0,32,0.0,-2
GGG,2014J,30,Pass,205,9117,31.0,2.0,44.47317073170732,37443,CMA,229.0,32,0.0,-2
GGG,2014J,30,Fail,25,1122,29.0,2.0,44.88,37443,CMA,229.0,32,0.0,-2
GGG,2014J,31,Distinction,95,3467,22.0,2.0,36.49473684210526,37443,CMA,229.0,32,0.0,-1
GGG,2014J,31,Pass,234,11450,32.5,2.0,48.93162393162393,37443,CMA,229.0,32,0.0,-1
GGG,2014J,31,Fail,23,1026,20.0,1.0,44.608695652173914,37443,CMA,229.0,32,0.0,-1
GGG,2014J,32,Distinction,94,4486,32.0,3.0,47.723404255319146,37443,CMA,229.0,32,0.0,0
GGG,2014J,32,Pass,268,14905,38.0,2.0,55.615671641791046,37443,CMA,229.0,32,0.0,0
GGG,2014J,32,Fail,39,2479,41.0,2.0,63.56410256410256,37443,CMA,229.0,32,0.0,0
GGG,2014J,33,Distinction,29,163,2.0,1.0,5.620689655172414,37443,CMA,229.0,32,0.0,1
GGG,2014J,33,Pass,59,257,2.0,1.0,4.3559322033898304,37443,CMA,229.0,32,0.0,1
GGG,2014J,33,Fail,7,32,3.0,1.0,4.571428571428571,37443,CMA,229.0,32,0.0,1
