code_module,code_presentation,id_student,final_result,total_click,active_days,active_weeks,q1,q3,lower_bound,upper_bound,zero_total_click,low_total_click_iqr,high_total_click_iqr
CCC,2014J,80868,Pass,23513.0,278.0,42.0,146.0,1371.0,0.0,3208.5,False,False,True
FFF,2013B,517269,Pass,20917.0,212.0,34.0,570.25,3795.75,0.0,8634.0,False,False,True
CCC,2014J,611417,Pass,20116.0,205.0,38.0,146.0,1371.0,0.0,3208.5,False,False,True
FFF,2013J,368315,Pass,19545.0,216.0,40.0,330.5,3300.5,0.0,7755.5,False,False,True
FFF,2014J,644361,Pass,19157.0,278.0,42.0,217.0,3439.0,0.0,8272.0,False,False,True
FFF,2014J,583487,Pass,18944.0,270.0,42.0,217.0,3439.0,0.0,8272.0,False,False,True
FFF,2013J,898594,Pass,18786.0,284.0,42.0,330.5,3300.5,0.0,7755.5,False,False,True
FFF,2013B,560431,Distinction,17514.0,255.0,38.0,570.25,3795.75,0.0,8634.0,False,False,True
FFF,2014J,617580,Pass,17287.0,273.0,41.0,217.0,3439.0,0.0,8272.0,False,False,True
FFF,2014J,630905,Distinction,17254.0,258.0,41.0,217.0,3439.0,0.0,8272.0,False,False,True
FFF,2014J,2020628,Pass,16980.0,215.0,40.0,217.0,3439.0,0.0,8272.0,False,False,True
BBB,2013J,593694,Pass,16361.0,261.0,40.0,42.0,655.0,0.0,1574.5,False,False,True
FFF,2014B,499813,Distinction,16167.0,212.0,37.0,287.0,2992.0,0.0,7049.5,False,False,True
FFF,2014J,640278,Pass,15818.0,252.0,41.0,217.0,3439.0,0.0,8272.0,False,False,True
DDD,2013J,599577,Pass,15753.0,267.0,41.0,141.0,1218.5,0.0,2834.75,False,False,True
FFF,2013J,574874,Distinction,15565.0,260.0,41.0,330.5,3300.5,0.0,7755.5,False,False,True
FFF,2013B,553262,Pass,15539.0,248.0,37.0,570.25,3795.75,0.0,8634.0,False,False,True
FFF,2014J,434476,Pass,15463.0,233.0,41.0,217.0,3439.0,0.0,8272.0,False,False,True
FFF,2013J,597787,Distinction,15151.0,247.0,41.0,330.5,3300.5,0.0,7755.5,False,False,True
FFF,2013B,557710,Distinction,15129.0,234.0,38.0,570.25,3795.75,0.0,8634.0,False,False,True
FFF,2014B,26211,Pass,14985.0,248.0,38.0,287.0,2992.0,0.0,7049.5,False,False,True
AAA,2014J,1576513,Distinction,14885.0,286.0,43.0,440.0,2102.0,0.0,4595.0,False,False,True
CCC,2014J,619927,Pass,14803.0,239.0,40.0,146.0,1371.0,0.0,3208.5,False,False,True
FFF,2014J,631658,Distinction,14778.0,233.0,42.0,217.0,3439.0,0.0,8272.0,False,False,True
FFF,2013B,539440,Distinction,14661.0,249.0,37.0,570.25,3795.75,0.0,8634.0,False,False,True
FFF,2014J,1871598,Distinction,14619.0,269.0,42.0,217.0,3439.0,0.0,8272.0,False,False,True
CCC,2014J,695232,Distinction,14551.0,230.0,40.0,146.0,1371.0,0.0,3208.5,False,False,True
FFF,2013J,2487982,Pass,14458.0,262.0,42.0,330.5,3300.5,0.0,7755.5,False,False,True
BBB,2013J,440563,Pass,14427.0,270.0,41.0,42.0,655.0,0.0,1574.5,False,False,True
DDD,2014J,2257853,Pass,14377.0,233.0,40.0,111.0,936.0,0.0,2173.5,False,False,True
FFF,2014J,620094,Distinction,14352.0,256.0,42.0,217.0,3439.0,0.0,8272.0,False,False,True
CCC,2014B,635416,Pass,14206.0,209.0,37.0,88.75,1210.5,0.0,2893.125,False,False,True
FFF,2014J,2403701,Pass,14177.0,266.0,42.0,217.0,3439.0,0.0,8272.0,False,False,True
FFF,2014J,654819,Distinction,14116.0,254.0,41.0,217.0,3439.0,0.0,8272.0,False,False,True
FFF,2013J,595746,Distinction,13918.0,211.0,42.0,330.5,3300.5,0.0,7755.5,False,False,True
FFF,2013B,2532320,Distinction,13636.0,235.0,38.0,570.25,3795.75,0.0,8634.0,False,False,True
BBB,2013B,556898,Pass,13634.0,232.0,37.0,83.0,782.0,0.0,1830.5,False,False,True
DDD,2013J,607900,Distinction,13594.0,280.0,41.0,141.0,1218.5,0.0,2834.75,False,False,True
FFF,2014J,1837138,Distinction,13593.0,248.0,42.0,217.0,3439.0,0.0,8272.0,False,False,True
DDD,2014J,190279,Pass,13536.0,257.0,40.0,111.0,936.0,0.0,2173.5,False,False,True
AAA,2014J,2244332,Distinction,13495.0,276.0,43.0,440.0,2102.0,0.0,4595.0,False,False,True
FFF,2013J,598706,Distinction,13461.0,256.0,42.0,330.5,3300.5,0.0,7755.5,False,False,True
FFF,2014J,679036,Distinction,13338.0,266.0,42.0,217.0,3439.0,0.0,8272.0,False,False,True
EEE,2013J,593924,Distinction,13265.0,269.0,41.0,400.0,2044.5,0.0,4511.25,False,False,True
CCC,2014J,674541,Distinction,13247.0,261.0,42.0,146.0,1371.0,0.0,3208.5,False,False,True
FFF,2013J,2239746,Pass,13206.0,236.0,42.0,330.5,3300.5,0.0,7755.5,False,False,True
FFF,2013B,558208,Pass,13015.0,251.0,38.0,570.25,3795.75,0.0,8634.0,False,False,True
BBB,2014B,606313,Pass,12929.0,239.0,36.0,18.0,561.0,0.0,1375.5,False,False,True
AAA,2013J,312537,Distinction,12837.0,271.0,41.0,555.0,2007.5,0.0,4186.25,False,False,True
BBB,2013B,557758,Pass,12815.0,232.0,37.0,83.0,782.0,0.0,1830.5,False,False,True
BBB,2013B,540184,Pass,12791.0,228.0,37.0,83.0,782.0,0.0,1830.5,False,False,True
BBB,2013J,580346,Pass,12628.0,260.0,41.0,42.0,655.0,0.0,1574.5,False,False,True
FFF,2013J,609220,Pass,12596.0,221.0,40.0,330.5,3300.5,0.0,7755.5,False,False,True
BBB,2013J,154570,Withdrawn,12282.0,122.0,19.0,42.0,655.0,0.0,1574.5,False,False,True
BBB,2013J,511678,Pass,12261.0,263.0,41.0,42.0,655.0,0.0,1574.5,False,False,True
FFF,2013B,559856,Pass,11971.0,233.0,38.0,570.25,3795.75,0.0,8634.0,False,False,True
FFF,2013B,498554,Pass,11969.0,182.0,35.0,570.25,3795.75,0.0,8634.0,False,False,True
FFF,2014J,537811,Distinction,11909.0,238.0,40.0,217.0,3439.0,0.0,8272.0,False,False,True
FFF,2013J,116808,Distinction,11852.0,233.0,41.0,330.5,3300.5,0.0,7755.5,False,False,True
FFF,2013J,291745,Distinction,11834.0,218.0,40.0,330.5,3300.5,0.0,7755.5,False,False,True
FFF,2013J,1100143,Distinction,11784.0,262.0,42.0,330.5,3300.5,0.0,7755.5,False,False,True
FFF,2013B,1907755,Distinction,11752.0,252.0,38.0,570.25,3795.75,0.0,8634.0,False,False,True
FFF,2013B,556783,Distinction,11724.0,229.0,38.0,570.25,3795.75,0.0,8634.0,False,False,True
FFF,2013J,609229,Pass,11673.0,261.0,42.0,330.5,3300.5,0.0,7755.5,False,False,True
FFF,2014B,630966,Pass,11553.0,187.0,37.0,287.0,2992.0,0.0,7049.5,False,False,True
BBB,2013J,585693,Pass,11476.0,222.0,40.0,42.0,655.0,0.0,1574.5,False,False,True
FFF,2013J,569107,Pass,11453.0,235.0,39.0,330.5,3300.5,0.0,7755.5,False,False,True
FFF,2014B,621696,Pass,11425.0,197.0,37.0,287.0,2992.0,0.0,7049.5,False,False,True
BBB,2013J,2463213,Pass,11409.0,232.0,41.0,42.0,655.0,0.0,1574.5,False,False,True
FFF,2013B,559785,Distinction,11339.0,248.0,38.0,570.25,3795.75,0.0,8634.0,False,False,True
BBB,2013J,604200,Pass,11281.0,263.0,41.0,42.0,655.0,0.0,1574.5,False,False,True
FFF,2013J,574315,Distinction,11264.0,161.0,35.0,330.5,3300.5,0.0,7755.5,False,False,True
FFF,2013J,568592,Fail,11143.0,182.0,38.0,330.5,3300.5,0.0,7755.5,False,False,True
FFF,2014J,634749,Pass,11141.0,245.0,42.0,217.0,3439.0,0.0,8272.0,False,False,True
FFF,2014B,631680,Pass,11047.0,200.0,37.0,287.0,2992.0,0.0,7049.5,False,False,True
FFF,2013J,349676,Pass,11036.0,242.0,42.0,330.5,3300.5,0.0,7755.5,False,False,True
CCC,2014B,285170,Pass,11028.0,92.0,34.0,88.75,1210.5,0.0,2893.125,False,False,True
AAA,2013J,1970390,Withdrawn,11002.0,219.0,36.0,555.0,2007.5,0.0,4186.25,False,False,True
BBB,2013B,501432,Distinction,10987.0,229.0,37.0,83.0,782.0,0.0,1830.5,False,False,True
FFF,2013J,558345,Pass,10987.0,158.0,41.0,330.5,3300.5,0.0,7755.5,False,False,True
DDD,2013B,92775,Fail,10926.0,221.0,38.0,198.5,1442.0,0.0,3307.25,False,False,True
FFF,2014B,622374,Distinction,10888.0,234.0,37.0,287.0,2992.0,0.0,7049.5,False,False,True
FFF,2014J,593796,Distinction,10868.0,201.0,38.0,217.0,3439.0,0.0,8272.0,False,False,True
EEE,2013J,1861793,Distinction,10653.0,256.0,41.0,400.0,2044.5,0.0,4511.25,False,False,True
CCC,2014B,624060,Withdrawn,10641.0,199.0,32.0,88.75,1210.5,0.0,2893.125,False,False,True
FFF,2013J,581135,Pass,10640.0,266.0,42.0,330.5,3300.5,0.0,7755.5,False,False,True
BBB,2013B,559495,Distinction,10636.0,216.0,37.0,83.0,782.0,0.0,1830.5,False,False,True
GGG,2013J,279747,Distinction,10609.0,256.0,40.0,160.5,696.0,0.0,1499.25,False,False,True
CCC,2014B,1474869,Pass,10607.0,222.0,36.0,88.75,1210.5,0.0,2893.125,False,False,True
FFF,2013B,559155,Pass,10573.0,152.0,35.0,570.25,3795.75,0.0,8634.0,False,False,True
FFF,2013J,238150,Pass,10515.0,181.0,37.0,330.5,3300.5,0.0,7755.5,False,False,True
FFF,2013J,508942,Fail,10501.0,167.0,30.0,330.5,3300.5,0.0,7755.5,False,False,True
BBB,2014B,621301,Pass,10472.0,224.0,36.0,18.0,561.0,0.0,1375.5,False,False,True
FFF,2014J,680810,Distinction,10413.0,139.0,35.0,217.0,3439.0,0.0,8272.0,False,False,True
FFF,2013J,1917335,Pass,10375.0,271.0,42.0,330.5,3300.5,0.0,7755.5,False,False,True
FFF,2014B,431987,Distinction,10354.0,209.0,38.0,287.0,2992.0,0.0,7049.5,False,False,True
FFF,2013B,537672,Fail,10302.0,112.0,32.0,570.25,3795.75,0.0,8634.0,False,False,True
FFF,2013J,1515509,Pass,10298.0,232.0,40.0,330.5,3300.5,0.0,7755.5,False,False,True
FFF,2014J,632458,Distinction,10283.0,245.0,42.0,217.0,3439.0,0.0,8272.0,False,False,True
BBB,2013J,570168,Pass,10246.0,162.0,38.0,42.0,655.0,0.0,1574.5,False,False,True
AAA,2014J,998493,Pass,10173.0,262.0,43.0,440.0,2102.0,0.0,4595.0,False,False,True
FFF,2013B,499993,Pass,10155.0,234.0,37.0,570.25,3795.75,0.0,8634.0,False,False,True
CCC,2014B,631772,Pass,10126.0,234.0,38.0,88.75,1210.5,0.0,2893.125,False,False,True
FFF,2013B,557445,Pass,10082.0,187.0,36.0,570.25,3795.75,0.0,8634.0,False,False,True
AAA,2013J,321942,Pass,10047.0,239.0,41.0,555.0,2007.5,0.0,4186.25,False,False,True
FFF,2014J,613899,Distinction,10026.0,249.0,42.0,217.0,3439.0,0.0,8272.0,False,False,True
FFF,2013J,543953,Pass,10017.0,132.0,37.0,330.5,3300.5,0.0,7755.5,False,False,True
FFF,2014B,622976,Pass,10002.0,215.0,38.0,287.0,2992.0,0.0,7049.5,False,False,True
FFF,2014J,1816458,Pass,9997.0,180.0,41.0,217.0,3439.0,0.0,8272.0,False,False,True
FFF,2013J,605571,Distinction,9996.0,225.0,42.0,330.5,3300.5,0.0,7755.5,False,False,True
DDD,2014J,642474,Distinction,9988.0,241.0,40.0,111.0,936.0,0.0,2173.5,False,False,True
FFF,2013B,479922,Pass,9985.0,214.0,36.0,570.25,3795.75,0.0,8634.0,False,False,True
FFF,2014J,674509,Pass,9983.0,197.0,41.0,217.0,3439.0,0.0,8272.0,False,False,True
CCC,2014B,2088765,Pass,9933.0,246.0,38.0,88.75,1210.5,0.0,2893.125,False,False,True
CCC,2014B,298040,Pass,9930.0,215.0,37.0,88.75,1210.5,0.0,2893.125,False,False,True
BBB,2014B,2164251,Distinction,9899.0,222.0,36.0,18.0,561.0,0.0,1375.5,False,False,True
FFF,2014B,585921,Distinction,9893.0,200.0,37.0,287.0,2992.0,0.0,7049.5,False,False,True
FFF,2013B,543019,Pass,9876.0,237.0,37.0,570.25,3795.75,0.0,8634.0,False,False,True
FFF,2013J,581034,Pass,9855.0,206.0,40.0,330.5,3300.5,0.0,7755.5,False,False,True
FFF,2014B,594136,Distinction,9843.0,199.0,37.0,287.0,2992.0,0.0,7049.5,False,False,True
FFF,2014J,647425,Pass,9820.0,184.0,38.0,217.0,3439.0,0.0,8272.0,False,False,True
FFF,2013B,543010,Fail,9814.0,155.0,38.0,570.25,3795.75,0.0,8634.0,False,False,True
EEE,2014J,466892,Pass,9805.0,272.0,42.0,283.5,1877.25,0.0,4267.875,False,False,True
DDD,2013J,2239650,Distinction,9797.0,271.0,41.0,141.0,1218.5,0.0,2834.75,False,False,True
FFF,2013B,488968,Distinction,9788.0,244.0,38.0,570.25,3795.75,0.0,8634.0,False,False,True
FFF,2013B,150763,Pass,9783.0,240.0,38.0,570.25,3795.75,0.0,8634.0,False,False,True
CCC,2014J,630905,Distinction,9774.0,257.0,42.0,146.0,1371.0,0.0,3208.5,False,False,True
FFF,2014J,1972092,Pass,9767.0,189.0,40.0,217.0,3439.0,0.0,8272.0,False,False,True
FFF,2013B,560585,Pass,9763.0,138.0,37.0,570.25,3795.75,0.0,8634.0,False,False,True
FFF,2013J,2567571,Pass,9737.0,183.0,39.0,330.5,3300.5,0.0,7755.5,False,False,True
FFF,2014J,649004,Pass,9728.0,240.0,41.0,217.0,3439.0,0.0,8272.0,False,False,True
CCC,2014B,582087,Fail,9677.0,161.0,35.0,88.75,1210.5,0.0,2893.125,False,False,True
CCC,2014J,1352733,Distinction,9652.0,278.0,42.0,146.0,1371.0,0.0,3208.5,False,False,True
FFF,2013J,508274,Distinction,9644.0,178.0,42.0,330.5,3300.5,0.0,7755.5,False,False,True
DDD,2014J,632877,Distinction,9576.0,281.0,42.0,111.0,936.0,0.0,2173.5,False,False,True
FFF,2013J,593953,Pass,9576.0,230.0,40.0,330.5,3300.5,0.0,7755.5,False,False,True
FFF,2014J,569034,Pass,9556.0,184.0,38.0,217.0,3439.0,0.0,8272.0,False,False,True
CCC,2014B,278861,Withdrawn,9548.0,170.0,35.0,88.75,1210.5,0.0,2893.125,False,False,True
FFF,2013J,2312279,Pass,9538.0,164.0,36.0,330.5,3300.5,0.0,7755.5,False,False,True
FFF,2014J,2180090,Distinction,9481.0,226.0,41.0,217.0,3439.0,0.0,8272.0,False,False,True
BBB,2013B,1574398,Distinction,9458.0,218.0,37.0,83.0,782.0,0.0,1830.5,False,False,True
FFF,2013J,582392,Pass,9451.0,203.0,41.0,330.5,3300.5,0.0,7755.5,False,False,True
FFF,2014B,629291,Pass,9434.0,247.0,38.0,287.0,2992.0,0.0,7049.5,False,False,True
FFF,2013J,523680,Pass,9431.0,158.0,39.0,330.5,3300.5,0.0,7755.5,False,False,True
FFF,2013J,364974,Pass,9430.0,283.0,42.0,330.5,3300.5,0.0,7755.5,False,False,True
EEE,2013J,329673,Pass,9419.0,214.0,39.0,400.0,2044.5,0.0,4511.25,False,False,True
FFF,2013B,518831,Pass,9415.0,216.0,38.0,570.25,3795.75,0.0,8634.0,False,False,True
DDD,2013B,558290,Pass,9414.0,123.0,35.0,198.5,1442.0,0.0,3307.25,False,False,True
DDD,2013B,2063578,Distinction,9405.0,253.0,38.0,198.5,1442.0,0.0,3307.25,False,False,True
FFF,2014J,638411,Pass,9392.0,180.0,39.0,217.0,3439.0,0.0,8272.0,False,False,True
FFF,2014J,479939,Pass,9374.0,243.0,40.0,217.0,3439.0,0.0,8272.0,False,False,True
FFF,2014J,696662,Distinction,9311.0,217.0,42.0,217.0,3439.0,0.0,8272.0,False,False,True
BBB,2013B,555837,Withdrawn,9306.0,147.0,24.0,83.0,782.0,0.0,1830.5,False,False,True
FFF,2013J,589583,Distinction,9302.0,225.0,41.0,330.5,3300.5,0.0,7755.5,False,False,True
FFF,2014J,645405,Pass,9276.0,177.0,39.0,217.0,3439.0,0.0,8272.0,False,False,True
FFF,2014J,345271,Distinction,9275.0,225.0,42.0,217.0,3439.0,0.0,8272.0,False,False,True
FFF,2013B,557345,Distinction,9273.0,225.0,35.0,570.25,3795.75,0.0,8634.0,False,False,True
DDD,2013J,588540,Distinction,9244.0,262.0,41.0,141.0,1218.5,0.0,2834.75,False,False,True
BBB,2013J,128889,Pass,9242.0,244.0,41.0,42.0,655.0,0.0,1574.5,False,False,True
FFF,2013B,549065,Pass,9232.0,189.0,38.0,570.25,3795.75,0.0,8634.0,False,False,True
FFF,2013J,504076,Pass,9225.0,196.0,40.0,330.5,3300.5,0.0,7755.5,False,False,True
FFF,2013B,494443,Pass,9199.0,117.0,29.0,570.25,3795.75,0.0,8634.0,False,False,True
FFF,2014J,152524,Distinction,9199.0,278.0,42.0,217.0,3439.0,0.0,8272.0,False,False,True
FFF,2013J,1065824,Distinction,9194.0,282.0,42.0,330.5,3300.5,0.0,7755.5,False,False,True
FFF,2014B,482843,Pass,9177.0,215.0,37.0,287.0,2992.0,0.0,7049.5,False,False,True
FFF,2013J,507941,Distinction,9142.0,202.0,41.0,330.5,3300.5,0.0,7755.5,False,False,True
FFF,2014B,631719,Pass,9128.0,195.0,36.0,287.0,2992.0,0.0,7049.5,False,False,True
FFF,2013B,550792,Fail,9121.0,195.0,35.0,570.25,3795.75,0.0,8634.0,False,False,True
BBB,2013B,423871,Pass,9065.0,242.0,37.0,83.0,782.0,0.0,1830.5,False,False,True
FFF,2014J,687434,Distinction,9056.0,179.0,41.0,217.0,3439.0,0.0,8272.0,False,False,True
FFF,2014J,895524,Distinction,9042.0,267.0,40.0,217.0,3439.0,0.0,8272.0,False,False,True
FFF,2013B,544850,Pass,9022.0,232.0,38.0,570.25,3795.75,0.0,8634.0,False,False,True
FFF,2014J,651478,Distinction,9014.0,191.0,38.0,217.0,3439.0,0.0,8272.0,False,False,True
CCC,2014B,585393,Distinction,9001.0,239.0,38.0,88.75,1210.5,0.0,2893.125,False,False,True
CCC,2014J,680027,Distinction,8990.0,222.0,41.0,146.0,1371.0,0.0,3208.5,False,False,True
CCC,2014J,597365,Pass,8985.0,267.0,42.0,146.0,1371.0,0.0,3208.5,False,False,True
EEE,2014B,619927,Distinction,8977.0,226.0,38.0,258.25,1732.75,0.0,3944.5,False,False,True
FFF,2013B,443696,Fail,8965.0,147.0,36.0,570.25,3795.75,0.0,8634.0,False,False,True
BBB,2013J,602245,Pass,8955.0,167.0,39.0,42.0,655.0,0.0,1574.5,False,False,True
FFF,2013J,590980,Pass,8952.0,155.0,38.0,330.5,3300.5,0.0,7755.5,False,False,True
FFF,2013J,554846,Distinction,8949.0,236.0,40.0,330.5,3300.5,0.0,7755.5,False,False,True
FFF,2013J,599199,Pass,8946.0,204.0,38.0,330.5,3300.5,0.0,7755.5,False,False,True
FFF,2013J,530940,Pass,8941.0,203.0,39.0,330.5,3300.5,0.0,7755.5,False,False,True
FFF,2014J,476401,Pass,8939.0,207.0,42.0,217.0,3439.0,0.0,8272.0,False,False,True
FFF,2013B,559423,Distinction,8922.0,186.0,37.0,570.25,3795.75,0.0,8634.0,False,False,True
FFF,2014J,508626,Pass,8909.0,266.0,42.0,217.0,3439.0,0.0,8272.0,False,False,True
FFF,2014J,484594,Pass,8900.0,225.0,40.0,217.0,3439.0,0.0,8272.0,False,False,True
BBB,2013B,377759,Pass,8899.0,216.0,37.0,83.0,782.0,0.0,1830.5,False,False,True
FFF,2013J,592634,Fail,8889.0,74.0,30.0,330.5,3300.5,0.0,7755.5,False,False,True
FFF,2013B,469743,Distinction,8880.0,228.0,36.0,570.25,3795.75,0.0,8634.0,False,False,True
FFF,2013B,2604212,Fail,8871.0,186.0,34.0,570.25,3795.75,0.0,8634.0,False,False,True
FFF,2013J,488394,Pass,8840.0,179.0,38.0,330.5,3300.5,0.0,7755.5,False,False,True
FFF,2013B,497180,Pass,8837.0,101.0,30.0,570.25,3795.75,0.0,8634.0,False,False,True
BBB,2013B,535773,Pass,8836.0,235.0,37.0,83.0,782.0,0.0,1830.5,False,False,True
FFF,2014B,2606636,Distinction,8802.0,189.0,37.0,287.0,2992.0,0.0,7049.5,False,False,True
FFF,2013J,599289,Distinction,8795.0,186.0,38.0,330.5,3300.5,0.0,7755.5,False,False,True
BBB,2014B,624406,Distinction,8789.0,225.0,36.0,18.0,561.0,0.0,1375.5,False,False,True
EEE,2013J,483706,Pass,8765.0,226.0,41.0,400.0,2044.5,0.0,4511.25,False,False,True
BBB,2013B,445065,Distinction,8753.0,223.0,37.0,83.0,782.0,0.0,1830.5,False,False,True
FFF,2013B,2521655,Pass,8740.0,243.0,38.0,570.25,3795.75,0.0,8634.0,False,False,True
CCC,2014J,619928,Pass,8731.0,206.0,37.0,146.0,1371.0,0.0,3208.5,False,False,True
FFF,2013J,565849,Pass,8724.0,189.0,38.0,330.5,3300.5,0.0,7755.5,False,False,True
FFF,2013B,532608,Pass,8723.0,200.0,37.0,570.25,3795.75,0.0,8634.0,False,False,True
FFF,2014J,587571,Distinction,8722.0,254.0,42.0,217.0,3439.0,0.0,8272.0,False,False,True
FFF,2013J,557020,Pass,8716.0,104.0,34.0,330.5,3300.5,0.0,7755.5,False,False,True
FFF,2013B,479860,Pass,8708.0,251.0,38.0,570.25,3795.75,0.0,8634.0,False,False,True
FFF,2014J,1348205,Distinction,8707.0,164.0,39.0,217.0,3439.0,0.0,8272.0,False,False,True
BBB,2013B,2522093,Distinction,8704.0,179.0,37.0,83.0,782.0,0.0,1830.5,False,False,True
BBB,2013B,479060,Distinction,8702.0,239.0,36.0,83.0,782.0,0.0,1830.5,False,False,True
BBB,2014B,617225,Pass,8678.0,223.0,36.0,18.0,561.0,0.0,1375.5,False,False,True
FFF,2014J,2557008,Distinction,8675.0,218.0,41.0,217.0,3439.0,0.0,8272.0,False,False,True
FFF,2013B,2646317,Pass,8666.0,233.0,38.0,570.25,3795.75,0.0,8634.0,False,False,True
FFF,2014J,607243,Pass,8660.0,238.0,41.0,217.0,3439.0,0.0,8272.0,False,False,True
CCC,2014B,628383,Pass,8651.0,168.0,35.0,88.75,1210.5,0.0,2893.125,False,False,True
FFF,2014J,650866,Pass,8612.0,235.0,42.0,217.0,3439.0,0.0,8272.0,False,False,True
FFF,2013J,1945945,Pass,8610.0,216.0,42.0,330.5,3300.5,0.0,7755.5,False,False,True
DDD,2014J,328241,Pass,8597.0,250.0,42.0,111.0,936.0,0.0,2173.5,False,False,True
FFF,2013J,29335,Distinction,8596.0,230.0,42.0,330.5,3300.5,0.0,7755.5,False,False,True
FFF,2014J,643326,Pass,8594.0,189.0,37.0,217.0,3439.0,0.0,8272.0,False,False,True
FFF,2013J,581253,Fail,8589.0,189.0,41.0,330.5,3300.5,0.0,7755.5,False,False,True
FFF,2013J,602511,Pass,8559.0,191.0,40.0,330.5,3300.5,0.0,7755.5,False,False,True
DDD,2014J,592214,Pass,8544.0,173.0,41.0,111.0,936.0,0.0,2173.5,False,False,True
CCC,2014J,622374,Pass,8543.0,232.0,42.0,146.0,1371.0,0.0,3208.5,False,False,True
FFF,2013J,578497,Distinction,8534.0,232.0,41.0,330.5,3300.5,0.0,7755.5,False,False,True
FFF,2014J,47861,Pass,8494.0,201.0,39.0,217.0,3439.0,0.0,8272.0,False,False,True
FFF,2014J,683624,Distinction,8488.0,264.0,42.0,217.0,3439.0,0.0,8272.0,False,False,True
FFF,2013J,371869,Pass,8485.0,285.0,42.0,330.5,3300.5,0.0,7755.5,False,False,True
AAA,2013J,187100,Distinction,8445.0,231.0,39.0,555.0,2007.5,0.0,4186.25,False,False,True
CCC,2014B,2063578,Distinction,8433.0,257.0,38.0,88.75,1210.5,0.0,2893.125,False,False,True
FFF,2014J,689796,Pass,8424.0,191.0,39.0,217.0,3439.0,0.0,8272.0,False,False,True
BBB,2013B,2602809,Pass,8366.0,159.0,32.0,83.0,782.0,0.0,1830.5,False,False,True
FFF,2014J,87264,Distinction,8352.0,175.0,39.0,217.0,3439.0,0.0,8272.0,False,False,True
FFF,2014B,550903,Distinction,8347.0,186.0,37.0,287.0,2992.0,0.0,7049.5,False,False,True
DDD,2013B,369908,Pass,8346.0,245.0,38.0,198.5,1442.0,0.0,3307.25,False,False,True
FFF,2014J,1962049,Pass,8333.0,191.0,39.0,217.0,3439.0,0.0,8272.0,False,False,True
FFF,2013J,2374002,Distinction,8329.0,151.0,38.0,330.5,3300.5,0.0,7755.5,False,False,True
FFF,2014J,636832,Pass,8316.0,214.0,38.0,217.0,3439.0,0.0,8272.0,False,False,True
CCC,2014J,653127,Distinction,8311.0,256.0,42.0,146.0,1371.0,0.0,3208.5,False,False,True
BBB,2014B,614741,Pass,8249.0,144.0,35.0,18.0,561.0,0.0,1375.5,False,False,True
GGG,2014J,693788,Distinction,8240.0,255.0,42.0,114.0,715.0,0.0,1616.5,False,False,True
DDD,2013J,204505,Pass,8226.0,98.0,35.0,141.0,1218.5,0.0,2834.75,False,False,True
FFF,2014B,597662,Pass,8190.0,185.0,34.0,287.0,2992.0,0.0,7049.5,False,False,True
DDD,2014J,648898,Pass,8148.0,198.0,41.0,111.0,936.0,0.0,2173.5,False,False,True
FFF,2013J,594546,Distinction,8134.0,169.0,38.0,330.5,3300.5,0.0,7755.5,False,False,True
CCC,2014J,616870,Pass,8130.0,190.0,40.0,146.0,1371.0,0.0,3208.5,False,False,True
CCC,2014J,686411,Distinction,8104.0,253.0,41.0,146.0,1371.0,0.0,3208.5,False,False,True
FFF,2014B,623948,Pass,8097.0,169.0,38.0,287.0,2992.0,0.0,7049.5,False,False,True
FFF,2013J,595840,Distinction,8091.0,189.0,37.0,330.5,3300.5,0.0,7755.5,False,False,True
FFF,2013J,588261,Pass,8073.0,189.0,38.0,330.5,3300.5,0.0,7755.5,False,False,True
EEE,2013J,1725109,Distinction,8063.0,196.0,39.0,400.0,2044.5,0.0,4511.25,False,False,True
FFF,2013J,569507,Pass,8058.0,197.0,36.0,330.5,3300.5,0.0,7755.5,False,False,True
DDD,2014B,2503273,Pass,8045.0,240.0,38.0,124.0,1086.25,0.0,2529.625,False,False,True
CCC,2014B,632506,Fail,8035.0,110.0,26.0,88.75,1210.5,0.0,2893.125,False,False,True
EEE,2014J,241728,Distinction,8030.0,214.0,40.0,283.5,1877.25,0.0,4267.875,False,False,True
FFF,2014B,42746,Distinction,8024.0,186.0,38.0,287.0,2992.0,0.0,7049.5,False,False,True
CCC,2014B,420935,Distinction,8007.0,222.0,38.0,88.75,1210.5,0.0,2893.125,False,False,True
CCC,2014J,2178686,Distinction,8001.0,220.0,41.0,146.0,1371.0,0.0,3208.5,False,False,True
FFF,2014B,228729,Pass,7979.0,164.0,37.0,287.0,2992.0,0.0,7049.5,False,False,True
DDD,2013B,2088765,Pass,7950.0,248.0,38.0,198.5,1442.0,0.0,3307.25,False,False,True
FFF,2013J,520061,Fail,7920.0,230.0,42.0,330.5,3300.5,0.0,7755.5,False,False,True
CCC,2014J,669530,Pass,7905.0,119.0,36.0,146.0,1371.0,0.0,3208.5,False,False,True
FFF,2013J,577764,Distinction,7901.0,260.0,41.0,330.5,3300.5,0.0,7755.5,False,False,True
FFF,2013J,372262,Distinction,7877.0,261.0,41.0,330.5,3300.5,0.0,7755.5,False,False,True
FFF,2014B,416302,Pass,7877.0,168.0,38.0,287.0,2992.0,0.0,7049.5,False,False,True
BBB,2014J,626159,Pass,7870.0,252.0,40.0,51.0,1086.5,0.0,2639.75,False,False,True
CCC,2014J,503457,Pass,7868.0,133.0,34.0,146.0,1371.0,0.0,3208.5,False,False,True
BBB,2013B,536726,Fail,7840.0,162.0,32.0,83.0,782.0,0.0,1830.5,False,False,True
FFF,2014B,625406,Pass,7826.0,164.0,32.0,287.0,2992.0,0.0,7049.5,False,False,True
FFF,2013J,598213,Pass,7821.0,182.0,39.0,330.5,3300.5,0.0,7755.5,False,False,True
FFF,2014B,600388,Distinction,7818.0,172.0,37.0,287.0,2992.0,0.0,7049.5,False,False,True
FFF,2013J,498031,Pass,7817.0,123.0,33.0,330.5,3300.5,0.0,7755.5,False,False,True
AAA,2014J,293824,Pass,7816.0,261.0,43.0,440.0,2102.0,0.0,4595.0,False,False,True
BBB,2013J,604292,Pass,7781.0,149.0,41.0,42.0,655.0,0.0,1574.5,False,False,True
FFF,2013J,555855,Pass,7777.0,190.0,41.0,330.5,3300.5,0.0,7755.5,False,False,True
CCC,2014B,282193,Pass,7761.0,160.0,37.0,88.75,1210.5,0.0,2893.125,False,False,True
CCC,2014B,152962,Pass,7759.0,101.0,35.0,88.75,1210.5,0.0,2893.125,False,False,True
EEE,2013J,2485655,Distinction,7688.0,231.0,40.0,400.0,2044.5,0.0,4511.25,False,False,True
BBB,2014B,2659042,Distinction,7680.0,232.0,36.0,18.0,561.0,0.0,1375.5,False,False,True
CCC,2014J,616386,Pass,7663.0,192.0,41.0,146.0,1371.0,0.0,3208.5,False,False,True
FFF,2014B,589565,Distinction,7637.0,166.0,37.0,287.0,2992.0,0.0,7049.5,False,False,True
EEE,2014J,648436,Pass,7611.0,171.0,40.0,283.5,1877.25,0.0,4267.875,False,False,True
BBB,2013J,74585,Distinction,7607.0,171.0,39.0,42.0,655.0,0.0,1574.5,False,False,True
EEE,2014J,629014,Pass,7601.0,236.0,41.0,283.5,1877.25,0.0,4267.875,False,False,True
CCC,2014J,679750,Pass,7587.0,126.0,36.0,146.0,1371.0,0.0,3208.5,False,False,True
FFF,2014B,2010245,Fail,7581.0,192.0,38.0,287.0,2992.0,0.0,7049.5,False,False,True
EEE,2014J,600766,Distinction,7571.0,226.0,41.0,283.5,1877.25,0.0,4267.875,False,False,True
CCC,2014B,630047,Pass,7562.0,144.0,37.0,88.75,1210.5,0.0,2893.125,False,False,True
FFF,2014B,617805,Pass,7544.0,184.0,34.0,287.0,2992.0,0.0,7049.5,False,False,True
CCC,2014B,625014,Distinction,7533.0,176.0,37.0,88.75,1210.5,0.0,2893.125,False,False,True
EEE,2013J,435277,Distinction,7525.0,224.0,39.0,400.0,2044.5,0.0,4511.25,False,False,True
EEE,2013J,592051,Pass,7512.0,180.0,38.0,400.0,2044.5,0.0,4511.25,False,False,True
DDD,2014J,410767,Pass,7507.0,259.0,42.0,111.0,936.0,0.0,2173.5,False,False,True
BBB,2013J,1405594,Pass,7501.0,216.0,41.0,42.0,655.0,0.0,1574.5,False,False,True
BBB,2013J,233752,Pass,7485.0,262.0,41.0,42.0,655.0,0.0,1574.5,False,False,True
CCC,2014J,586088,Pass,7478.0,224.0,42.0,146.0,1371.0,0.0,3208.5,False,False,True
CCC,2014J,481169,Withdrawn,7472.0,91.0,30.0,146.0,1371.0,0.0,3208.5,False,False,True
FFF,2014B,634636,Pass,7464.0,201.0,38.0,287.0,2992.0,0.0,7049.5,False,False,True
FFF,2014B,618004,Pass,7445.0,166.0,35.0,287.0,2992.0,0.0,7049.5,False,False,True
CCC,2014J,511258,Pass,7439.0,136.0,41.0,146.0,1371.0,0.0,3208.5,False,False,True
FFF,2014B,626778,Pass,7434.0,199.0,38.0,287.0,2992.0,0.0,7049.5,False,False,True
FFF,2014B,613630,Pass,7417.0,167.0,36.0,287.0,2992.0,0.0,7049.5,False,False,True
EEE,2013J,501921,Distinction,7414.0,169.0,38.0,400.0,2044.5,0.0,4511.25,False,False,True
AAA,2014J,383723,Pass,7413.0,237.0,41.0,440.0,2102.0,0.0,4595.0,False,False,True
BBB,2013J,551234,Pass,7406.0,238.0,41.0,42.0,655.0,0.0,1574.5,False,False,True
FFF,2014B,402806,Pass,7389.0,208.0,36.0,287.0,2992.0,0.0,7049.5,False,False,True
AAA,2014J,2596621,Pass,7376.0,237.0,40.0,440.0,2102.0,0.0,4595.0,False,False,True
BBB,2013B,508662,Pass,7353.0,206.0,36.0,83.0,782.0,0.0,1830.5,False,False,True
DDD,2014J,647166,Pass,7350.0,249.0,41.0,111.0,936.0,0.0,2173.5,False,False,True
DDD,2014J,303141,Pass,7345.0,250.0,41.0,111.0,936.0,0.0,2173.5,False,False,True
FFF,2014B,629938,Pass,7334.0,154.0,36.0,287.0,2992.0,0.0,7049.5,False,False,True
DDD,2014J,691782,Pass,7327.0,259.0,42.0,111.0,936.0,0.0,2173.5,False,False,True
EEE,2014J,569372,Distinction,7321.0,172.0,34.0,283.5,1877.25,0.0,4267.875,False,False,True
BBB,2013B,511306,Pass,7305.0,238.0,37.0,83.0,782.0,0.0,1830.5,False,False,True
CCC,2014B,527826,Distinction,7304.0,169.0,37.0,88.75,1210.5,0.0,2893.125,False,False,True
CCC,2014B,588274,Distinction,7300.0,201.0,38.0,88.75,1210.5,0.0,2893.125,False,False,True
CCC,2014B,1781834,Pass,7284.0,202.0,38.0,88.75,1210.5,0.0,2893.125,False,False,True
EEE,2013J,601224,Pass,7273.0,97.0,33.0,400.0,2044.5,0.0,4511.25,False,False,True
CCC,2014J,608978,Distinction,7265.0,256.0,42.0,146.0,1371.0,0.0,3208.5,False,False,True
CCC,2014J,649840,Pass,7262.0,150.0,40.0,146.0,1371.0,0.0,3208.5,False,False,True
DDD,2014J,625467,Pass,7253.0,231.0,42.0,111.0,936.0,0.0,2173.5,False,False,True
AAA,2013J,760729,Distinction,7192.0,229.0,41.0,555.0,2007.5,0.0,4186.25,False,False,True
FFF,2014B,152626,Pass,7180.0,209.0,38.0,287.0,2992.0,0.0,7049.5,False,False,True
CCC,2014J,685950,Pass,7164.0,102.0,33.0,146.0,1371.0,0.0,3208.5,False,False,True
AAA,2014J,2085209,Pass,7148.0,251.0,43.0,440.0,2102.0,0.0,4595.0,False,False,True
EEE,2013J,2641364,Pass,7143.0,144.0,37.0,400.0,2044.5,0.0,4511.25,False,False,True
FFF,2014B,108822,Distinction,7143.0,158.0,35.0,287.0,2992.0,0.0,7049.5,False,False,True
BBB,2014J,651177,Pass,7118.0,212.0,40.0,51.0,1086.5,0.0,2639.75,False,False,True
AAA,2014J,303521,Pass,7115.0,181.0,41.0,440.0,2102.0,0.0,4595.0,False,False,True
FFF,2014B,543686,Pass,7097.0,170.0,38.0,287.0,2992.0,0.0,7049.5,False,False,True
DDD,2014J,652680,Distinction,7077.0,211.0,41.0,111.0,936.0,0.0,2173.5,False,False,True
BBB,2013J,549918,Fail,7069.0,223.0,40.0,42.0,655.0,0.0,1574.5,False,False,True
BBB,2013J,576940,Pass,7059.0,193.0,40.0,42.0,655.0,0.0,1574.5,False,False,True
FFF,2014B,615225,Pass,7055.0,120.0,31.0,287.0,2992.0,0.0,7049.5,False,False,True
BBB,2013J,522446,Pass,7036.0,205.0,40.0,42.0,655.0,0.0,1574.5,False,False,True
AAA,2013J,2557283,Pass,7013.0,248.0,40.0,555.0,2007.5,0.0,4186.25,False,False,True
EEE,2014J,2437591,Distinction,6961.0,171.0,42.0,283.5,1877.25,0.0,4267.875,False,False,True
CCC,2014B,571129,Distinction,6954.0,184.0,37.0,88.75,1210.5,0.0,2893.125,False,False,True
CCC,2014J,398496,Pass,6953.0,205.0,41.0,146.0,1371.0,0.0,3208.5,False,False,True
EEE,2014B,443948,Pass,6949.0,203.0,38.0,258.25,1732.75,0.0,3944.5,False,False,True
AAA,2013J,588775,Pass,6930.0,259.0,41.0,555.0,2007.5,0.0,4186.25,False,False,True
AAA,2013J,2364471,Pass,6925.0,257.0,41.0,555.0,2007.5,0.0,4186.25,False,False,True
EEE,2013J,611255,Pass,6925.0,224.0,39.0,400.0,2044.5,0.0,4511.25,False,False,True
EEE,2014B,2577893,Pass,6911.0,163.0,35.0,258.25,1732.75,0.0,3944.5,False,False,True
EEE,2013J,595189,Distinction,6897.0,145.0,37.0,400.0,2044.5,0.0,4511.25,False,False,True
AAA,2013J,1765788,Pass,6886.0,224.0,40.0,555.0,2007.5,0.0,4186.25,False,False,True
CCC,2014J,1874160,Pass,6871.0,111.0,35.0,146.0,1371.0,0.0,3208.5,False,False,True
BBB,2013B,547903,Pass,6855.0,207.0,37.0,83.0,782.0,0.0,1830.5,False,False,True
CCC,2014J,1942870,Pass,6822.0,184.0,41.0,146.0,1371.0,0.0,3208.5,False,False,True
EEE,2013J,259662,Pass,6805.0,230.0,41.0,400.0,2044.5,0.0,4511.25,False,False,True
EEE,2014J,2535666,Pass,6754.0,205.0,39.0,283.5,1877.25,0.0,4267.875,False,False,True
EEE,2013J,2641254,Pass,6732.0,213.0,39.0,400.0,2044.5,0.0,4511.25,False,False,True
EEE,2014J,697461,Distinction,6729.0,245.0,41.0,283.5,1877.25,0.0,4267.875,False,False,True
AAA,2014J,313937,Pass,6705.0,243.0,43.0,440.0,2102.0,0.0,4595.0,False,False,True
CCC,2014J,29639,Pass,6700.0,245.0,42.0,146.0,1371.0,0.0,3208.5,False,False,True
DDD,2013J,597365,Pass,6695.0,193.0,40.0,141.0,1218.5,0.0,2834.75,False,False,True
BBB,2014B,485262,Pass,6684.0,179.0,34.0,18.0,561.0,0.0,1375.5,False,False,True
DDD,2013B,298040,Pass,6643.0,222.0,36.0,198.5,1442.0,0.0,3307.25,False,False,True
EEE,2013J,566310,Distinction,6632.0,208.0,39.0,400.0,2044.5,0.0,4511.25,False,False,True
BBB,2013B,521430,Distinction,6630.0,159.0,35.0,83.0,782.0,0.0,1830.5,False,False,True
EEE,2014B,1661805,Distinction,6610.0,152.0,36.0,258.25,1732.75,0.0,3944.5,False,False,True
EEE,2013J,200095,Pass,6552.0,179.0,38.0,400.0,2044.5,0.0,4511.25,False,False,True
AAA,2014J,258587,Distinction,6530.0,205.0,42.0,440.0,2102.0,0.0,4595.0,False,False,True
CCC,2014B,599958,Pass,6520.0,154.0,37.0,88.75,1210.5,0.0,2893.125,False,False,True
EEE,2014B,632083,Distinction,6490.0,198.0,38.0,258.25,1732.75,0.0,3944.5,False,False,True
EEE,2013J,610453,Pass,6468.0,216.0,41.0,400.0,2044.5,0.0,4511.25,False,False,True
DDD,2014J,313561,Pass,6465.0,266.0,42.0,111.0,936.0,0.0,2173.5,False,False,True
AAA,2013J,319047,Pass,6424.0,232.0,41.0,555.0,2007.5,0.0,4186.25,False,False,True
CCC,2014J,2366117,Distinction,6334.0,201.0,40.0,146.0,1371.0,0.0,3208.5,False,False,True
CCC,2014B,627399,Pass,6330.0,104.0,35.0,88.75,1210.5,0.0,2893.125,False,False,True
BBB,2013B,553502,Pass,6319.0,210.0,37.0,83.0,782.0,0.0,1830.5,False,False,True
CCC,2014B,576413,Distinction,6309.0,225.0,38.0,88.75,1210.5,0.0,2893.125,False,False,True
CCC,2014J,623124,Pass,6308.0,155.0,39.0,146.0,1371.0,0.0,3208.5,False,False,True
AAA,2014J,2692514,Pass,6264.0,277.0,43.0,440.0,2102.0,0.0,4595.0,False,False,True
AAA,2013J,1847830,Pass,6253.0,238.0,41.0,555.0,2007.5,0.0,4186.25,False,False,True
CCC,2014J,552965,Distinction,6248.0,220.0,41.0,146.0,1371.0,0.0,3208.5,False,False,True
EEE,2013J,1781834,Pass,6244.0,223.0,41.0,400.0,2044.5,0.0,4511.25,False,False,True
DDD,2013J,537811,Distinction,6243.0,272.0,41.0,141.0,1218.5,0.0,2834.75,False,False,True
BBB,2013B,263499,Pass,6241.0,212.0,37.0,83.0,782.0,0.0,1830.5,False,False,True
DDD,2014J,651759,Distinction,6236.0,204.0,41.0,111.0,936.0,0.0,2173.5,False,False,True
EEE,2014J,344740,Distinction,6216.0,197.0,38.0,283.5,1877.25,0.0,4267.875,False,False,True
EEE,2014J,633824,Distinction,6185.0,223.0,42.0,283.5,1877.25,0.0,4267.875,False,False,True
AAA,2013J,174782,Pass,6170.0,249.0,39.0,555.0,2007.5,0.0,4186.25,False,False,True
CCC,2014J,589463,Pass,6166.0,112.0,33.0,146.0,1371.0,0.0,3208.5,False,False,True
DDD,2014J,641315,Pass,6148.0,245.0,41.0,111.0,936.0,0.0,2173.5,False,False,True
CCC,2014B,596157,Pass,6137.0,167.0,38.0,88.75,1210.5,0.0,2893.125,False,False,True
AAA,2014J,70011,Pass,6133.0,227.0,40.0,440.0,2102.0,0.0,4595.0,False,False,True
EEE,2013J,342962,Pass,6129.0,184.0,37.0,400.0,2044.5,0.0,4511.25,False,False,True
CCC,2014B,623052,Pass,6121.0,222.0,37.0,88.75,1210.5,0.0,2893.125,False,False,True
BBB,2014J,564115,Distinction,6114.0,258.0,40.0,51.0,1086.5,0.0,2639.75,False,False,True
DDD,2014J,693501,Distinction,6112.0,238.0,40.0,111.0,936.0,0.0,2173.5,False,False,True
CCC,2014B,544839,Distinction,6104.0,220.0,38.0,88.75,1210.5,0.0,2893.125,False,False,True
CCC,2014J,678089,Distinction,6091.0,244.0,42.0,146.0,1371.0,0.0,3208.5,False,False,True
CCC,2014B,142935,Pass,6087.0,170.0,37.0,88.75,1210.5,0.0,2893.125,False,False,True
DDD,2013B,351775,Pass,6087.0,218.0,38.0,198.5,1442.0,0.0,3307.25,False,False,True
DDD,2013B,309580,Pass,6086.0,250.0,38.0,198.5,1442.0,0.0,3307.25,False,False,True
BBB,2013J,524790,Distinction,6083.0,240.0,39.0,42.0,655.0,0.0,1574.5,False,False,True
EEE,2013J,42638,Pass,6072.0,202.0,41.0,400.0,2044.5,0.0,4511.25,False,False,True
EEE,2013J,2474995,Pass,6055.0,189.0,38.0,400.0,2044.5,0.0,4511.25,False,False,True
CCC,2014B,1888343,Pass,6054.0,220.0,38.0,88.75,1210.5,0.0,2893.125,False,False,True
CCC,2014J,2093150,Pass,6045.0,160.0,40.0,146.0,1371.0,0.0,3208.5,False,False,True
BBB,2014J,627269,Pass,6026.0,249.0,40.0,51.0,1086.5,0.0,2639.75,False,False,True
CCC,2014J,72609,Fail,6023.0,208.0,42.0,146.0,1371.0,0.0,3208.5,False,False,True
DDD,2014B,569944,Distinction,6014.0,224.0,37.0,124.0,1086.25,0.0,2529.625,False,False,True
CCC,2014J,605868,Distinction,5991.0,158.0,42.0,146.0,1371.0,0.0,3208.5,False,False,True
BBB,2014B,612919,Pass,5989.0,223.0,36.0,18.0,561.0,0.0,1375.5,False,False,True
CCC,2014J,678395,Distinction,5966.0,185.0,42.0,146.0,1371.0,0.0,3208.5,False,False,True
BBB,2013B,535605,Distinction,5957.0,160.0,35.0,83.0,782.0,0.0,1830.5,False,False,True
CCC,2014J,336131,Distinction,5956.0,239.0,42.0,146.0,1371.0,0.0,3208.5,False,False,True
BBB,2014J,649189,Distinction,5949.0,176.0,38.0,51.0,1086.5,0.0,2639.75,False,False,True
EEE,2013J,499400,Distinction,5949.0,192.0,41.0,400.0,2044.5,0.0,4511.25,False,False,True
CCC,2014B,466289,Pass,5941.0,135.0,38.0,88.75,1210.5,0.0,2893.125,False,False,True
CCC,2014J,2026585,Pass,5917.0,197.0,42.0,146.0,1371.0,0.0,3208.5,False,False,True
CCC,2014J,624060,Distinction,5909.0,217.0,41.0,146.0,1371.0,0.0,3208.5,False,False,True
DDD,2014J,649078,Pass,5902.0,222.0,40.0,111.0,936.0,0.0,2173.5,False,False,True
EEE,2013J,575553,Pass,5900.0,180.0,38.0,400.0,2044.5,0.0,4511.25,False,False,True
BBB,2013J,589296,Pass,5890.0,215.0,41.0,42.0,655.0,0.0,1574.5,False,False,True
DDD,2014J,694872,Distinction,5884.0,211.0,38.0,111.0,936.0,0.0,2173.5,False,False,True
BBB,2013B,480650,Distinction,5877.0,118.0,34.0,83.0,782.0,0.0,1830.5,False,False,True
EEE,2014B,588274,Distinction,5867.0,208.0,38.0,258.25,1732.75,0.0,3944.5,False,False,True
EEE,2013J,592961,Distinction,5860.0,183.0,39.0,400.0,2044.5,0.0,4511.25,False,False,True
CCC,2014J,633504,Distinction,5853.0,234.0,42.0,146.0,1371.0,0.0,3208.5,False,False,True
DDD,2013J,506582,Distinction,5848.0,279.0,41.0,141.0,1218.5,0.0,2834.75,False,False,True
DDD,2013J,568598,Pass,5848.0,256.0,40.0,141.0,1218.5,0.0,2834.75,False,False,True
DDD,2013J,2570253,Pass,5847.0,270.0,40.0,141.0,1218.5,0.0,2834.75,False,False,True
EEE,2014J,2627992,Pass,5818.0,223.0,42.0,283.5,1877.25,0.0,4267.875,False,False,True
CCC,2014B,385387,Distinction,5802.0,214.0,38.0,88.75,1210.5,0.0,2893.125,False,False,True
CCC,2014B,585093,Distinction,5801.0,176.0,38.0,88.75,1210.5,0.0,2893.125,False,False,True
BBB,2013B,527164,Distinction,5779.0,209.0,37.0,83.0,782.0,0.0,1830.5,False,False,True
DDD,2013B,2672686,Distinction,5779.0,175.0,38.0,198.5,1442.0,0.0,3307.25,False,False,True
AAA,2013J,978739,Pass,5773.0,176.0,39.0,555.0,2007.5,0.0,4186.25,False,False,True
AAA,2014J,2581477,Pass,5761.0,232.0,42.0,440.0,2102.0,0.0,4595.0,False,False,True
CCC,2014J,595495,Pass,5752.0,155.0,38.0,146.0,1371.0,0.0,3208.5,False,False,True
DDD,2014B,620337,Fail,5748.0,124.0,36.0,124.0,1086.25,0.0,2529.625,False,False,True
DDD,2014B,609852,Distinction,5725.0,215.0,37.0,124.0,1086.25,0.0,2529.625,False,False,True
CCC,2014J,537811,Distinction,5724.0,237.0,40.0,146.0,1371.0,0.0,3208.5,False,False,True
EEE,2014J,581851,Pass,5715.0,122.0,36.0,283.5,1877.25,0.0,4267.875,False,False,True
AAA,2013J,1626710,Distinction,5694.0,215.0,41.0,555.0,2007.5,0.0,4186.25,False,False,True
CCC,2014B,316227,Distinction,5692.0,192.0,38.0,88.75,1210.5,0.0,2893.125,False,False,True
CCC,2014J,1897054,Pass,5682.0,174.0,38.0,146.0,1371.0,0.0,3208.5,False,False,True
CCC,2014J,614458,Distinction,5671.0,211.0,41.0,146.0,1371.0,0.0,3208.5,False,False,True
AAA,2014J,290164,Pass,5670.0,166.0,41.0,440.0,2102.0,0.0,4595.0,False,False,True
BBB,2013J,591223,Pass,5659.0,198.0,41.0,42.0,655.0,0.0,1574.5,False,False,True
EEE,2014J,561413,Distinction,5655.0,188.0,42.0,283.5,1877.25,0.0,4267.875,False,False,True
BBB,2014J,2278390,Fail,5651.0,208.0,35.0,51.0,1086.5,0.0,2639.75,False,False,True
CCC,2014J,686957,Pass,5628.0,79.0,32.0,146.0,1371.0,0.0,3208.5,False,False,True
EEE,2014B,526051,Distinction,5627.0,197.0,37.0,258.25,1732.75,0.0,3944.5,False,False,True
EEE,2013J,591942,Pass,5625.0,171.0,40.0,400.0,2044.5,0.0,4511.25,False,False,True
BBB,2013B,31663,Pass,5624.0,222.0,37.0,83.0,782.0,0.0,1830.5,False,False,True
CCC,2014J,636124,Distinction,5623.0,213.0,42.0,146.0,1371.0,0.0,3208.5,False,False,True
CCC,2014J,598102,Pass,5619.0,146.0,39.0,146.0,1371.0,0.0,3208.5,False,False,True
CCC,2014J,571808,Distinction,5604.0,169.0,37.0,146.0,1371.0,0.0,3208.5,False,False,True
CCC,2014B,609229,Distinction,5595.0,232.0,38.0,88.75,1210.5,0.0,2893.125,False,False,True
AAA,2013J,1860318,Pass,5583.0,228.0,40.0,555.0,2007.5,0.0,4186.25,False,False,True
BBB,2013B,500815,Pass,5582.0,226.0,37.0,83.0,782.0,0.0,1830.5,False,False,True
EEE,2013J,586668,Pass,5579.0,148.0,41.0,400.0,2044.5,0.0,4511.25,False,False,True
CCC,2014B,623732,Pass,5572.0,173.0,38.0,88.75,1210.5,0.0,2893.125,False,False,True
EEE,2014J,643118,Distinction,5565.0,187.0,39.0,283.5,1877.25,0.0,4267.875,False,False,True
BBB,2013B,513733,Fail,5553.0,161.0,36.0,83.0,782.0,0.0,1830.5,False,False,True
EEE,2014B,605367,Pass,5552.0,169.0,36.0,258.25,1732.75,0.0,3944.5,False,False,True
AAA,2013J,705379,Distinction,5550.0,226.0,41.0,555.0,2007.5,0.0,4186.25,False,False,True
DDD,2014B,574909,Distinction,5534.0,237.0,38.0,124.0,1086.25,0.0,2529.625,False,False,True
BBB,2014J,683140,Pass,5520.0,203.0,40.0,51.0,1086.5,0.0,2639.75,False,False,True
CCC,2014J,690948,Fail,5518.0,126.0,37.0,146.0,1371.0,0.0,3208.5,False,False,True
DDD,2013J,587989,Pass,5491.0,194.0,41.0,141.0,1218.5,0.0,2834.75,False,False,True
DDD,2013J,569978,Pass,5489.0,253.0,40.0,141.0,1218.5,0.0,2834.75,False,False,True
AAA,2013J,144801,Pass,5479.0,200.0,41.0,555.0,2007.5,0.0,4186.25,False,False,True
CCC,2014B,410407,Distinction,5444.0,128.0,38.0,88.75,1210.5,0.0,2893.125,False,False,True
DDD,2013J,482083,Pass,5436.0,239.0,40.0,141.0,1218.5,0.0,2834.75,False,False,True
CCC,2014J,2070517,Distinction,5435.0,209.0,42.0,146.0,1371.0,0.0,3208.5,False,False,True
EEE,2014B,619928,Distinction,5419.0,184.0,35.0,258.25,1732.75,0.0,3944.5,False,False,True
DDD,2013J,602856,Distinction,5418.0,247.0,41.0,141.0,1218.5,0.0,2834.75,False,False,True
CCC,2014B,42638,Pass,5414.0,193.0,38.0,88.75,1210.5,0.0,2893.125,False,False,True
AAA,2013J,137873,Pass,5372.0,192.0,37.0,555.0,2007.5,0.0,4186.25,False,False,True
BBB,2013B,550077,Pass,5372.0,194.0,37.0,83.0,782.0,0.0,1830.5,False,False,True
AAA,2013J,2649826,Distinction,5371.0,211.0,41.0,555.0,2007.5,0.0,4186.25,False,False,True
CCC,2014J,675504,Distinction,5371.0,115.0,34.0,146.0,1371.0,0.0,3208.5,False,False,True
DDD,2014B,632215,Distinction,5344.0,150.0,34.0,124.0,1086.25,0.0,2529.625,False,False,True
EEE,2014J,575623,Distinction,5344.0,224.0,42.0,283.5,1877.25,0.0,4267.875,False,False,True
CCC,2014B,1440467,Distinction,5337.0,213.0,37.0,88.75,1210.5,0.0,2893.125,False,False,True
EEE,2014J,634367,Pass,5327.0,216.0,41.0,283.5,1877.25,0.0,4267.875,False,False,True
EEE,2013J,507375,Pass,5321.0,195.0,39.0,400.0,2044.5,0.0,4511.25,False,False,True
DDD,2013B,553382,Pass,5319.0,211.0,37.0,198.5,1442.0,0.0,3307.25,False,False,True
CCC,2014B,629164,Distinction,5316.0,165.0,38.0,88.75,1210.5,0.0,2893.125,False,False,True
EEE,2014B,585393,Distinction,5314.0,220.0,37.0,258.25,1732.75,0.0,3944.5,False,False,True
BBB,2013J,414350,Distinction,5309.0,187.0,39.0,42.0,655.0,0.0,1574.5,False,False,True
DDD,2013B,1577134,Fail,5296.0,202.0,38.0,198.5,1442.0,0.0,3307.25,False,False,True
BBB,2013B,2097916,Distinction,5290.0,203.0,37.0,83.0,782.0,0.0,1830.5,False,False,True
CCC,2014J,689050,Distinction,5271.0,222.0,39.0,146.0,1371.0,0.0,3208.5,False,False,True
CCC,2014J,2127889,Pass,5270.0,100.0,38.0,146.0,1371.0,0.0,3208.5,False,False,True
BBB,2013B,2092834,Pass,5265.0,83.0,21.0,83.0,782.0,0.0,1830.5,False,False,True
BBB,2013B,525683,Pass,5264.0,166.0,35.0,83.0,782.0,0.0,1830.5,False,False,True
EEE,2014B,617355,Pass,5251.0,193.0,38.0,258.25,1732.75,0.0,3944.5,False,False,True
DDD,2014J,629703,Pass,5249.0,264.0,42.0,111.0,936.0,0.0,2173.5,False,False,True
DDD,2013B,528846,Fail,5248.0,209.0,37.0,198.5,1442.0,0.0,3307.25,False,False,True
CCC,2014J,629523,Distinction,5246.0,207.0,40.0,146.0,1371.0,0.0,3208.5,False,False,True
BBB,2013B,532950,Pass,5243.0,125.0,34.0,83.0,782.0,0.0,1830.5,False,False,True
CCC,2014B,351775,Pass,5226.0,195.0,38.0,88.75,1210.5,0.0,2893.125,False,False,True
BBB,2013J,545462,Pass,5222.0,243.0,41.0,42.0,655.0,0.0,1574.5,False,False,True
BBB,2014B,622345,Pass,5213.0,232.0,36.0,18.0,561.0,0.0,1375.5,False,False,True
CCC,2014J,2345751,Pass,5206.0,273.0,42.0,146.0,1371.0,0.0,3208.5,False,False,True
BBB,2014J,605771,Pass,5203.0,238.0,39.0,51.0,1086.5,0.0,2639.75,False,False,True
EEE,2014J,2592973,Pass,5198.0,147.0,37.0,283.5,1877.25,0.0,4267.875,False,False,True
DDD,2014J,585626,Pass,5169.0,154.0,41.0,111.0,936.0,0.0,2173.5,False,False,True
CCC,2014J,306202,Pass,5166.0,93.0,32.0,146.0,1371.0,0.0,3208.5,False,False,True
EEE,2014J,699134,Distinction,5164.0,208.0,39.0,283.5,1877.25,0.0,4267.875,False,False,True
CCC,2014J,625067,Pass,5147.0,91.0,35.0,146.0,1371.0,0.0,3208.5,False,False,True
EEE,2014B,629753,Pass,5147.0,193.0,35.0,258.25,1732.75,0.0,3944.5,False,False,True
EEE,2013J,407453,Pass,5146.0,202.0,40.0,400.0,2044.5,0.0,4511.25,False,False,True
CCC,2014J,607900,Withdrawn,5141.0,130.0,22.0,146.0,1371.0,0.0,3208.5,False,False,True
EEE,2014J,1679610,Distinction,5138.0,177.0,39.0,283.5,1877.25,0.0,4267.875,False,False,True
DDD,2013B,557924,Pass,5136.0,219.0,36.0,198.5,1442.0,0.0,3307.25,False,False,True
BBB,2014J,629127,Pass,5135.0,261.0,40.0,51.0,1086.5,0.0,2639.75,False,False,True
CCC,2014B,544594,Distinction,5129.0,157.0,36.0,88.75,1210.5,0.0,2893.125,False,False,True
BBB,2014J,687378,Pass,5123.0,117.0,35.0,51.0,1086.5,0.0,2639.75,False,False,True
CCC,2014B,2064873,Distinction,5117.0,172.0,38.0,88.75,1210.5,0.0,2893.125,False,False,True
DDD,2014J,682306,Pass,5107.0,163.0,38.0,111.0,936.0,0.0,2173.5,False,False,True
EEE,2013J,943374,Pass,5103.0,109.0,35.0,400.0,2044.5,0.0,4511.25,False,False,True
EEE,2013J,612183,Distinction,5098.0,163.0,40.0,400.0,2044.5,0.0,4511.25,False,False,True
AAA,2014J,1715896,Pass,5095.0,199.0,43.0,440.0,2102.0,0.0,4595.0,False,False,True
DDD,2013B,544839,Distinction,5088.0,239.0,38.0,198.5,1442.0,0.0,3307.25,False,False,True
CCC,2014J,676964,Pass,5086.0,192.0,39.0,146.0,1371.0,0.0,3208.5,False,False,True
BBB,2013J,586996,Distinction,5075.0,231.0,41.0,42.0,655.0,0.0,1574.5,False,False,True
CCC,2014J,2451523,Distinction,5065.0,152.0,37.0,146.0,1371.0,0.0,3208.5,False,False,True
EEE,2013J,392994,Distinction,5059.0,157.0,40.0,400.0,2044.5,0.0,4511.25,False,False,True
EEE,2013J,991843,Distinction,5058.0,135.0,37.0,400.0,2044.5,0.0,4511.25,False,False,True
AAA,2014J,384203,Pass,5035.0,213.0,43.0,440.0,2102.0,0.0,4595.0,False,False,True
BBB,2013B,443288,Distinction,5030.0,169.0,34.0,83.0,782.0,0.0,1830.5,False,False,True
BBB,2013J,523875,Distinction,5024.0,178.0,39.0,42.0,655.0,0.0,1574.5,False,False,True
CCC,2014J,2462607,Pass,5024.0,151.0,39.0,146.0,1371.0,0.0,3208.5,False,False,True
CCC,2014J,600796,Pass,5020.0,166.0,37.0,146.0,1371.0,0.0,3208.5,False,False,True
AAA,2014J,588477,Pass,5015.0,217.0,38.0,440.0,2102.0,0.0,4595.0,False,False,True
BBB,2013J,604966,Pass,5011.0,165.0,37.0,42.0,655.0,0.0,1574.5,False,False,True
CCC,2014J,338731,Fail,5008.0,127.0,38.0,146.0,1371.0,0.0,3208.5,False,False,True
BBB,2013B,537255,Pass,5003.0,185.0,37.0,83.0,782.0,0.0,1830.5,False,False,True
EEE,2014J,623467,Pass,5001.0,199.0,41.0,283.5,1877.25,0.0,4267.875,False,False,True
EEE,2014J,678341,Distinction,4997.0,224.0,41.0,283.5,1877.25,0.0,4267.875,False,False,True
EEE,2013J,601757,Distinction,4995.0,180.0,40.0,400.0,2044.5,0.0,4511.25,False,False,True
BBB,2013B,477011,Pass,4993.0,207.0,37.0,83.0,782.0,0.0,1830.5,False,False,True
CCC,2014J,690365,Pass,4981.0,160.0,40.0,146.0,1371.0,0.0,3208.5,False,False,True
BBB,2014B,616919,Distinction,4976.0,131.0,32.0,18.0,561.0,0.0,1375.5,False,False,True
CCC,2014J,2393945,Pass,4975.0,162.0,38.0,146.0,1371.0,0.0,3208.5,False,False,True
AAA,2013J,291334,Distinction,4974.0,229.0,41.0,555.0,2007.5,0.0,4186.25,False,False,True
CCC,2014J,2333156,Distinction,4954.0,164.0,39.0,146.0,1371.0,0.0,3208.5,False,False,True
BBB,2013J,574212,Distinction,4946.0,202.0,41.0,42.0,655.0,0.0,1574.5,False,False,True
DDD,2013J,505856,Pass,4946.0,223.0,41.0,141.0,1218.5,0.0,2834.75,False,False,True
BBB,2014B,617012,Pass,4930.0,133.0,32.0,18.0,561.0,0.0,1375.5,False,False,True
DDD,2014J,629309,Pass,4930.0,220.0,42.0,111.0,936.0,0.0,2173.5,False,False,True
CCC,2014J,579583,Pass,4927.0,126.0,36.0,146.0,1371.0,0.0,3208.5,False,False,True
EEE,2014B,623797,Pass,4926.0,149.0,35.0,258.25,1732.75,0.0,3944.5,False,False,True
BBB,2013J,134563,Pass,4922.0,182.0,40.0,42.0,655.0,0.0,1574.5,False,False,True
BBB,2014J,656990,Pass,4919.0,115.0,35.0,51.0,1086.5,0.0,2639.75,False,False,True
CCC,2014J,2619025,Pass,4915.0,121.0,37.0,146.0,1371.0,0.0,3208.5,False,False,True
CCC,2014J,372234,Pass,4913.0,168.0,42.0,146.0,1371.0,0.0,3208.5,False,False,True
AAA,2013J,1640609,Pass,4911.0,227.0,40.0,555.0,2007.5,0.0,4186.25,False,False,True
BBB,2014J,644993,Distinction,4900.0,181.0,39.0,51.0,1086.5,0.0,2639.75,False,False,True
EEE,2014J,629642,Pass,4898.0,192.0,41.0,283.5,1877.25,0.0,4267.875,False,False,True
EEE,2014J,642342,Distinction,4892.0,126.0,39.0,283.5,1877.25,0.0,4267.875,False,False,True
BBB,2014J,655546,Pass,4886.0,205.0,40.0,51.0,1086.5,0.0,2639.75,False,False,True
CCC,2014J,443964,Distinction,4883.0,114.0,39.0,146.0,1371.0,0.0,3208.5,False,False,True
CCC,2014J,2179304,Withdrawn,4876.0,156.0,28.0,146.0,1371.0,0.0,3208.5,False,False,True
CCC,2014B,631473,Distinction,4866.0,174.0,37.0,88.75,1210.5,0.0,2893.125,False,False,True
EEE,2014J,651828,Distinction,4866.0,204.0,42.0,283.5,1877.25,0.0,4267.875,False,False,True
AAA,2014J,1398979,Withdrawn,4849.0,194.0,35.0,440.0,2102.0,0.0,4595.0,False,False,True
EEE,2014B,566422,Pass,4838.0,187.0,36.0,258.25,1732.75,0.0,3944.5,False,False,True
EEE,2014B,464724,Pass,4837.0,187.0,36.0,258.25,1732.75,0.0,3944.5,False,False,True
CCC,2014J,2289145,Pass,4833.0,124.0,38.0,146.0,1371.0,0.0,3208.5,False,False,True
EEE,2014J,651533,Distinction,4826.0,220.0,41.0,283.5,1877.25,0.0,4267.875,False,False,True
DDD,2013J,594164,Withdrawn,4824.0,219.0,34.0,141.0,1218.5,0.0,2834.75,False,False,True
AAA,2014J,2680312,Pass,4818.0,162.0,38.0,440.0,2102.0,0.0,4595.0,False,False,True
DDD,2014J,679777,Pass,4818.0,114.0,30.0,111.0,936.0,0.0,2173.5,False,False,True
AAA,2014J,52765,Pass,4809.0,190.0,41.0,440.0,2102.0,0.0,4595.0,False,False,True
BBB,2013J,517231,Pass,4808.0,188.0,41.0,42.0,655.0,0.0,1574.5,False,False,True
DDD,2013J,1449692,Pass,4801.0,234.0,40.0,141.0,1218.5,0.0,2834.75,False,False,True
CCC,2014B,517999,Distinction,4795.0,210.0,38.0,88.75,1210.5,0.0,2893.125,False,False,True
EEE,2014J,592047,Pass,4792.0,177.0,39.0,283.5,1877.25,0.0,4267.875,False,False,True
CCC,2014J,471027,Distinction,4788.0,99.0,36.0,146.0,1371.0,0.0,3208.5,False,False,True
EEE,2014J,649255,Distinction,4785.0,160.0,40.0,283.5,1877.25,0.0,4267.875,False,False,True
AAA,2013J,258894,Pass,4778.0,204.0,38.0,555.0,2007.5,0.0,4186.25,False,False,True
CCC,2014B,506206,Distinction,4775.0,146.0,35.0,88.75,1210.5,0.0,2893.125,False,False,True
CCC,2014J,690733,Distinction,4770.0,158.0,40.0,146.0,1371.0,0.0,3208.5,False,False,True
DDD,2014J,574431,Fail,4766.0,177.0,40.0,111.0,936.0,0.0,2173.5,False,False,True
BBB,2013B,537162,Pass,4765.0,158.0,36.0,83.0,782.0,0.0,1830.5,False,False,True
BBB,2014B,60416,Pass,4764.0,215.0,36.0,18.0,561.0,0.0,1375.5,False,False,True
AAA,2014J,174094,Pass,4762.0,222.0,41.0,440.0,2102.0,0.0,4595.0,False,False,True
BBB,2014J,676151,Pass,4759.0,239.0,38.0,51.0,1086.5,0.0,2639.75,False,False,True
CCC,2014B,592976,Distinction,4756.0,66.0,31.0,88.75,1210.5,0.0,2893.125,False,False,True
CCC,2014B,578655,Pass,4753.0,124.0,36.0,88.75,1210.5,0.0,2893.125,False,False,True
BBB,2014B,570437,Distinction,4747.0,194.0,35.0,18.0,561.0,0.0,1375.5,False,False,True
EEE,2014J,594629,Pass,4746.0,211.0,42.0,283.5,1877.25,0.0,4267.875,False,False,True
DDD,2014J,603224,Pass,4741.0,188.0,41.0,111.0,936.0,0.0,2173.5,False,False,True
EEE,2013J,579343,Distinction,4739.0,184.0,40.0,400.0,2044.5,0.0,4511.25,False,False,True
CCC,2014J,609537,Distinction,4738.0,89.0,37.0,146.0,1371.0,0.0,3208.5,False,False,True
DDD,2013B,494637,Distinction,4737.0,233.0,37.0,198.5,1442.0,0.0,3307.25,False,False,True
EEE,2013J,2255516,Distinction,4736.0,170.0,39.0,400.0,2044.5,0.0,4511.25,False,False,True
BBB,2013B,1923618,Distinction,4724.0,206.0,37.0,83.0,782.0,0.0,1830.5,False,False,True
EEE,2013J,250047,Pass,4724.0,126.0,37.0,400.0,2044.5,0.0,4511.25,False,False,True
BBB,2014J,647056,Pass,4717.0,131.0,35.0,51.0,1086.5,0.0,2639.75,False,False,True
EEE,2014J,643705,Pass,4715.0,156.0,39.0,283.5,1877.25,0.0,4267.875,False,False,True
BBB,2013J,599794,Pass,4711.0,182.0,40.0,42.0,655.0,0.0,1574.5,False,False,True
CCC,2014J,575039,Fail,4708.0,103.0,36.0,146.0,1371.0,0.0,3208.5,False,False,True
CCC,2014J,610904,Pass,4708.0,147.0,39.0,146.0,1371.0,0.0,3208.5,False,False,True
EEE,2013J,574586,Pass,4706.0,173.0,36.0,400.0,2044.5,0.0,4511.25,False,False,True
AAA,2013J,104476,Pass,4705.0,161.0,39.0,555.0,2007.5,0.0,4186.25,False,False,True
AAA,2014J,158707,Withdrawn,4696.0,98.0,28.0,440.0,2102.0,0.0,4595.0,False,False,True
BBB,2013J,287107,Distinction,4692.0,164.0,39.0,42.0,655.0,0.0,1574.5,False,False,True
CCC,2014J,624256,Pass,4692.0,99.0,34.0,146.0,1371.0,0.0,3208.5,False,False,True
EEE,2013J,587906,Distinction,4682.0,186.0,40.0,400.0,2044.5,0.0,4511.25,False,False,True
CCC,2014J,650863,Distinction,4681.0,177.0,41.0,146.0,1371.0,0.0,3208.5,False,False,True
EEE,2014J,645451,Pass,4670.0,142.0,35.0,283.5,1877.25,0.0,4267.875,False,False,True
CCC,2014B,131145,Distinction,4668.0,205.0,38.0,88.75,1210.5,0.0,2893.125,False,False,True
CCC,2014B,598860,Distinction,4667.0,190.0,36.0,88.75,1210.5,0.0,2893.125,False,False,True
CCC,2014J,1808622,Pass,4666.0,190.0,41.0,146.0,1371.0,0.0,3208.5,False,False,True
EEE,2014J,681001,Distinction,4665.0,172.0,39.0,283.5,1877.25,0.0,4267.875,False,False,True
BBB,2013J,575387,Pass,4664.0,184.0,41.0,42.0,655.0,0.0,1574.5,False,False,True
DDD,2013J,2485582,Distinction,4658.0,215.0,40.0,141.0,1218.5,0.0,2834.75,False,False,True
CCC,2014J,1692156,Pass,4657.0,231.0,42.0,146.0,1371.0,0.0,3208.5,False,False,True
CCC,2014B,577245,Fail,4650.0,115.0,32.0,88.75,1210.5,0.0,2893.125,False,False,True
DDD,2014J,676964,Pass,4649.0,214.0,42.0,111.0,936.0,0.0,2173.5,False,False,True
EEE,2013J,565883,Pass,4643.0,163.0,41.0,400.0,2044.5,0.0,4511.25,False,False,True
CCC,2014J,566447,Distinction,4642.0,240.0,42.0,146.0,1371.0,0.0,3208.5,False,False,True
EEE,2014J,649339,Distinction,4638.0,164.0,40.0,283.5,1877.25,0.0,4267.875,False,False,True
CCC,2014J,622976,Pass,4631.0,185.0,39.0,146.0,1371.0,0.0,3208.5,False,False,True
CCC,2014B,633250,Pass,4627.0,164.0,38.0,88.75,1210.5,0.0,2893.125,False,False,True
AAA,2013J,2122180,Distinction,4615.0,170.0,37.0,555.0,2007.5,0.0,4186.25,False,False,True
CCC,2014B,338731,Withdrawn,4613.0,112.0,28.0,88.75,1210.5,0.0,2893.125,False,False,True
BBB,2013J,532477,Pass,4604.0,163.0,40.0,42.0,655.0,0.0,1574.5,False,False,True
EEE,2013J,585279,Distinction,4587.0,135.0,38.0,400.0,2044.5,0.0,4511.25,False,False,True
CCC,2014J,685871,Distinction,4585.0,179.0,41.0,146.0,1371.0,0.0,3208.5,False,False,True
CCC,2014J,549783,Distinction,4576.0,147.0,36.0,146.0,1371.0,0.0,3208.5,False,False,True
DDD,2013B,2146936,Fail,4564.0,149.0,35.0,198.5,1442.0,0.0,3307.25,False,False,True
DDD,2014J,552965,Pass,4563.0,213.0,40.0,111.0,936.0,0.0,2173.5,False,False,True
EEE,2014J,689840,Pass,4563.0,187.0,40.0,283.5,1877.25,0.0,4267.875,False,False,True
CCC,2014J,628361,Distinction,4556.0,195.0,40.0,146.0,1371.0,0.0,3208.5,False,False,True
DDD,2013J,2039190,Distinction,4554.0,237.0,41.0,141.0,1218.5,0.0,2834.75,False,False,True
BBB,2013B,538221,Pass,4552.0,180.0,36.0,83.0,782.0,0.0,1830.5,False,False,True
BBB,2013B,1521540,Distinction,4546.0,150.0,35.0,83.0,782.0,0.0,1830.5,False,False,True
DDD,2014J,618989,Pass,4546.0,163.0,40.0,111.0,936.0,0.0,2173.5,False,False,True
DDD,2013J,473104,Pass,4544.0,190.0,40.0,141.0,1218.5,0.0,2834.75,False,False,True
CCC,2014J,544267,Pass,4542.0,137.0,37.0,146.0,1371.0,0.0,3208.5,False,False,True
BBB,2013B,377846,Pass,4540.0,206.0,36.0,83.0,782.0,0.0,1830.5,False,False,True
CCC,2014J,685597,Pass,4540.0,182.0,38.0,146.0,1371.0,0.0,3208.5,False,False,True
BBB,2014J,606535,Pass,4537.0,209.0,38.0,51.0,1086.5,0.0,2639.75,False,False,True
CCC,2014J,1915824,Pass,4532.0,194.0,42.0,146.0,1371.0,0.0,3208.5,False,False,True
DDD,2014J,587140,Pass,4531.0,137.0,33.0,111.0,936.0,0.0,2173.5,False,False,True
DDD,2013J,1835411,Distinction,4525.0,249.0,41.0,141.0,1218.5,0.0,2834.75,False,False,True
EEE,2014B,2026585,Distinction,4522.0,192.0,38.0,258.25,1732.75,0.0,3944.5,False,False,True
CCC,2014J,470385,Pass,4518.0,161.0,39.0,146.0,1371.0,0.0,3208.5,False,False,True
CCC,2014J,655890,Distinction,4518.0,165.0,42.0,146.0,1371.0,0.0,3208.5,False,False,True
CCC,2014J,61227,Pass,4514.0,128.0,38.0,146.0,1371.0,0.0,3208.5,False,False,True
CCC,2014B,2548877,Pass,4513.0,169.0,38.0,88.75,1210.5,0.0,2893.125,False,False,True
BBB,2014J,689274,Pass,4512.0,146.0,35.0,51.0,1086.5,0.0,2639.75,False,False,True
CCC,2014J,611255,Pass,4507.0,197.0,42.0,146.0,1371.0,0.0,3208.5,False,False,True
DDD,2013B,1690836,Distinction,4495.0,165.0,36.0,198.5,1442.0,0.0,3307.25,False,False,True
DDD,2013B,536170,Distinction,4490.0,201.0,38.0,198.5,1442.0,0.0,3307.25,False,False,True
DDD,2013B,531202,Distinction,4486.0,190.0,38.0,198.5,1442.0,0.0,3307.25,False,False,True
BBB,2013B,324236,Withdrawn,4481.0,138.0,22.0,83.0,782.0,0.0,1830.5,False,False,True
BBB,2013J,520002,Pass,4478.0,205.0,41.0,42.0,655.0,0.0,1574.5,False,False,True
BBB,2013J,2078479,Distinction,4478.0,186.0,41.0,42.0,655.0,0.0,1574.5,False,False,True
EEE,2014J,591523,Pass,4478.0,203.0,39.0,283.5,1877.25,0.0,4267.875,False,False,True
CCC,2014B,423879,Distinction,4477.0,89.0,31.0,88.75,1210.5,0.0,2893.125,False,False,True
DDD,2014J,650434,Distinction,4474.0,176.0,40.0,111.0,936.0,0.0,2173.5,False,False,True
CCC,2014B,170864,Distinction,4473.0,201.0,36.0,88.75,1210.5,0.0,2893.125,False,False,True
BBB,2014J,358204,Distinction,4467.0,220.0,39.0,51.0,1086.5,0.0,2639.75,False,False,True
CCC,2014J,618683,Distinction,4456.0,170.0,42.0,146.0,1371.0,0.0,3208.5,False,False,True
CCC,2014J,698359,Pass,4454.0,117.0,37.0,146.0,1371.0,0.0,3208.5,False,False,True
CCC,2014B,572854,Distinction,4449.0,102.0,37.0,88.75,1210.5,0.0,2893.125,False,False,True
CCC,2014J,647763,Pass,4448.0,93.0,34.0,146.0,1371.0,0.0,3208.5,False,False,True
BBB,2013B,479519,Fail,4446.0,220.0,37.0,83.0,782.0,0.0,1830.5,False,False,True
CCC,2014J,597052,Pass,4439.0,144.0,38.0,146.0,1371.0,0.0,3208.5,False,False,True
CCC,2014J,649105,Distinction,4438.0,177.0,42.0,146.0,1371.0,0.0,3208.5,False,False,True
DDD,2013J,2204293,Pass,4438.0,243.0,41.0,141.0,1218.5,0.0,2834.75,False,False,True
CCC,2014B,357176,Pass,4436.0,190.0,37.0,88.75,1210.5,0.0,2893.125,False,False,True
CCC,2014J,1738582,Distinction,4431.0,165.0,41.0,146.0,1371.0,0.0,3208.5,False,False,True
EEE,2014B,614245,Pass,4431.0,147.0,34.0,258.25,1732.75,0.0,3944.5,False,False,True
CCC,2014B,524128,Distinction,4430.0,138.0,37.0,88.75,1210.5,0.0,2893.125,False,False,True
BBB,2014B,631766,Pass,4429.0,201.0,35.0,18.0,561.0,0.0,1375.5,False,False,True
EEE,2014J,2281441,Pass,4426.0,156.0,38.0,283.5,1877.25,0.0,4267.875,False,False,True
CCC,2014B,559770,Pass,4421.0,180.0,38.0,88.75,1210.5,0.0,2893.125,False,False,True
CCC,2014J,472736,Pass,4420.0,151.0,40.0,146.0,1371.0,0.0,3208.5,False,False,True
CCC,2014J,551397,Pass,4418.0,167.0,39.0,146.0,1371.0,0.0,3208.5,False,False,True
CCC,2014J,465789,Pass,4416.0,173.0,40.0,146.0,1371.0,0.0,3208.5,False,False,True
DDD,2013J,80868,Pass,4409.0,200.0,40.0,141.0,1218.5,0.0,2834.75,False,False,True
AAA,2013J,175392,Pass,4407.0,197.0,41.0,555.0,2007.5,0.0,4186.25,False,False,True
CCC,2014B,269676,Pass,4406.0,134.0,36.0,88.75,1210.5,0.0,2893.125,False,False,True
DDD,2013B,550545,Pass,4403.0,184.0,37.0,198.5,1442.0,0.0,3307.25,False,False,True
EEE,2014J,650330,Distinction,4395.0,148.0,40.0,283.5,1877.25,0.0,4267.875,False,False,True
CCC,2014B,180976,Pass,4393.0,145.0,38.0,88.75,1210.5,0.0,2893.125,False,False,True
CCC,2014J,422670,Pass,4393.0,128.0,39.0,146.0,1371.0,0.0,3208.5,False,False,True
EEE,2014B,618606,Pass,4393.0,127.0,34.0,258.25,1732.75,0.0,3944.5,False,False,True
BBB,2013B,185349,Pass,4391.0,177.0,37.0,83.0,782.0,0.0,1830.5,False,False,True
BBB,2014J,695247,Distinction,4383.0,101.0,28.0,51.0,1086.5,0.0,2639.75,False,False,True
BBB,2013J,601504,Pass,4382.0,171.0,36.0,42.0,655.0,0.0,1574.5,False,False,True
CCC,2014B,605571,Pass,4381.0,188.0,38.0,88.75,1210.5,0.0,2893.125,False,False,True
CCC,2014B,1534494,Pass,4381.0,119.0,35.0,88.75,1210.5,0.0,2893.125,False,False,True
CCC,2014B,569080,Distinction,4380.0,128.0,36.0,88.75,1210.5,0.0,2893.125,False,False,True
DDD,2014B,2416501,Pass,4372.0,196.0,37.0,124.0,1086.25,0.0,2529.625,False,False,True
EEE,2014J,1334225,Distinction,4369.0,148.0,37.0,283.5,1877.25,0.0,4267.875,False,False,True
CCC,2014J,581247,Pass,4363.0,196.0,42.0,146.0,1371.0,0.0,3208.5,False,False,True
DDD,2013J,504234,Pass,4359.0,162.0,36.0,141.0,1218.5,0.0,2834.75,False,False,True
DDD,2013B,1906919,Fail,4348.0,173.0,36.0,198.5,1442.0,0.0,3307.25,False,False,True
CCC,2014J,633647,Pass,4339.0,103.0,35.0,146.0,1371.0,0.0,3208.5,False,False,True
DDD,2014B,2451003,Pass,4338.0,152.0,33.0,124.0,1086.25,0.0,2529.625,False,False,True
CCC,2014B,2433221,Pass,4336.0,136.0,37.0,88.75,1210.5,0.0,2893.125,False,False,True
CCC,2014J,626103,Pass,4332.0,206.0,42.0,146.0,1371.0,0.0,3208.5,False,False,True
DDD,2013B,543060,Pass,4331.0,240.0,38.0,198.5,1442.0,0.0,3307.25,False,False,True
DDD,2014J,626132,Pass,4331.0,216.0,41.0,111.0,936.0,0.0,2173.5,False,False,True
DDD,2013J,598860,Pass,4326.0,256.0,41.0,141.0,1218.5,0.0,2834.75,False,False,True
CCC,2014J,574928,Pass,4323.0,201.0,42.0,146.0,1371.0,0.0,3208.5,False,False,True
BBB,2014B,631515,Pass,4321.0,225.0,35.0,18.0,561.0,0.0,1375.5,False,False,True
DDD,2014J,510456,Distinction,4321.0,209.0,42.0,111.0,936.0,0.0,2173.5,False,False,True
BBB,2013J,566346,Distinction,4319.0,238.0,41.0,42.0,655.0,0.0,1574.5,False,False,True
BBB,2014J,586142,Distinction,4313.0,134.0,36.0,51.0,1086.5,0.0,2639.75,False,False,True
EEE,2014J,233685,Pass,4309.0,178.0,37.0,283.5,1877.25,0.0,4267.875,False,False,True
CCC,2014B,625838,Pass,4302.0,154.0,34.0,88.75,1210.5,0.0,2893.125,False,False,True
EEE,2014B,630900,Distinction,4299.0,132.0,36.0,258.25,1732.75,0.0,3944.5,False,False,True
EEE,2014J,1354095,Pass,4297.0,170.0,41.0,283.5,1877.25,0.0,4267.875,False,False,True
AAA,2013J,2555340,Pass,4291.0,171.0,39.0,555.0,2007.5,0.0,4186.25,False,False,True
CCC,2014J,293686,Pass,4290.0,188.0,40.0,146.0,1371.0,0.0,3208.5,False,False,True
CCC,2014B,75454,Pass,4283.0,129.0,34.0,88.75,1210.5,0.0,2893.125,False,False,True
BBB,2013B,519800,Pass,4278.0,125.0,35.0,83.0,782.0,0.0,1830.5,False,False,True
CCC,2014J,592494,Pass,4275.0,130.0,42.0,146.0,1371.0,0.0,3208.5,False,False,True
AAA,2013J,1894188,Pass,4271.0,120.0,35.0,555.0,2007.5,0.0,4186.25,False,False,True
DDD,2013J,388947,Pass,4270.0,226.0,41.0,141.0,1218.5,0.0,2834.75,False,False,True
DDD,2014J,654414,Pass,4268.0,245.0,41.0,111.0,936.0,0.0,2173.5,False,False,True
CCC,2014B,566310,Pass,4267.0,131.0,32.0,88.75,1210.5,0.0,2893.125,False,False,True
GGG,2014B,626159,Pass,4264.0,221.0,36.0,102.0,658.0,0.0,1492.0,False,False,True
DDD,2013B,540686,Pass,4253.0,197.0,36.0,198.5,1442.0,0.0,3307.25,False,False,True
DDD,2013B,1510198,Pass,4246.0,157.0,36.0,198.5,1442.0,0.0,3307.25,False,False,True
CCC,2014B,261615,Pass,4231.0,188.0,38.0,88.75,1210.5,0.0,2893.125,False,False,True
CCC,2014B,540686,Pass,4228.0,152.0,38.0,88.75,1210.5,0.0,2893.125,False,False,True
CCC,2014J,2458925,Fail,4227.0,170.0,40.0,146.0,1371.0,0.0,3208.5,False,False,True
BBB,2014B,1763653,Pass,4225.0,164.0,34.0,18.0,561.0,0.0,1375.5,False,False,True
CCC,2014B,579343,Pass,4223.0,143.0,36.0,88.75,1210.5,0.0,2893.125,False,False,True
DDD,2014B,2637219,Distinction,4214.0,244.0,38.0,124.0,1086.25,0.0,2529.625,False,False,True
BBB,2013B,545223,Withdrawn,4211.0,221.0,37.0,83.0,782.0,0.0,1830.5,False,False,True
DDD,2014B,2450600,Distinction,4209.0,182.0,38.0,124.0,1086.25,0.0,2529.625,False,False,True
BBB,2013J,531384,Pass,4208.0,205.0,40.0,42.0,655.0,0.0,1574.5,False,False,True
DDD,2013J,507285,Pass,4205.0,197.0,39.0,141.0,1218.5,0.0,2834.75,False,False,True
CCC,2014J,941282,Distinction,4201.0,116.0,37.0,146.0,1371.0,0.0,3208.5,False,False,True
CCC,2014J,657050,Distinction,4196.0,155.0,39.0,146.0,1371.0,0.0,3208.5,False,False,True
BBB,2014J,537194,Pass,4193.0,154.0,38.0,51.0,1086.5,0.0,2639.75,False,False,True
CCC,2014J,621884,Distinction,4179.0,177.0,41.0,146.0,1371.0,0.0,3208.5,False,False,True
CCC,2014B,594157,Pass,4177.0,141.0,36.0,88.75,1210.5,0.0,2893.125,False,False,True
CCC,2014B,585709,Pass,4175.0,183.0,38.0,88.75,1210.5,0.0,2893.125,False,False,True
CCC,2014J,680492,Pass,4173.0,145.0,39.0,146.0,1371.0,0.0,3208.5,False,False,True
DDD,2013J,1282596,Fail,4172.0,179.0,28.0,141.0,1218.5,0.0,2834.75,False,False,True
CCC,2014J,679733,Distinction,4160.0,154.0,38.0,146.0,1371.0,0.0,3208.5,False,False,True
EEE,2014B,2064873,Pass,4160.0,165.0,36.0,258.25,1732.75,0.0,3944.5,False,False,True
DDD,2013B,2133242,Withdrawn,4156.0,178.0,36.0,198.5,1442.0,0.0,3307.25,False,False,True
DDD,2013J,552747,Pass,4153.0,223.0,41.0,141.0,1218.5,0.0,2834.75,False,False,True
CCC,2014J,589565,Distinction,4148.0,145.0,41.0,146.0,1371.0,0.0,3208.5,False,False,True
DDD,2013B,532695,Fail,4144.0,200.0,37.0,198.5,1442.0,0.0,3307.25,False,False,True
BBB,2014B,609596,Distinction,4138.0,175.0,36.0,18.0,561.0,0.0,1375.5,False,False,True
EEE,2014B,478791,Pass,4133.0,175.0,37.0,258.25,1732.75,0.0,3944.5,False,False,True
DDD,2014J,1757548,Pass,4129.0,174.0,41.0,111.0,936.0,0.0,2173.5,False,False,True
BBB,2014B,2002415,Pass,4124.0,147.0,34.0,18.0,561.0,0.0,1375.5,False,False,True
DDD,2013B,2615892,Pass,4113.0,246.0,38.0,198.5,1442.0,0.0,3307.25,False,False,True
CCC,2014J,693938,Pass,4108.0,131.0,39.0,146.0,1371.0,0.0,3208.5,False,False,True
CCC,2014J,629405,Pass,4107.0,132.0,42.0,146.0,1371.0,0.0,3208.5,False,False,True
BBB,2013B,550921,Pass,4103.0,221.0,37.0,83.0,782.0,0.0,1830.5,False,False,True
BBB,2014B,628006,Pass,4103.0,142.0,35.0,18.0,561.0,0.0,1375.5,False,False,True
DDD,2014J,585773,Pass,4094.0,172.0,42.0,111.0,936.0,0.0,2173.5,False,False,True
DDD,2014J,557389,Pass,4088.0,215.0,40.0,111.0,936.0,0.0,2173.5,False,False,True
CCC,2014B,539328,Withdrawn,4087.0,149.0,31.0,88.75,1210.5,0.0,2893.125,False,False,True
BBB,2013J,517000,Distinction,4086.0,206.0,39.0,42.0,655.0,0.0,1574.5,False,False,True
CCC,2014B,539784,Pass,4076.0,114.0,37.0,88.75,1210.5,0.0,2893.125,False,False,True
DDD,2013B,435423,Pass,4075.0,233.0,38.0,198.5,1442.0,0.0,3307.25,False,False,True
CCC,2014J,586762,Pass,4071.0,133.0,33.0,146.0,1371.0,0.0,3208.5,False,False,True
DDD,2013B,546862,Pass,4066.0,218.0,37.0,198.5,1442.0,0.0,3307.25,False,False,True
DDD,2013J,586800,Distinction,4066.0,261.0,41.0,141.0,1218.5,0.0,2834.75,False,False,True
CCC,2014J,655353,Pass,4057.0,203.0,40.0,146.0,1371.0,0.0,3208.5,False,False,True
DDD,2014J,647215,Pass,4053.0,264.0,42.0,111.0,936.0,0.0,2173.5,False,False,True
DDD,2013J,2552672,Pass,4047.0,232.0,41.0,141.0,1218.5,0.0,2834.75,False,False,True
DDD,2014B,1939179,Fail,4046.0,184.0,36.0,124.0,1086.25,0.0,2529.625,False,False,True
CCC,2014J,586261,Pass,4040.0,134.0,38.0,146.0,1371.0,0.0,3208.5,False,False,True
BBB,2014B,626138,Pass,4032.0,202.0,36.0,18.0,561.0,0.0,1375.5,False,False,True
CCC,2014J,565605,Pass,4031.0,130.0,38.0,146.0,1371.0,0.0,3208.5,False,False,True
BBB,2013J,518258,Distinction,4028.0,170.0,38.0,42.0,655.0,0.0,1574.5,False,False,True
DDD,2013B,560114,Pass,4027.0,207.0,38.0,198.5,1442.0,0.0,3307.25,False,False,True
DDD,2013J,601857,Pass,4027.0,231.0,40.0,141.0,1218.5,0.0,2834.75,False,False,True
DDD,2014B,558029,Pass,4023.0,150.0,38.0,124.0,1086.25,0.0,2529.625,False,False,True
DDD,2014J,679854,Distinction,4021.0,179.0,40.0,111.0,936.0,0.0,2173.5,False,False,True
DDD,2014J,508859,Pass,4014.0,207.0,40.0,111.0,936.0,0.0,2173.5,False,False,True
DDD,2013J,513853,Pass,4007.0,222.0,41.0,141.0,1218.5,0.0,2834.75,False,False,True
CCC,2014J,644974,Pass,4006.0,218.0,42.0,146.0,1371.0,0.0,3208.5,False,False,True
DDD,2014J,569737,Pass,4004.0,233.0,42.0,111.0,936.0,0.0,2173.5,False,False,True
CCC,2014J,682961,Distinction,4002.0,120.0,40.0,146.0,1371.0,0.0,3208.5,False,False,True
DDD,2013B,418490,Pass,3998.0,180.0,38.0,198.5,1442.0,0.0,3307.25,False,False,True
CCC,2014J,613806,Distinction,3996.0,182.0,38.0,146.0,1371.0,0.0,3208.5,False,False,True
DDD,2013J,576413,Distinction,3990.0,236.0,41.0,141.0,1218.5,0.0,2834.75,False,False,True
DDD,2013J,588132,Pass,3987.0,244.0,41.0,141.0,1218.5,0.0,2834.75,False,False,True
DDD,2014J,654807,Distinction,3984.0,171.0,39.0,111.0,936.0,0.0,2173.5,False,False,True
BBB,2014B,2534954,Pass,3982.0,190.0,35.0,18.0,561.0,0.0,1375.5,False,False,True
BBB,2013B,2249372,Pass,3976.0,165.0,37.0,83.0,782.0,0.0,1830.5,False,False,True
CCC,2014B,2056643,Distinction,3963.0,107.0,33.0,88.75,1210.5,0.0,2893.125,False,False,True
BBB,2013B,353093,Pass,3959.0,178.0,35.0,83.0,782.0,0.0,1830.5,False,False,True
CCC,2014J,2396985,Fail,3953.0,136.0,42.0,146.0,1371.0,0.0,3208.5,False,False,True
DDD,2014J,693606,Pass,3953.0,235.0,42.0,111.0,936.0,0.0,2173.5,False,False,True
CCC,2014J,634365,Distinction,3952.0,243.0,42.0,146.0,1371.0,0.0,3208.5,False,False,True
CCC,2014J,943374,Fail,3948.0,87.0,30.0,146.0,1371.0,0.0,3208.5,False,False,True
CCC,2014B,625745,Pass,3941.0,172.0,36.0,88.75,1210.5,0.0,2893.125,False,False,True
BBB,2014J,520076,Pass,3940.0,102.0,32.0,51.0,1086.5,0.0,2639.75,False,False,True
BBB,2013J,105883,Pass,3936.0,168.0,38.0,42.0,655.0,0.0,1574.5,False,False,True
CCC,2014J,568691,Distinction,3934.0,126.0,37.0,146.0,1371.0,0.0,3208.5,False,False,True
DDD,2013J,553301,Pass,3934.0,153.0,36.0,141.0,1218.5,0.0,2834.75,False,False,True
BBB,2014J,2520290,Pass,3930.0,143.0,39.0,51.0,1086.5,0.0,2639.75,False,False,True
CCC,2014B,319042,Fail,3916.0,140.0,32.0,88.75,1210.5,0.0,2893.125,False,False,True
CCC,2014J,677641,Distinction,3915.0,208.0,41.0,146.0,1371.0,0.0,3208.5,False,False,True
DDD,2013J,595495,Pass,3912.0,180.0,40.0,141.0,1218.5,0.0,2834.75,False,False,True
DDD,2013B,539328,Pass,3909.0,205.0,37.0,198.5,1442.0,0.0,3307.25,False,False,True
BBB,2013B,498065,Pass,3903.0,186.0,37.0,83.0,782.0,0.0,1830.5,False,False,True
DDD,2014B,623073,Pass,3903.0,192.0,36.0,124.0,1086.25,0.0,2529.625,False,False,True
DDD,2014J,602029,Pass,3902.0,119.0,39.0,111.0,936.0,0.0,2173.5,False,False,True
CCC,2014J,591083,Fail,3895.0,77.0,34.0,146.0,1371.0,0.0,3208.5,False,False,True
CCC,2014B,585397,Pass,3893.0,126.0,33.0,88.75,1210.5,0.0,2893.125,False,False,True
DDD,2013B,540848,Pass,3890.0,152.0,36.0,198.5,1442.0,0.0,3307.25,False,False,True
DDD,2014J,648428,Pass,3885.0,249.0,41.0,111.0,936.0,0.0,2173.5,False,False,True
CCC,2014B,552441,Distinction,3881.0,186.0,37.0,88.75,1210.5,0.0,2893.125,False,False,True
GGG,2014B,447475,Distinction,3879.0,180.0,37.0,102.0,658.0,0.0,1492.0,False,False,True
CCC,2014B,600632,Distinction,3877.0,160.0,37.0,88.75,1210.5,0.0,2893.125,False,False,True
CCC,2014J,433794,Pass,3863.0,168.0,39.0,146.0,1371.0,0.0,3208.5,False,False,True
CCC,2014J,654915,Distinction,3863.0,98.0,36.0,146.0,1371.0,0.0,3208.5,False,False,True
CCC,2014J,685514,Pass,3854.0,71.0,28.0,146.0,1371.0,0.0,3208.5,False,False,True
DDD,2013B,234740,Pass,3853.0,199.0,37.0,198.5,1442.0,0.0,3307.25,False,False,True
CCC,2014B,1876636,Distinction,3852.0,120.0,34.0,88.75,1210.5,0.0,2893.125,False,False,True
DDD,2014J,600033,Pass,3852.0,194.0,40.0,111.0,936.0,0.0,2173.5,False,False,True
CCC,2014J,644246,Distinction,3849.0,152.0,40.0,146.0,1371.0,0.0,3208.5,False,False,True
CCC,2014J,602683,Distinction,3847.0,119.0,39.0,146.0,1371.0,0.0,3208.5,False,False,True
CCC,2014J,2598961,Distinction,3843.0,178.0,38.0,146.0,1371.0,0.0,3208.5,False,False,True
DDD,2014B,625218,Distinction,3835.0,219.0,37.0,124.0,1086.25,0.0,2529.625,False,False,True
DDD,2013J,440003,Pass,3824.0,214.0,40.0,141.0,1218.5,0.0,2834.75,False,False,True
CCC,2014J,569944,Distinction,3819.0,225.0,39.0,146.0,1371.0,0.0,3208.5,False,False,True
CCC,2014J,697567,Distinction,3818.0,178.0,40.0,146.0,1371.0,0.0,3208.5,False,False,True
DDD,2013J,581922,Pass,3817.0,210.0,38.0,141.0,1218.5,0.0,2834.75,False,False,True
DDD,2014J,690733,Distinction,3817.0,174.0,40.0,111.0,936.0,0.0,2173.5,False,False,True
DDD,2013B,160005,Pass,3815.0,197.0,38.0,198.5,1442.0,0.0,3307.25,False,False,True
CCC,2014J,631491,Distinction,3813.0,159.0,41.0,146.0,1371.0,0.0,3208.5,False,False,True
GGG,2013J,578940,Pass,3810.0,143.0,37.0,160.5,696.0,0.0,1499.25,False,False,True
DDD,2013J,605540,Distinction,3806.0,276.0,41.0,141.0,1218.5,0.0,2834.75,False,False,True
BBB,2014J,493460,Pass,3804.0,89.0,35.0,51.0,1086.5,0.0,2639.75,False,False,True
CCC,2014B,587906,Pass,3804.0,175.0,37.0,88.75,1210.5,0.0,2893.125,False,False,True
DDD,2014J,679525,Pass,3804.0,212.0,40.0,111.0,936.0,0.0,2173.5,False,False,True
CCC,2014B,622386,Fail,3803.0,132.0,34.0,88.75,1210.5,0.0,2893.125,False,False,True
CCC,2014B,1753458,Distinction,3800.0,102.0,35.0,88.75,1210.5,0.0,2893.125,False,False,True
BBB,2013J,596451,Pass,3797.0,170.0,39.0,42.0,655.0,0.0,1574.5,False,False,True
DDD,2013B,191972,Pass,3797.0,228.0,38.0,198.5,1442.0,0.0,3307.25,False,False,True
CCC,2014J,627471,Pass,3786.0,102.0,36.0,146.0,1371.0,0.0,3208.5,False,False,True
CCC,2014B,575824,Pass,3782.0,136.0,37.0,88.75,1210.5,0.0,2893.125,False,False,True
DDD,2013B,426871,Pass,3777.0,196.0,38.0,198.5,1442.0,0.0,3307.25,False,False,True
DDD,2014B,614074,Pass,3774.0,173.0,37.0,124.0,1086.25,0.0,2529.625,False,False,True
DDD,2013J,605266,Pass,3772.0,159.0,39.0,141.0,1218.5,0.0,2834.75,False,False,True
DDD,2014B,598102,Pass,3770.0,164.0,37.0,124.0,1086.25,0.0,2529.625,False,False,True
DDD,2013B,246652,Pass,3765.0,177.0,36.0,198.5,1442.0,0.0,3307.25,False,False,True
BBB,2014B,602991,Pass,3756.0,153.0,34.0,18.0,561.0,0.0,1375.5,False,False,True
CCC,2014J,643403,Distinction,3753.0,150.0,38.0,146.0,1371.0,0.0,3208.5,False,False,True
CCC,2014B,388538,Pass,3749.0,123.0,36.0,88.75,1210.5,0.0,2893.125,False,False,True
CCC,2014J,638771,Pass,3749.0,191.0,38.0,146.0,1371.0,0.0,3208.5,False,False,True
DDD,2013J,602783,Pass,3749.0,222.0,40.0,141.0,1218.5,0.0,2834.75,False,False,True
CCC,2014J,356523,Fail,3748.0,105.0,35.0,146.0,1371.0,0.0,3208.5,False,False,True
BBB,2014J,275180,Pass,3741.0,146.0,37.0,51.0,1086.5,0.0,2639.75,False,False,True
CCC,2014B,536170,Distinction,3740.0,180.0,36.0,88.75,1210.5,0.0,2893.125,False,False,True
DDD,2014J,605759,Pass,3739.0,233.0,41.0,111.0,936.0,0.0,2173.5,False,False,True
DDD,2014J,234552,Pass,3733.0,224.0,41.0,111.0,936.0,0.0,2173.5,False,False,True
GGG,2014B,31107,Pass,3730.0,209.0,37.0,102.0,658.0,0.0,1492.0,False,False,True
BBB,2013J,2625315,Fail,3727.0,47.0,14.0,42.0,655.0,0.0,1574.5,False,False,True
BBB,2014J,692609,Distinction,3727.0,144.0,36.0,51.0,1086.5,0.0,2639.75,False,False,True
CCC,2014J,553599,Distinction,3726.0,101.0,37.0,146.0,1371.0,0.0,3208.5,False,False,True
CCC,2014B,554205,Fail,3723.0,183.0,38.0,88.75,1210.5,0.0,2893.125,False,False,True
CCC,2014J,648854,Pass,3722.0,197.0,39.0,146.0,1371.0,0.0,3208.5,False,False,True
CCC,2014B,509183,Distinction,3719.0,144.0,37.0,88.75,1210.5,0.0,2893.125,False,False,True
GGG,2014B,620808,Distinction,3719.0,193.0,36.0,102.0,658.0,0.0,1492.0,False,False,True
CCC,2014J,2552412,Fail,3718.0,127.0,38.0,146.0,1371.0,0.0,3208.5,False,False,True
CCC,2014J,630430,Pass,3716.0,205.0,41.0,146.0,1371.0,0.0,3208.5,False,False,True
BBB,2013B,401339,Pass,3713.0,218.0,37.0,83.0,782.0,0.0,1830.5,False,False,True
CCC,2014J,557700,Pass,3712.0,141.0,39.0,146.0,1371.0,0.0,3208.5,False,False,True
CCC,2014J,607812,Pass,3709.0,165.0,39.0,146.0,1371.0,0.0,3208.5,False,False,True
DDD,2013J,442590,Fail,3704.0,214.0,41.0,141.0,1218.5,0.0,2834.75,False,False,True
BBB,2013B,537572,Pass,3701.0,190.0,37.0,83.0,782.0,0.0,1830.5,False,False,True
CCC,2014J,588765,Pass,3700.0,118.0,37.0,146.0,1371.0,0.0,3208.5,False,False,True
CCC,2014J,1501614,Pass,3700.0,231.0,42.0,146.0,1371.0,0.0,3208.5,False,False,True
DDD,2013B,410886,Pass,3695.0,206.0,37.0,198.5,1442.0,0.0,3307.25,False,False,True
DDD,2013J,1756165,Pass,3693.0,178.0,41.0,141.0,1218.5,0.0,2834.75,False,False,True
DDD,2014J,2025354,Distinction,3691.0,186.0,39.0,111.0,936.0,0.0,2173.5,False,False,True
BBB,2013J,2455066,Pass,3690.0,113.0,32.0,42.0,655.0,0.0,1574.5,False,False,True
DDD,2014J,640975,Pass,3690.0,190.0,42.0,111.0,936.0,0.0,2173.5,False,False,True
DDD,2013B,2624720,Fail,3688.0,117.0,31.0,198.5,1442.0,0.0,3307.25,False,False,True
BBB,2014J,690469,Pass,3682.0,155.0,38.0,51.0,1086.5,0.0,2639.75,False,False,True
BBB,2014B,334565,Distinction,3676.0,210.0,35.0,18.0,561.0,0.0,1375.5,False,False,True
CCC,2014J,654031,Pass,3673.0,78.0,29.0,146.0,1371.0,0.0,3208.5,False,False,True
DDD,2013B,2406709,Distinction,3673.0,178.0,38.0,198.5,1442.0,0.0,3307.25,False,False,True
CCC,2014J,498459,Distinction,3666.0,118.0,37.0,146.0,1371.0,0.0,3208.5,False,False,True
CCC,2014B,631044,Pass,3663.0,198.0,38.0,88.75,1210.5,0.0,2893.125,False,False,True
DDD,2013B,381646,Pass,3662.0,184.0,36.0,198.5,1442.0,0.0,3307.25,False,False,True
CCC,2014J,2013403,Pass,3660.0,120.0,37.0,146.0,1371.0,0.0,3208.5,False,False,True
CCC,2014J,275711,Fail,3657.0,99.0,37.0,146.0,1371.0,0.0,3208.5,False,False,True
DDD,2013B,2377623,Pass,3653.0,146.0,35.0,198.5,1442.0,0.0,3307.25,False,False,True
DDD,2014B,623815,Pass,3652.0,185.0,37.0,124.0,1086.25,0.0,2529.625,False,False,True
BBB,2014B,632447,Withdrawn,3646.0,97.0,17.0,18.0,561.0,0.0,1375.5,False,False,True
BBB,2014J,1732956,Pass,3644.0,154.0,37.0,51.0,1086.5,0.0,2639.75,False,False,True
DDD,2013B,554995,Pass,3643.0,167.0,38.0,198.5,1442.0,0.0,3307.25,False,False,True
DDD,2014J,643126,Pass,3634.0,184.0,41.0,111.0,936.0,0.0,2173.5,False,False,True
CCC,2014J,503779,Distinction,3630.0,212.0,41.0,146.0,1371.0,0.0,3208.5,False,False,True
DDD,2014J,623968,Pass,3630.0,130.0,40.0,111.0,936.0,0.0,2173.5,False,False,True
DDD,2014J,285481,Pass,3627.0,181.0,41.0,111.0,936.0,0.0,2173.5,False,False,True
CCC,2014J,642591,Pass,3618.0,205.0,42.0,146.0,1371.0,0.0,3208.5,False,False,True
CCC,2014J,586594,Pass,3612.0,202.0,41.0,146.0,1371.0,0.0,3208.5,False,False,True
CCC,2014B,615437,Pass,3611.0,133.0,37.0,88.75,1210.5,0.0,2893.125,False,False,True
DDD,2014J,648920,Pass,3609.0,150.0,40.0,111.0,936.0,0.0,2173.5,False,False,True
DDD,2013B,524160,Pass,3607.0,220.0,36.0,198.5,1442.0,0.0,3307.25,False,False,True
DDD,2013J,2522932,Fail,3607.0,190.0,39.0,141.0,1218.5,0.0,2834.75,False,False,True
BBB,2013B,363660,Distinction,3606.0,184.0,37.0,83.0,782.0,0.0,1830.5,False,False,True
CCC,2014J,1671022,Distinction,3604.0,201.0,40.0,146.0,1371.0,0.0,3208.5,False,False,True
CCC,2014J,624789,Pass,3602.0,143.0,40.0,146.0,1371.0,0.0,3208.5,False,False,True
BBB,2013B,2483179,Distinction,3600.0,124.0,34.0,83.0,782.0,0.0,1830.5,False,False,True
CCC,2014B,251385,Distinction,3595.0,119.0,37.0,88.75,1210.5,0.0,2893.125,False,False,True
DDD,2014J,397894,Withdrawn,3594.0,184.0,34.0,111.0,936.0,0.0,2173.5,False,False,True
BBB,2013J,611531,Pass,3591.0,182.0,39.0,42.0,655.0,0.0,1574.5,False,False,True
DDD,2013J,591193,Pass,3590.0,205.0,41.0,141.0,1218.5,0.0,2834.75,False,False,True
BBB,2013B,2302925,Withdrawn,3588.0,81.0,16.0,83.0,782.0,0.0,1830.5,False,False,True
DDD,2014J,446730,Pass,3581.0,142.0,37.0,111.0,936.0,0.0,2173.5,False,False,True
GGG,2013J,2248789,Fail,3576.0,120.0,34.0,160.5,696.0,0.0,1499.25,False,False,True
CCC,2014B,634241,Pass,3569.0,99.0,29.0,88.75,1210.5,0.0,2893.125,False,False,True
CCC,2014B,291805,Pass,3568.0,49.0,22.0,88.75,1210.5,0.0,2893.125,False,False,True
CCC,2014B,617355,Pass,3564.0,175.0,37.0,88.75,1210.5,0.0,2893.125,False,False,True
CCC,2014J,557650,Pass,3558.0,98.0,39.0,146.0,1371.0,0.0,3208.5,False,False,True
CCC,2014J,1592048,Distinction,3558.0,177.0,41.0,146.0,1371.0,0.0,3208.5,False,False,True
CCC,2014J,2257740,Pass,3558.0,120.0,31.0,146.0,1371.0,0.0,3208.5,False,False,True
BBB,2013B,546407,Pass,3557.0,111.0,35.0,83.0,782.0,0.0,1830.5,False,False,True
DDD,2013B,398199,Fail,3557.0,165.0,34.0,198.5,1442.0,0.0,3307.25,False,False,True
BBB,2013J,613177,Pass,3553.0,168.0,39.0,42.0,655.0,0.0,1574.5,False,False,True
BBB,2013J,80717,Distinction,3545.0,197.0,41.0,42.0,655.0,0.0,1574.5,False,False,True
BBB,2014J,387773,Distinction,3541.0,126.0,37.0,51.0,1086.5,0.0,2639.75,False,False,True
CCC,2014J,632709,Pass,3536.0,115.0,35.0,146.0,1371.0,0.0,3208.5,False,False,True
DDD,2014J,477354,Pass,3536.0,150.0,35.0,111.0,936.0,0.0,2173.5,False,False,True
DDD,2013J,74502,Pass,3535.0,207.0,39.0,141.0,1218.5,0.0,2834.75,False,False,True
DDD,2014J,633295,Fail,3535.0,139.0,30.0,111.0,936.0,0.0,2173.5,False,False,True
CCC,2014B,374028,Distinction,3534.0,160.0,38.0,88.75,1210.5,0.0,2893.125,False,False,True
CCC,2014B,478550,Fail,3532.0,131.0,32.0,88.75,1210.5,0.0,2893.125,False,False,True
DDD,2014B,610931,Distinction,3531.0,198.0,37.0,124.0,1086.25,0.0,2529.625,False,False,True
CCC,2014B,622773,Pass,3528.0,127.0,35.0,88.75,1210.5,0.0,2893.125,False,False,True
CCC,2014B,593823,Distinction,3527.0,231.0,38.0,88.75,1210.5,0.0,2893.125,False,False,True
BBB,2014B,623055,Pass,3526.0,154.0,36.0,18.0,561.0,0.0,1375.5,False,False,True
GGG,2014B,616851,Pass,3525.0,188.0,37.0,102.0,658.0,0.0,1492.0,False,False,True
BBB,2014J,391937,Pass,3524.0,132.0,39.0,51.0,1086.5,0.0,2639.75,False,False,True
DDD,2014J,576515,Pass,3521.0,180.0,41.0,111.0,936.0,0.0,2173.5,False,False,True
DDD,2013J,517093,Distinction,3518.0,225.0,38.0,141.0,1218.5,0.0,2834.75,False,False,True
BBB,2013B,555673,Fail,3515.0,92.0,31.0,83.0,782.0,0.0,1830.5,False,False,True
DDD,2013B,476964,Distinction,3515.0,208.0,38.0,198.5,1442.0,0.0,3307.25,False,False,True
BBB,2013B,550429,Fail,3508.0,110.0,28.0,83.0,782.0,0.0,1830.5,False,False,True
BBB,2013J,600684,Distinction,3508.0,228.0,40.0,42.0,655.0,0.0,1574.5,False,False,True
CCC,2014B,244977,Pass,3502.0,110.0,31.0,88.75,1210.5,0.0,2893.125,False,False,True
CCC,2014B,397506,Pass,3500.0,185.0,37.0,88.75,1210.5,0.0,2893.125,False,False,True
BBB,2014B,594061,Distinction,3494.0,157.0,35.0,18.0,561.0,0.0,1375.5,False,False,True
DDD,2013J,1687996,Withdrawn,3493.0,112.0,27.0,141.0,1218.5,0.0,2834.75,False,False,True
BBB,2013B,74695,Distinction,3489.0,122.0,34.0,83.0,782.0,0.0,1830.5,False,False,True
CCC,2014J,686515,Distinction,3487.0,220.0,41.0,146.0,1371.0,0.0,3208.5,False,False,True
BBB,2013J,583433,Pass,3484.0,142.0,39.0,42.0,655.0,0.0,1574.5,False,False,True
CCC,2014J,676503,Distinction,3483.0,118.0,41.0,146.0,1371.0,0.0,3208.5,False,False,True
DDD,2013B,535831,Pass,3483.0,186.0,38.0,198.5,1442.0,0.0,3307.25,False,False,True
CCC,2014B,2607849,Distinction,3482.0,178.0,38.0,88.75,1210.5,0.0,2893.125,False,False,True
BBB,2013B,2617596,Distinction,3481.0,161.0,35.0,83.0,782.0,0.0,1830.5,False,False,True
DDD,2013B,551375,Pass,3477.0,148.0,36.0,198.5,1442.0,0.0,3307.25,False,False,True
BBB,2013B,539365,Pass,3476.0,203.0,37.0,83.0,782.0,0.0,1830.5,False,False,True
DDD,2013B,518349,Pass,3475.0,133.0,35.0,198.5,1442.0,0.0,3307.25,False,False,True
DDD,2013B,513854,Pass,3472.0,219.0,38.0,198.5,1442.0,0.0,3307.25,False,False,True
DDD,2014B,189178,Fail,3472.0,145.0,34.0,124.0,1086.25,0.0,2529.625,False,False,True
CCC,2014B,633112,Distinction,3471.0,113.0,37.0,88.75,1210.5,0.0,2893.125,False,False,True
BBB,2014J,520972,Pass,3470.0,79.0,33.0,51.0,1086.5,0.0,2639.75,False,False,True
BBB,2014B,604962,Pass,3464.0,153.0,35.0,18.0,561.0,0.0,1375.5,False,False,True
CCC,2014B,548386,Distinction,3459.0,74.0,29.0,88.75,1210.5,0.0,2893.125,False,False,True
DDD,2014B,625035,Distinction,3452.0,195.0,38.0,124.0,1086.25,0.0,2529.625,False,False,True
BBB,2013B,539418,Distinction,3451.0,189.0,35.0,83.0,782.0,0.0,1830.5,False,False,True
BBB,2013J,509607,Distinction,3445.0,201.0,41.0,42.0,655.0,0.0,1574.5,False,False,True
BBB,2013B,543970,Fail,3444.0,111.0,21.0,83.0,782.0,0.0,1830.5,False,False,True
BBB,2013B,447759,Pass,3437.0,144.0,33.0,83.0,782.0,0.0,1830.5,False,False,True
BBB,2013B,544455,Pass,3429.0,179.0,36.0,83.0,782.0,0.0,1830.5,False,False,True
CCC,2014J,651759,Distinction,3428.0,178.0,41.0,146.0,1371.0,0.0,3208.5,False,False,True
BBB,2013B,478317,Withdrawn,3415.0,160.0,33.0,83.0,782.0,0.0,1830.5,False,False,True
DDD,2014B,630596,Distinction,3413.0,163.0,36.0,124.0,1086.25,0.0,2529.625,False,False,True
DDD,2013J,520891,Pass,3412.0,188.0,39.0,141.0,1218.5,0.0,2834.75,False,False,True
DDD,2013J,580415,Distinction,3411.0,234.0,41.0,141.0,1218.5,0.0,2834.75,False,False,True
CCC,2014J,1936285,Distinction,3408.0,179.0,38.0,146.0,1371.0,0.0,3208.5,False,False,True
CCC,2014B,469761,Distinction,3403.0,94.0,36.0,88.75,1210.5,0.0,2893.125,False,False,True
DDD,2013B,543340,Pass,3403.0,216.0,36.0,198.5,1442.0,0.0,3307.25,False,False,True
CCC,2014J,675396,Fail,3400.0,111.0,34.0,146.0,1371.0,0.0,3208.5,False,False,True
CCC,2014J,684669,Pass,3397.0,148.0,41.0,146.0,1371.0,0.0,3208.5,False,False,True
CCC,2014B,632554,Distinction,3390.0,147.0,37.0,88.75,1210.5,0.0,2893.125,False,False,True
CCC,2014J,472762,Distinction,3390.0,161.0,42.0,146.0,1371.0,0.0,3208.5,False,False,True
DDD,2013J,590443,Pass,3388.0,186.0,38.0,141.0,1218.5,0.0,2834.75,False,False,True
CCC,2014J,559863,Distinction,3386.0,144.0,40.0,146.0,1371.0,0.0,3208.5,False,False,True
DDD,2013J,2284294,Distinction,3385.0,208.0,41.0,141.0,1218.5,0.0,2834.75,False,False,True
DDD,2013J,578943,Pass,3383.0,226.0,41.0,141.0,1218.5,0.0,2834.75,False,False,True
DDD,2014J,322137,Pass,3377.0,194.0,42.0,111.0,936.0,0.0,2173.5,False,False,True
BBB,2013B,2034350,Withdrawn,3373.0,49.0,9.0,83.0,782.0,0.0,1830.5,False,False,True
CCC,2014B,2545113,Pass,3373.0,149.0,36.0,88.75,1210.5,0.0,2893.125,False,False,True
CCC,2014B,46605,Distinction,3372.0,208.0,38.0,88.75,1210.5,0.0,2893.125,False,False,True
BBB,2014J,698369,Distinction,3363.0,121.0,38.0,51.0,1086.5,0.0,2639.75,False,False,True
BBB,2013B,510556,Pass,3361.0,115.0,35.0,83.0,782.0,0.0,1830.5,False,False,True
CCC,2014J,595514,Pass,3355.0,124.0,37.0,146.0,1371.0,0.0,3208.5,False,False,True
BBB,2014J,2346145,Pass,3354.0,73.0,32.0,51.0,1086.5,0.0,2639.75,False,False,True
BBB,2013J,619941,Pass,3351.0,87.0,36.0,42.0,655.0,0.0,1574.5,False,False,True
CCC,2014J,502766,Distinction,3349.0,84.0,35.0,146.0,1371.0,0.0,3208.5,False,False,True
DDD,2013B,365782,Distinction,3349.0,230.0,38.0,198.5,1442.0,0.0,3307.25,False,False,True
CCC,2014J,501146,Fail,3344.0,128.0,35.0,146.0,1371.0,0.0,3208.5,False,False,True
DDD,2013B,525749,Distinction,3344.0,237.0,37.0,198.5,1442.0,0.0,3307.25,False,False,True
CCC,2014J,586750,Fail,3343.0,163.0,40.0,146.0,1371.0,0.0,3208.5,False,False,True
CCC,2014J,478513,Pass,3340.0,119.0,38.0,146.0,1371.0,0.0,3208.5,False,False,True
CCC,2014B,556584,Pass,3336.0,99.0,31.0,88.75,1210.5,0.0,2893.125,False,False,True
BBB,2013B,497793,Pass,3335.0,175.0,37.0,83.0,782.0,0.0,1830.5,False,False,True
CCC,2014J,348855,Pass,3333.0,139.0,38.0,146.0,1371.0,0.0,3208.5,False,False,True
BBB,2013B,2205383,Fail,3330.0,184.0,34.0,83.0,782.0,0.0,1830.5,False,False,True
DDD,2014B,118479,Pass,3329.0,147.0,37.0,124.0,1086.25,0.0,2529.625,False,False,True
BBB,2014J,2634319,Distinction,3328.0,109.0,36.0,51.0,1086.5,0.0,2639.75,False,False,True
DDD,2014B,1612600,Pass,3328.0,233.0,38.0,124.0,1086.25,0.0,2529.625,False,False,True
DDD,2013B,532565,Pass,3325.0,198.0,37.0,198.5,1442.0,0.0,3307.25,False,False,True
DDD,2013J,579105,Distinction,3325.0,218.0,39.0,141.0,1218.5,0.0,2834.75,False,False,True
DDD,2013J,571921,Distinction,3324.0,176.0,38.0,141.0,1218.5,0.0,2834.75,False,False,True
CCC,2014J,592731,Withdrawn,3323.0,113.0,23.0,146.0,1371.0,0.0,3208.5,False,False,True
CCC,2014J,545704,Pass,3321.0,135.0,39.0,146.0,1371.0,0.0,3208.5,False,False,True
CCC,2014J,621605,Pass,3321.0,138.0,40.0,146.0,1371.0,0.0,3208.5,False,False,True
DDD,2013J,598516,Pass,3321.0,201.0,41.0,141.0,1218.5,0.0,2834.75,False,False,True
CCC,2014J,508637,Distinction,3309.0,170.0,41.0,146.0,1371.0,0.0,3208.5,False,False,True
DDD,2013B,957467,Pass,3309.0,203.0,37.0,198.5,1442.0,0.0,3307.25,False,False,True
DDD,2013J,2446109,Pass,3308.0,194.0,40.0,141.0,1218.5,0.0,2834.75,False,False,True
CCC,2014J,579614,Pass,3307.0,104.0,36.0,146.0,1371.0,0.0,3208.5,False,False,True
DDD,2013J,1522631,Fail,3300.0,205.0,41.0,141.0,1218.5,0.0,2834.75,False,False,True
CCC,2014B,633857,Distinction,3297.0,143.0,34.0,88.75,1210.5,0.0,2893.125,False,False,True
DDD,2014J,605876,Pass,3297.0,185.0,41.0,111.0,936.0,0.0,2173.5,False,False,True
BBB,2013B,550400,Fail,3290.0,95.0,33.0,83.0,782.0,0.0,1830.5,False,False,True
CCC,2014J,693058,Distinction,3290.0,130.0,37.0,146.0,1371.0,0.0,3208.5,False,False,True
CCC,2014J,477099,Pass,3289.0,157.0,35.0,146.0,1371.0,0.0,3208.5,False,False,True
CCC,2014B,615229,Pass,3288.0,98.0,30.0,88.75,1210.5,0.0,2893.125,False,False,True
CCC,2014B,521614,Distinction,3287.0,201.0,38.0,88.75,1210.5,0.0,2893.125,False,False,True
CCC,2014B,485604,Distinction,3286.0,150.0,38.0,88.75,1210.5,0.0,2893.125,False,False,True
CCC,2014J,411549,Pass,3284.0,111.0,35.0,146.0,1371.0,0.0,3208.5,False,False,True
CCC,2014J,63371,Pass,3275.0,145.0,39.0,146.0,1371.0,0.0,3208.5,False,False,True
CCC,2014J,517416,Distinction,3275.0,89.0,32.0,146.0,1371.0,0.0,3208.5,False,False,True
BBB,2014J,682343,Pass,3273.0,220.0,39.0,51.0,1086.5,0.0,2639.75,False,False,True
BBB,2014J,692502,Pass,3263.0,132.0,37.0,51.0,1086.5,0.0,2639.75,False,False,True
DDD,2013J,527574,Pass,3263.0,187.0,38.0,141.0,1218.5,0.0,2834.75,False,False,True
GGG,2014J,645801,Pass,3263.0,178.0,38.0,114.0,715.0,0.0,1616.5,False,False,True
CCC,2014J,636000,Pass,3253.0,124.0,37.0,146.0,1371.0,0.0,3208.5,False,False,True
BBB,2014J,675159,Pass,3249.0,131.0,34.0,51.0,1086.5,0.0,2639.75,False,False,True
CCC,2014J,368436,Pass,3249.0,175.0,39.0,146.0,1371.0,0.0,3208.5,False,False,True
DDD,2014B,64450,Pass,3246.0,153.0,37.0,124.0,1086.25,0.0,2529.625,False,False,True
CCC,2014J,80329,Pass,3240.0,99.0,35.0,146.0,1371.0,0.0,3208.5,False,False,True
BBB,2013B,476596,Pass,3239.0,74.0,32.0,83.0,782.0,0.0,1830.5,False,False,True
BBB,2014J,628991,Pass,3235.0,120.0,35.0,51.0,1086.5,0.0,2639.75,False,False,True
BBB,2013B,551715,Pass,3232.0,161.0,36.0,83.0,782.0,0.0,1830.5,False,False,True
BBB,2013B,513093,Pass,3229.0,119.0,34.0,83.0,782.0,0.0,1830.5,False,False,True
CCC,2014B,576780,Distinction,3229.0,106.0,35.0,88.75,1210.5,0.0,2893.125,False,False,True
DDD,2014B,612136,Pass,3228.0,177.0,35.0,124.0,1086.25,0.0,2529.625,False,False,True
BBB,2014J,569589,Pass,3227.0,125.0,35.0,51.0,1086.5,0.0,2639.75,False,False,True
CCC,2014J,1501577,Distinction,3223.0,93.0,36.0,146.0,1371.0,0.0,3208.5,False,False,True
BBB,2014B,2502127,Distinction,3213.0,103.0,32.0,18.0,561.0,0.0,1375.5,False,False,True
DDD,2013J,601293,Pass,3212.0,195.0,40.0,141.0,1218.5,0.0,2834.75,False,False,True
BBB,2014J,685842,Pass,3209.0,174.0,39.0,51.0,1086.5,0.0,2639.75,False,False,True
BBB,2013B,537488,Pass,3204.0,135.0,36.0,83.0,782.0,0.0,1830.5,False,False,True
BBB,2014J,690902,Pass,3202.0,111.0,37.0,51.0,1086.5,0.0,2639.75,False,False,True
BBB,2013J,2078768,Pass,3200.0,151.0,36.0,42.0,655.0,0.0,1574.5,False,False,True
DDD,2013J,2569416,Distinction,3197.0,178.0,37.0,141.0,1218.5,0.0,2834.75,False,False,True
CCC,2014B,614844,Distinction,3195.0,121.0,35.0,88.75,1210.5,0.0,2893.125,False,False,True
CCC,2014B,584191,Pass,3192.0,118.0,33.0,88.75,1210.5,0.0,2893.125,False,False,True
DDD,2014J,590340,Distinction,3191.0,163.0,40.0,111.0,936.0,0.0,2173.5,False,False,True
BBB,2013B,1753965,Pass,3181.0,174.0,37.0,83.0,782.0,0.0,1830.5,False,False,True
DDD,2014J,204410,Pass,3177.0,237.0,40.0,111.0,936.0,0.0,2173.5,False,False,True
CCC,2014B,553394,Pass,3175.0,144.0,36.0,88.75,1210.5,0.0,2893.125,False,False,True
CCC,2014B,2419115,Distinction,3174.0,100.0,30.0,88.75,1210.5,0.0,2893.125,False,False,True
CCC,2014B,236205,Pass,3171.0,135.0,32.0,88.75,1210.5,0.0,2893.125,False,False,True
CCC,2014B,329673,Pass,3168.0,146.0,37.0,88.75,1210.5,0.0,2893.125,False,False,True
CCC,2014B,477067,Pass,3162.0,118.0,35.0,88.75,1210.5,0.0,2893.125,False,False,True
BBB,2014B,626046,Distinction,3160.0,120.0,33.0,18.0,561.0,0.0,1375.5,False,False,True
BBB,2013J,264152,Pass,3159.0,171.0,40.0,42.0,655.0,0.0,1574.5,False,False,True
BBB,2013J,1411627,Pass,3155.0,194.0,41.0,42.0,655.0,0.0,1574.5,False,False,True
DDD,2014J,576885,Pass,3155.0,155.0,36.0,111.0,936.0,0.0,2173.5,False,False,True
DDD,2014J,2605337,Pass,3150.0,264.0,42.0,111.0,936.0,0.0,2173.5,False,False,True
BBB,2014B,1864697,Distinction,3148.0,117.0,31.0,18.0,561.0,0.0,1375.5,False,False,True
CCC,2014B,284812,Distinction,3146.0,123.0,37.0,88.75,1210.5,0.0,2893.125,False,False,True
BBB,2013B,559606,Pass,3141.0,172.0,36.0,83.0,782.0,0.0,1830.5,False,False,True
DDD,2013J,608815,Pass,3136.0,180.0,41.0,141.0,1218.5,0.0,2834.75,False,False,True
DDD,2013J,2695608,Pass,3136.0,132.0,35.0,141.0,1218.5,0.0,2834.75,False,False,True
DDD,2013J,600796,Pass,3135.0,214.0,39.0,141.0,1218.5,0.0,2834.75,False,False,True
BBB,2013B,521096,Pass,3134.0,143.0,35.0,83.0,782.0,0.0,1830.5,False,False,True
DDD,2013J,540806,Pass,3132.0,143.0,37.0,141.0,1218.5,0.0,2834.75,False,False,True
CCC,2014B,526564,Withdrawn,3130.0,117.0,30.0,88.75,1210.5,0.0,2893.125,False,False,True
BBB,2014B,470693,Distinction,3129.0,158.0,36.0,18.0,561.0,0.0,1375.5,False,False,True
GGG,2014J,675811,Distinction,3126.0,174.0,40.0,114.0,715.0,0.0,1616.5,False,False,True
DDD,2013J,589220,Pass,3123.0,155.0,38.0,141.0,1218.5,0.0,2834.75,False,False,True
DDD,2013J,592577,Pass,3121.0,240.0,41.0,141.0,1218.5,0.0,2834.75,False,False,True
DDD,2013J,574873,Pass,3115.0,178.0,40.0,141.0,1218.5,0.0,2834.75,False,False,True
BBB,2013B,488425,Fail,3110.0,127.0,21.0,83.0,782.0,0.0,1830.5,False,False,True
CCC,2014B,595514,Withdrawn,3106.0,94.0,30.0,88.75,1210.5,0.0,2893.125,False,False,True
BBB,2014J,678995,Pass,3105.0,78.0,33.0,51.0,1086.5,0.0,2639.75,False,False,True
BBB,2014J,686667,Pass,3105.0,108.0,34.0,51.0,1086.5,0.0,2639.75,False,False,True
CCC,2014B,622652,Distinction,3104.0,150.0,33.0,88.75,1210.5,0.0,2893.125,False,False,True
BBB,2014J,687421,Pass,3098.0,121.0,36.0,51.0,1086.5,0.0,2639.75,False,False,True
BBB,2013B,546428,Pass,3097.0,119.0,35.0,83.0,782.0,0.0,1830.5,False,False,True
DDD,2013J,385937,Pass,3093.0,207.0,41.0,141.0,1218.5,0.0,2834.75,False,False,True
DDD,2013J,479977,Pass,3090.0,167.0,39.0,141.0,1218.5,0.0,2834.75,False,False,True
DDD,2013J,578644,Pass,3090.0,156.0,38.0,141.0,1218.5,0.0,2834.75,False,False,True
CCC,2014B,2147620,Pass,3088.0,150.0,37.0,88.75,1210.5,0.0,2893.125,False,False,True
BBB,2014B,484983,Withdrawn,3085.0,74.0,21.0,18.0,561.0,0.0,1375.5,False,False,True
DDD,2014J,655128,Pass,3083.0,233.0,41.0,111.0,936.0,0.0,2173.5,False,False,True
DDD,2014B,445857,Pass,3080.0,179.0,37.0,124.0,1086.25,0.0,2529.625,False,False,True
DDD,2013J,298402,Pass,3078.0,193.0,38.0,141.0,1218.5,0.0,2834.75,False,False,True
DDD,2013J,368436,Pass,3073.0,198.0,40.0,141.0,1218.5,0.0,2834.75,False,False,True
DDD,2014J,642310,Pass,3068.0,173.0,36.0,111.0,936.0,0.0,2173.5,False,False,True
BBB,2013B,539265,Pass,3063.0,147.0,34.0,83.0,782.0,0.0,1830.5,False,False,True
BBB,2014J,633902,Pass,3062.0,89.0,33.0,51.0,1086.5,0.0,2639.75,False,False,True
DDD,2014J,689921,Pass,3059.0,152.0,42.0,111.0,936.0,0.0,2173.5,False,False,True
CCC,2014B,553021,Distinction,3050.0,124.0,34.0,88.75,1210.5,0.0,2893.125,False,False,True
DDD,2013J,554356,Pass,3050.0,190.0,40.0,141.0,1218.5,0.0,2834.75,False,False,True
BBB,2013J,476278,Pass,3048.0,132.0,38.0,42.0,655.0,0.0,1574.5,False,False,True
BBB,2014B,620092,Distinction,3048.0,153.0,33.0,18.0,561.0,0.0,1375.5,False,False,True
BBB,2014J,574031,Pass,3047.0,118.0,35.0,51.0,1086.5,0.0,2639.75,False,False,True
BBB,2013B,198956,Pass,3046.0,114.0,29.0,83.0,782.0,0.0,1830.5,False,False,True
BBB,2014J,541476,Pass,3044.0,215.0,40.0,51.0,1086.5,0.0,2639.75,False,False,True
CCC,2014B,576475,Pass,3044.0,141.0,37.0,88.75,1210.5,0.0,2893.125,False,False,True
DDD,2013J,549601,Withdrawn,3044.0,159.0,26.0,141.0,1218.5,0.0,2834.75,False,False,True
DDD,2013J,491926,Pass,3043.0,195.0,39.0,141.0,1218.5,0.0,2834.75,False,False,True
BBB,2014B,157276,Distinction,3041.0,123.0,34.0,18.0,561.0,0.0,1375.5,False,False,True
BBB,2014J,626195,Distinction,3041.0,221.0,39.0,51.0,1086.5,0.0,2639.75,False,False,True
BBB,2014J,1937822,Distinction,3039.0,150.0,37.0,51.0,1086.5,0.0,2639.75,False,False,True
CCC,2014B,525832,Pass,3039.0,139.0,37.0,88.75,1210.5,0.0,2893.125,False,False,True
CCC,2014B,345256,Pass,3034.0,107.0,30.0,88.75,1210.5,0.0,2893.125,False,False,True
BBB,2014J,649221,Pass,3033.0,152.0,40.0,51.0,1086.5,0.0,2639.75,False,False,True
CCC,2014B,630606,Pass,3030.0,85.0,30.0,88.75,1210.5,0.0,2893.125,False,False,True
DDD,2013J,599109,Pass,3028.0,213.0,41.0,141.0,1218.5,0.0,2834.75,False,False,True
BBB,2014J,2375759,Distinction,3024.0,117.0,34.0,51.0,1086.5,0.0,2639.75,False,False,True
CCC,2014B,1095916,Pass,3023.0,138.0,32.0,88.75,1210.5,0.0,2893.125,False,False,True
CCC,2014B,626763,Pass,3018.0,133.0,37.0,88.75,1210.5,0.0,2893.125,False,False,True
DDD,2013J,57818,Pass,3017.0,150.0,39.0,141.0,1218.5,0.0,2834.75,False,False,True
DDD,2013J,250163,Pass,3016.0,168.0,39.0,141.0,1218.5,0.0,2834.75,False,False,True
DDD,2013J,430356,Pass,3011.0,183.0,40.0,141.0,1218.5,0.0,2834.75,False,False,True
CCC,2014B,426610,Pass,3010.0,66.0,28.0,88.75,1210.5,0.0,2893.125,False,False,True
BBB,2014J,504597,Pass,3006.0,60.0,30.0,51.0,1086.5,0.0,2639.75,False,False,True
CCC,2014B,630211,Pass,3006.0,81.0,31.0,88.75,1210.5,0.0,2893.125,False,False,True
DDD,2014B,570049,Pass,3005.0,172.0,38.0,124.0,1086.25,0.0,2529.625,False,False,True
CCC,2014B,471979,Pass,3004.0,130.0,37.0,88.75,1210.5,0.0,2893.125,False,False,True
BBB,2013B,529502,Pass,3003.0,111.0,33.0,83.0,782.0,0.0,1830.5,False,False,True
BBB,2014B,620922,Pass,3002.0,159.0,35.0,18.0,561.0,0.0,1375.5,False,False,True
BBB,2014J,699007,Distinction,3002.0,132.0,39.0,51.0,1086.5,0.0,2639.75,False,False,True
DDD,2013J,2477052,Pass,3000.0,160.0,38.0,141.0,1218.5,0.0,2834.75,False,False,True
CCC,2014B,595189,Distinction,2998.0,87.0,31.0,88.75,1210.5,0.0,2893.125,False,False,True
CCC,2014B,984619,Pass,2996.0,150.0,37.0,88.75,1210.5,0.0,2893.125,False,False,True
CCC,2014B,625077,Pass,2993.0,93.0,33.0,88.75,1210.5,0.0,2893.125,False,False,True
DDD,2013J,1440467,Pass,2988.0,234.0,41.0,141.0,1218.5,0.0,2834.75,False,False,True
BBB,2014J,695278,Pass,2981.0,76.0,28.0,51.0,1086.5,0.0,2639.75,False,False,True
CCC,2014B,301232,Pass,2980.0,90.0,32.0,88.75,1210.5,0.0,2893.125,False,False,True
CCC,2014B,236620,Pass,2979.0,170.0,37.0,88.75,1210.5,0.0,2893.125,False,False,True
BBB,2014J,643172,Pass,2978.0,139.0,36.0,51.0,1086.5,0.0,2639.75,False,False,True
DDD,2014B,1916140,Pass,2977.0,132.0,34.0,124.0,1086.25,0.0,2529.625,False,False,True
BBB,2014J,230383,Pass,2973.0,106.0,34.0,51.0,1086.5,0.0,2639.75,False,False,True
CCC,2014B,166160,Distinction,2965.0,84.0,33.0,88.75,1210.5,0.0,2893.125,False,False,True
DDD,2013J,464924,Pass,2964.0,155.0,39.0,141.0,1218.5,0.0,2834.75,False,False,True
CCC,2014B,583032,Pass,2958.0,71.0,31.0,88.75,1210.5,0.0,2893.125,False,False,True
DDD,2014B,624881,Pass,2958.0,140.0,36.0,124.0,1086.25,0.0,2529.625,False,False,True
DDD,2013J,600817,Distinction,2955.0,160.0,39.0,141.0,1218.5,0.0,2834.75,False,False,True
BBB,2013J,607937,Pass,2948.0,174.0,40.0,42.0,655.0,0.0,1574.5,False,False,True
BBB,2014J,699488,Distinction,2948.0,167.0,39.0,51.0,1086.5,0.0,2639.75,False,False,True
BBB,2013J,316076,Pass,2947.0,138.0,38.0,42.0,655.0,0.0,1574.5,False,False,True
CCC,2014B,152428,Pass,2947.0,89.0,35.0,88.75,1210.5,0.0,2893.125,False,False,True
DDD,2014B,127580,Pass,2947.0,166.0,36.0,124.0,1086.25,0.0,2529.625,False,False,True
CCC,2014B,560311,Distinction,2941.0,109.0,32.0,88.75,1210.5,0.0,2893.125,False,False,True
DDD,2013J,561807,Distinction,2941.0,118.0,36.0,141.0,1218.5,0.0,2834.75,False,False,True
DDD,2013J,446279,Pass,2938.0,207.0,40.0,141.0,1218.5,0.0,2834.75,False,False,True
DDD,2014J,2570274,Pass,2936.0,149.0,36.0,111.0,936.0,0.0,2173.5,False,False,True
DDD,2014B,607130,Pass,2930.0,212.0,38.0,124.0,1086.25,0.0,2529.625,False,False,True
BBB,2014J,646484,Pass,2928.0,107.0,34.0,51.0,1086.5,0.0,2639.75,False,False,True
GGG,2014B,606389,Pass,2924.0,121.0,34.0,102.0,658.0,0.0,1492.0,False,False,True
BBB,2014J,2580626,Distinction,2918.0,142.0,36.0,51.0,1086.5,0.0,2639.75,False,False,True
DDD,2014B,620630,Pass,2918.0,157.0,37.0,124.0,1086.25,0.0,2529.625,False,False,True
BBB,2014B,562857,Pass,2915.0,135.0,35.0,18.0,561.0,0.0,1375.5,False,False,True
DDD,2013J,555239,Distinction,2911.0,176.0,39.0,141.0,1218.5,0.0,2834.75,False,False,True
DDD,2013J,598064,Pass,2910.0,166.0,37.0,141.0,1218.5,0.0,2834.75,False,False,True
CCC,2014B,633722,Distinction,2907.0,166.0,37.0,88.75,1210.5,0.0,2893.125,False,False,True
CCC,2014B,566670,Pass,2906.0,90.0,31.0,88.75,1210.5,0.0,2893.125,False,False,True
BBB,2014J,584864,Pass,2903.0,117.0,38.0,51.0,1086.5,0.0,2639.75,False,False,True
DDD,2014B,2436400,Distinction,2901.0,204.0,36.0,124.0,1086.25,0.0,2529.625,False,False,True
DDD,2013J,611284,Distinction,2899.0,190.0,41.0,141.0,1218.5,0.0,2834.75,False,False,True
BBB,2014B,625816,Pass,2889.0,109.0,34.0,18.0,561.0,0.0,1375.5,False,False,True
DDD,2014B,629452,Distinction,2889.0,187.0,38.0,124.0,1086.25,0.0,2529.625,False,False,True
BBB,2014J,646482,Pass,2885.0,149.0,39.0,51.0,1086.5,0.0,2639.75,False,False,True
DDD,2014B,2648035,Pass,2883.0,144.0,38.0,124.0,1086.25,0.0,2529.625,False,False,True
DDD,2014B,590541,Distinction,2882.0,187.0,37.0,124.0,1086.25,0.0,2529.625,False,False,True
BBB,2013J,522792,Pass,2879.0,139.0,38.0,42.0,655.0,0.0,1574.5,False,False,True
DDD,2014J,619910,Pass,2878.0,130.0,36.0,111.0,936.0,0.0,2173.5,False,False,True
DDD,2014J,571644,Pass,2874.0,232.0,42.0,111.0,936.0,0.0,2173.5,False,False,True
BBB,2014J,592135,Pass,2871.0,120.0,36.0,51.0,1086.5,0.0,2639.75,False,False,True
BBB,2014B,285567,Pass,2869.0,130.0,32.0,18.0,561.0,0.0,1375.5,False,False,True
BBB,2014B,616670,Pass,2868.0,126.0,32.0,18.0,561.0,0.0,1375.5,False,False,True
BBB,2014J,573713,Pass,2862.0,38.0,24.0,51.0,1086.5,0.0,2639.75,False,False,True
BBB,2013J,590202,Pass,2860.0,78.0,35.0,42.0,655.0,0.0,1574.5,False,False,True
BBB,2013J,607914,Pass,2858.0,158.0,38.0,42.0,655.0,0.0,1574.5,False,False,True
DDD,2013J,592382,Pass,2854.0,156.0,40.0,141.0,1218.5,0.0,2834.75,False,False,True
DDD,2013J,594963,Pass,2849.0,161.0,40.0,141.0,1218.5,0.0,2834.75,False,False,True
DDD,2014J,596322,Pass,2848.0,164.0,39.0,111.0,936.0,0.0,2173.5,False,False,True
BBB,2013B,563874,Distinction,2839.0,110.0,33.0,83.0,782.0,0.0,1830.5,False,False,True
DDD,2013J,2434369,Distinction,2835.0,165.0,40.0,141.0,1218.5,0.0,2834.75,False,False,True
BBB,2013J,599230,Distinction,2823.0,191.0,39.0,42.0,655.0,0.0,1574.5,False,False,True
BBB,2014J,2228601,Distinction,2818.0,124.0,38.0,51.0,1086.5,0.0,2639.75,False,False,True
BBB,2014J,636302,Pass,2815.0,139.0,34.0,51.0,1086.5,0.0,2639.75,False,False,True
GGG,2014B,634234,Distinction,2814.0,123.0,31.0,102.0,658.0,0.0,1492.0,False,False,True
BBB,2014J,694983,Pass,2803.0,81.0,31.0,51.0,1086.5,0.0,2639.75,False,False,True
BBB,2014J,584539,Pass,2800.0,148.0,37.0,51.0,1086.5,0.0,2639.75,False,False,True
DDD,2014B,563081,Pass,2795.0,128.0,38.0,124.0,1086.25,0.0,2529.625,False,False,True
DDD,2014B,628915,Distinction,2795.0,190.0,38.0,124.0,1086.25,0.0,2529.625,False,False,True
BBB,2013J,512581,Fail,2794.0,126.0,30.0,42.0,655.0,0.0,1574.5,False,False,True
BBB,2014J,647346,Distinction,2792.0,127.0,35.0,51.0,1086.5,0.0,2639.75,False,False,True
BBB,2013J,562270,Pass,2791.0,129.0,35.0,42.0,655.0,0.0,1574.5,False,False,True
DDD,2014B,2502516,Distinction,2789.0,165.0,37.0,124.0,1086.25,0.0,2529.625,False,False,True
DDD,2014B,2087698,Distinction,2788.0,168.0,36.0,124.0,1086.25,0.0,2529.625,False,False,True
GGG,2014B,633685,Pass,2787.0,152.0,33.0,102.0,658.0,0.0,1492.0,False,False,True
GGG,2014B,616672,Pass,2783.0,200.0,36.0,102.0,658.0,0.0,1492.0,False,False,True
GGG,2014J,688819,Distinction,2782.0,160.0,39.0,114.0,715.0,0.0,1616.5,False,False,True
BBB,2013B,537434,Pass,2781.0,148.0,35.0,83.0,782.0,0.0,1830.5,False,False,True
GGG,2014J,698460,Pass,2781.0,133.0,38.0,114.0,715.0,0.0,1616.5,False,False,True
BBB,2013J,491279,Pass,2779.0,127.0,37.0,42.0,655.0,0.0,1574.5,False,False,True
DDD,2014J,123183,Pass,2774.0,199.0,40.0,111.0,936.0,0.0,2173.5,False,False,True
BBB,2014B,631109,Pass,2772.0,128.0,32.0,18.0,561.0,0.0,1375.5,False,False,True
DDD,2014B,624052,Pass,2769.0,195.0,38.0,124.0,1086.25,0.0,2529.625,False,False,True
BBB,2014B,626841,Distinction,2764.0,136.0,35.0,18.0,561.0,0.0,1375.5,False,False,True
DDD,2014J,676787,Pass,2759.0,203.0,41.0,111.0,936.0,0.0,2173.5,False,False,True
DDD,2014B,621883,Distinction,2758.0,203.0,38.0,124.0,1086.25,0.0,2529.625,False,False,True
BBB,2014B,614693,Pass,2755.0,85.0,29.0,18.0,561.0,0.0,1375.5,False,False,True
BBB,2013B,548090,Distinction,2753.0,166.0,36.0,83.0,782.0,0.0,1830.5,False,False,True
DDD,2014J,256144,Pass,2753.0,217.0,42.0,111.0,936.0,0.0,2173.5,False,False,True
BBB,2013B,187793,Fail,2749.0,150.0,35.0,83.0,782.0,0.0,1830.5,False,False,True
BBB,2014J,642595,Pass,2747.0,118.0,35.0,51.0,1086.5,0.0,2639.75,False,False,True
BBB,2013J,510149,Fail,2745.0,161.0,38.0,42.0,655.0,0.0,1574.5,False,False,True
DDD,2014B,613107,Pass,2745.0,178.0,37.0,124.0,1086.25,0.0,2529.625,False,False,True
BBB,2014J,423398,Pass,2739.0,136.0,37.0,51.0,1086.5,0.0,2639.75,False,False,True
DDD,2014B,631851,Distinction,2738.0,198.0,38.0,124.0,1086.25,0.0,2529.625,False,False,True
DDD,2014B,2416424,Pass,2737.0,161.0,37.0,124.0,1086.25,0.0,2529.625,False,False,True
BBB,2014J,578861,Pass,2735.0,122.0,33.0,51.0,1086.5,0.0,2639.75,False,False,True
DDD,2014J,682968,Pass,2733.0,203.0,42.0,111.0,936.0,0.0,2173.5,False,False,True
DDD,2014J,1879751,Distinction,2733.0,137.0,40.0,111.0,936.0,0.0,2173.5,False,False,True
BBB,2013J,268589,Pass,2732.0,121.0,36.0,42.0,655.0,0.0,1574.5,False,False,True
BBB,2014J,395822,Pass,2732.0,107.0,35.0,51.0,1086.5,0.0,2639.75,False,False,True
BBB,2013J,597894,Pass,2728.0,134.0,39.0,42.0,655.0,0.0,1574.5,False,False,True
BBB,2014B,627190,Pass,2726.0,124.0,34.0,18.0,561.0,0.0,1375.5,False,False,True
BBB,2013B,297484,Pass,2715.0,118.0,33.0,83.0,782.0,0.0,1830.5,False,False,True
BBB,2014J,578551,Pass,2710.0,74.0,35.0,51.0,1086.5,0.0,2639.75,False,False,True
BBB,2014J,646844,Pass,2706.0,125.0,35.0,51.0,1086.5,0.0,2639.75,False,False,True
GGG,2014B,596513,Pass,2706.0,139.0,34.0,102.0,658.0,0.0,1492.0,False,False,True
BBB,2014J,1989014,Pass,2697.0,100.0,35.0,51.0,1086.5,0.0,2639.75,False,False,True
BBB,2013J,570271,Pass,2696.0,152.0,35.0,42.0,655.0,0.0,1574.5,False,False,True
BBB,2013B,558250,Pass,2691.0,70.0,32.0,83.0,782.0,0.0,1830.5,False,False,True
BBB,2014B,1525567,Distinction,2691.0,166.0,35.0,18.0,561.0,0.0,1375.5,False,False,True
BBB,2014B,614871,Pass,2689.0,156.0,33.0,18.0,561.0,0.0,1375.5,False,False,True
BBB,2013J,604315,Distinction,2687.0,192.0,40.0,42.0,655.0,0.0,1574.5,False,False,True
BBB,2013J,592496,Pass,2681.0,138.0,38.0,42.0,655.0,0.0,1574.5,False,False,True
GGG,2013J,473924,Distinction,2678.0,114.0,34.0,160.5,696.0,0.0,1499.25,False,False,True
DDD,2014J,599083,Pass,2676.0,160.0,40.0,111.0,936.0,0.0,2173.5,False,False,True
BBB,2013J,479853,Distinction,2674.0,114.0,39.0,42.0,655.0,0.0,1574.5,False,False,True
DDD,2014J,648172,Pass,2674.0,141.0,38.0,111.0,936.0,0.0,2173.5,False,False,True
BBB,2013J,596114,Pass,2673.0,149.0,38.0,42.0,655.0,0.0,1574.5,False,False,True
BBB,2014J,297179,Pass,2668.0,76.0,32.0,51.0,1086.5,0.0,2639.75,False,False,True
BBB,2014J,681150,Pass,2664.0,110.0,34.0,51.0,1086.5,0.0,2639.75,False,False,True
BBB,2013B,504014,Fail,2661.0,17.0,6.0,83.0,782.0,0.0,1830.5,False,False,True
BBB,2014J,1118432,Distinction,2660.0,78.0,33.0,51.0,1086.5,0.0,2639.75,False,False,True
DDD,2014J,160181,Withdrawn,2659.0,146.0,28.0,111.0,936.0,0.0,2173.5,False,False,True
BBB,2014B,1633695,Fail,2658.0,115.0,28.0,18.0,561.0,0.0,1375.5,False,False,True
BBB,2014J,2363168,Pass,2652.0,154.0,37.0,51.0,1086.5,0.0,2639.75,False,False,True
BBB,2014B,569663,Pass,2650.0,104.0,35.0,18.0,561.0,0.0,1375.5,False,False,True
BBB,2014J,649231,Pass,2645.0,105.0,33.0,51.0,1086.5,0.0,2639.75,False,False,True
DDD,2014B,391924,Pass,2642.0,180.0,34.0,124.0,1086.25,0.0,2529.625,False,False,True
DDD,2014J,683091,Distinction,2639.0,139.0,37.0,111.0,936.0,0.0,2173.5,False,False,True
DDD,2014J,575380,Pass,2631.0,141.0,36.0,111.0,936.0,0.0,2173.5,False,False,True
BBB,2013B,557032,Distinction,2629.0,120.0,35.0,83.0,782.0,0.0,1830.5,False,False,True
DDD,2014B,529190,Pass,2626.0,136.0,37.0,124.0,1086.25,0.0,2529.625,False,False,True
BBB,2013J,532868,Fail,2623.0,167.0,37.0,42.0,655.0,0.0,1574.5,False,False,True
DDD,2014J,444766,Pass,2618.0,216.0,41.0,111.0,936.0,0.0,2173.5,False,False,True
BBB,2013B,508537,Pass,2616.0,166.0,34.0,83.0,782.0,0.0,1830.5,False,False,True
DDD,2014J,2075945,Pass,2616.0,141.0,40.0,111.0,936.0,0.0,2173.5,False,False,True
DDD,2014J,486287,Pass,2611.0,215.0,41.0,111.0,936.0,0.0,2173.5,False,False,True
DDD,2014J,419913,Pass,2608.0,213.0,42.0,111.0,936.0,0.0,2173.5,False,False,True
DDD,2014J,640942,Distinction,2606.0,150.0,39.0,111.0,936.0,0.0,2173.5,False,False,True
DDD,2014J,2339789,Distinction,2603.0,208.0,42.0,111.0,936.0,0.0,2173.5,False,False,True
BBB,2013J,427921,Pass,2599.0,112.0,32.0,42.0,655.0,0.0,1574.5,False,False,True
BBB,2013B,554894,Pass,2597.0,95.0,27.0,83.0,782.0,0.0,1830.5,False,False,True
DDD,2014B,630613,Pass,2594.0,138.0,35.0,124.0,1086.25,0.0,2529.625,False,False,True
BBB,2013B,276717,Distinction,2591.0,164.0,36.0,83.0,782.0,0.0,1830.5,False,False,True
DDD,2014J,379336,Pass,2588.0,173.0,36.0,111.0,936.0,0.0,2173.5,False,False,True
BBB,2013J,531643,Distinction,2586.0,218.0,40.0,42.0,655.0,0.0,1574.5,False,False,True
BBB,2014B,2513954,Distinction,2582.0,152.0,33.0,18.0,561.0,0.0,1375.5,False,False,True
BBB,2013J,606194,Pass,2580.0,154.0,38.0,42.0,655.0,0.0,1574.5,False,False,True
DDD,2014B,629710,Distinction,2573.0,153.0,37.0,124.0,1086.25,0.0,2529.625,False,False,True
DDD,2014B,630818,Distinction,2554.0,141.0,36.0,124.0,1086.25,0.0,2529.625,False,False,True
DDD,2014B,624789,Pass,2549.0,178.0,37.0,124.0,1086.25,0.0,2529.625,False,False,True
BBB,2013J,521590,Pass,2548.0,130.0,39.0,42.0,655.0,0.0,1574.5,False,False,True
BBB,2013J,579619,Pass,2546.0,171.0,41.0,42.0,655.0,0.0,1574.5,False,False,True
BBB,2013J,495879,Pass,2544.0,101.0,38.0,42.0,655.0,0.0,1574.5,False,False,True
BBB,2013J,605916,Pass,2544.0,162.0,38.0,42.0,655.0,0.0,1574.5,False,False,True
DDD,2014J,580458,Pass,2536.0,167.0,38.0,111.0,936.0,0.0,2173.5,False,False,True
BBB,2013B,530669,Pass,2535.0,105.0,30.0,83.0,782.0,0.0,1830.5,False,False,True
BBB,2013B,563878,Pass,2535.0,84.0,33.0,83.0,782.0,0.0,1830.5,False,False,True
BBB,2014B,622132,Distinction,2534.0,104.0,31.0,18.0,561.0,0.0,1375.5,False,False,True
BBB,2013B,543356,Pass,2533.0,196.0,35.0,83.0,782.0,0.0,1830.5,False,False,True
BBB,2014B,629886,Pass,2523.0,144.0,34.0,18.0,561.0,0.0,1375.5,False,False,True
BBB,2013B,537193,Pass,2516.0,151.0,35.0,83.0,782.0,0.0,1830.5,False,False,True
BBB,2014B,628178,Distinction,2512.0,130.0,35.0,18.0,561.0,0.0,1375.5,False,False,True
BBB,2013J,253577,Pass,2507.0,113.0,35.0,42.0,655.0,0.0,1574.5,False,False,True
DDD,2014J,579172,Fail,2505.0,153.0,39.0,111.0,936.0,0.0,2173.5,False,False,True
BBB,2013B,25107,Pass,2498.0,115.0,34.0,83.0,782.0,0.0,1830.5,False,False,True
DDD,2014J,608775,Pass,2496.0,176.0,40.0,111.0,936.0,0.0,2173.5,False,False,True
GGG,2013J,593540,Pass,2494.0,100.0,36.0,160.5,696.0,0.0,1499.25,False,False,True
BBB,2013J,586516,Withdrawn,2477.0,36.0,10.0,42.0,655.0,0.0,1574.5,False,False,True
DDD,2014J,1935155,Pass,2476.0,175.0,42.0,111.0,936.0,0.0,2173.5,False,False,True
DDD,2014J,184409,Distinction,2474.0,173.0,42.0,111.0,936.0,0.0,2173.5,False,False,True
BBB,2013J,419375,Pass,2468.0,180.0,41.0,42.0,655.0,0.0,1574.5,False,False,True
BBB,2013J,604921,Fail,2468.0,191.0,39.0,42.0,655.0,0.0,1574.5,False,False,True
DDD,2014J,642443,Distinction,2458.0,131.0,39.0,111.0,936.0,0.0,2173.5,False,False,True
BBB,2013J,600121,Pass,2447.0,225.0,41.0,42.0,655.0,0.0,1574.5,False,False,True
DDD,2014J,675256,Distinction,2443.0,78.0,25.0,111.0,936.0,0.0,2173.5,False,False,True
DDD,2014J,635418,Fail,2426.0,123.0,41.0,111.0,936.0,0.0,2173.5,False,False,True
BBB,2013J,525974,Distinction,2423.0,138.0,39.0,42.0,655.0,0.0,1574.5,False,False,True
DDD,2014J,1687996,Withdrawn,2421.0,102.0,31.0,111.0,936.0,0.0,2173.5,False,False,True
BBB,2013B,552914,Fail,2415.0,134.0,33.0,83.0,782.0,0.0,1830.5,False,False,True
DDD,2014J,1173473,Pass,2410.0,199.0,41.0,111.0,936.0,0.0,2173.5,False,False,True
BBB,2013J,508759,Withdrawn,2407.0,169.0,33.0,42.0,655.0,0.0,1574.5,False,False,True
BBB,2013J,587423,Distinction,2406.0,112.0,36.0,42.0,655.0,0.0,1574.5,False,False,True
BBB,2014B,599207,Pass,2403.0,100.0,30.0,18.0,561.0,0.0,1375.5,False,False,True
BBB,2013J,575681,Pass,2402.0,131.0,40.0,42.0,655.0,0.0,1574.5,False,False,True
GGG,2014J,237921,Distinction,2396.0,126.0,34.0,114.0,715.0,0.0,1616.5,False,False,True
BBB,2013B,200905,Fail,2394.0,84.0,33.0,83.0,782.0,0.0,1830.5,False,False,True
BBB,2013B,541013,Pass,2390.0,127.0,34.0,83.0,782.0,0.0,1830.5,False,False,True
BBB,2013J,582591,Fail,2387.0,59.0,15.0,42.0,655.0,0.0,1574.5,False,False,True
BBB,2013J,552622,Pass,2384.0,144.0,38.0,42.0,655.0,0.0,1574.5,False,False,True
BBB,2013B,499380,Distinction,2381.0,148.0,36.0,83.0,782.0,0.0,1830.5,False,False,True
BBB,2013B,511515,Fail,2374.0,90.0,32.0,83.0,782.0,0.0,1830.5,False,False,True
BBB,2013J,552339,Pass,2373.0,168.0,40.0,42.0,655.0,0.0,1574.5,False,False,True
BBB,2013J,2539858,Distinction,2372.0,141.0,40.0,42.0,655.0,0.0,1574.5,False,False,True
DDD,2014J,147328,Pass,2371.0,149.0,40.0,111.0,936.0,0.0,2173.5,False,False,True
BBB,2014B,613881,Pass,2368.0,190.0,36.0,18.0,561.0,0.0,1375.5,False,False,True
BBB,2013B,514140,Pass,2367.0,171.0,33.0,83.0,782.0,0.0,1830.5,False,False,True
DDD,2014J,276935,Pass,2364.0,162.0,40.0,111.0,936.0,0.0,2173.5,False,False,True
BBB,2014B,381917,Distinction,2362.0,179.0,35.0,18.0,561.0,0.0,1375.5,False,False,True
BBB,2013B,534698,Pass,2358.0,157.0,35.0,83.0,782.0,0.0,1830.5,False,False,True
BBB,2013J,564105,Pass,2357.0,178.0,41.0,42.0,655.0,0.0,1574.5,False,False,True
BBB,2013J,541586,Distinction,2356.0,186.0,41.0,42.0,655.0,0.0,1574.5,False,False,True
BBB,2013J,607735,Pass,2355.0,117.0,38.0,42.0,655.0,0.0,1574.5,False,False,True
BBB,2014B,540558,Pass,2352.0,90.0,32.0,18.0,561.0,0.0,1375.5,False,False,True
GGG,2014B,599620,Pass,2352.0,157.0,34.0,102.0,658.0,0.0,1492.0,False,False,True
DDD,2014J,676516,Pass,2351.0,185.0,41.0,111.0,936.0,0.0,2173.5,False,False,True
DDD,2014J,295118,Pass,2341.0,175.0,42.0,111.0,936.0,0.0,2173.5,False,False,True
DDD,2014J,595310,Pass,2340.0,121.0,36.0,111.0,936.0,0.0,2173.5,False,False,True
GGG,2014B,622500,Distinction,2339.0,148.0,34.0,102.0,658.0,0.0,1492.0,False,False,True
DDD,2014J,676087,Distinction,2334.0,186.0,40.0,111.0,936.0,0.0,2173.5,False,False,True
BBB,2014B,486994,Distinction,2332.0,163.0,35.0,18.0,561.0,0.0,1375.5,False,False,True
BBB,2013J,497130,Pass,2329.0,175.0,39.0,42.0,655.0,0.0,1574.5,False,False,True
BBB,2014B,570627,Distinction,2329.0,94.0,31.0,18.0,561.0,0.0,1375.5,False,False,True
BBB,2014B,634483,Pass,2324.0,120.0,33.0,18.0,561.0,0.0,1375.5,False,False,True
DDD,2014J,632093,Pass,2324.0,138.0,39.0,111.0,936.0,0.0,2173.5,False,False,True
BBB,2013B,561164,Distinction,2323.0,144.0,37.0,83.0,782.0,0.0,1830.5,False,False,True
BBB,2013B,476783,Distinction,2321.0,189.0,37.0,83.0,782.0,0.0,1830.5,False,False,True
BBB,2013J,593727,Pass,2317.0,135.0,39.0,42.0,655.0,0.0,1574.5,False,False,True
GGG,2013J,595335,Distinction,2317.0,96.0,36.0,160.5,696.0,0.0,1499.25,False,False,True
BBB,2013B,516432,Pass,2308.0,189.0,35.0,83.0,782.0,0.0,1830.5,False,False,True
DDD,2014J,2057959,Distinction,2307.0,142.0,40.0,111.0,936.0,0.0,2173.5,False,False,True
BBB,2013B,281564,Pass,2303.0,144.0,34.0,83.0,782.0,0.0,1830.5,False,False,True
BBB,2013B,545725,Withdrawn,2300.0,141.0,28.0,83.0,782.0,0.0,1830.5,False,False,True
DDD,2014J,574928,Pass,2300.0,210.0,42.0,111.0,936.0,0.0,2173.5,False,False,True
BBB,2013B,500659,Withdrawn,2299.0,68.0,17.0,83.0,782.0,0.0,1830.5,False,False,True
BBB,2013J,586346,Pass,2294.0,162.0,39.0,42.0,655.0,0.0,1574.5,False,False,True
BBB,2014B,1624443,Pass,2289.0,157.0,33.0,18.0,561.0,0.0,1375.5,False,False,True
BBB,2014B,470331,Withdrawn,2288.0,100.0,30.0,18.0,561.0,0.0,1375.5,False,False,True
BBB,2013B,2635829,Distinction,2282.0,150.0,35.0,83.0,782.0,0.0,1830.5,False,False,True
BBB,2013B,316841,Pass,2271.0,156.0,36.0,83.0,782.0,0.0,1830.5,False,False,True
BBB,2013J,479020,Pass,2271.0,109.0,37.0,42.0,655.0,0.0,1574.5,False,False,True
BBB,2014B,580688,Distinction,2271.0,83.0,24.0,18.0,561.0,0.0,1375.5,False,False,True
DDD,2014J,1082062,Distinction,2270.0,190.0,37.0,111.0,936.0,0.0,2173.5,False,False,True
BBB,2013B,550342,Pass,2263.0,138.0,35.0,83.0,782.0,0.0,1830.5,False,False,True
BBB,2013J,543428,Pass,2258.0,101.0,32.0,42.0,655.0,0.0,1574.5,False,False,True
BBB,2014B,247292,Pass,2257.0,148.0,34.0,18.0,561.0,0.0,1375.5,False,False,True
DDD,2014J,690365,Pass,2244.0,138.0,40.0,111.0,936.0,0.0,2173.5,False,False,True
DDD,2014J,367309,Pass,2241.0,178.0,36.0,111.0,936.0,0.0,2173.5,False,False,True
BBB,2013J,610032,Distinction,2238.0,98.0,37.0,42.0,655.0,0.0,1574.5,False,False,True
BBB,2013B,2512392,Withdrawn,2235.0,99.0,24.0,83.0,782.0,0.0,1830.5,False,False,True
BBB,2013J,580883,Pass,2235.0,166.0,39.0,42.0,655.0,0.0,1574.5,False,False,True
DDD,2014J,653793,Pass,2231.0,207.0,40.0,111.0,936.0,0.0,2173.5,False,False,True
BBB,2013B,558622,Pass,2229.0,124.0,34.0,83.0,782.0,0.0,1830.5,False,False,True
BBB,2013J,561534,Pass,2229.0,109.0,35.0,42.0,655.0,0.0,1574.5,False,False,True
BBB,2014B,2340165,Distinction,2229.0,44.0,25.0,18.0,561.0,0.0,1375.5,False,False,True
DDD,2014J,572156,Pass,2224.0,153.0,39.0,111.0,936.0,0.0,2173.5,False,False,True
BBB,2013J,382979,Distinction,2219.0,203.0,39.0,42.0,655.0,0.0,1574.5,False,False,True
BBB,2014B,628181,Pass,2216.0,129.0,34.0,18.0,561.0,0.0,1375.5,False,False,True
DDD,2014J,495881,Pass,2215.0,145.0,38.0,111.0,936.0,0.0,2173.5,False,False,True
DDD,2014J,685611,Pass,2215.0,219.0,39.0,111.0,936.0,0.0,2173.5,False,False,True
BBB,2013J,612891,Pass,2214.0,107.0,36.0,42.0,655.0,0.0,1574.5,False,False,True
BBB,2013J,555614,Distinction,2212.0,171.0,39.0,42.0,655.0,0.0,1574.5,False,False,True
DDD,2014J,1667087,Distinction,2206.0,179.0,41.0,111.0,936.0,0.0,2173.5,False,False,True
BBB,2013B,108377,Pass,2200.0,150.0,33.0,83.0,782.0,0.0,1830.5,False,False,True
GGG,2013J,595927,Distinction,2199.0,152.0,38.0,160.5,696.0,0.0,1499.25,False,False,True
GGG,2014J,644990,Fail,2199.0,151.0,37.0,114.0,715.0,0.0,1616.5,False,False,True
BBB,2013B,551886,Pass,2198.0,143.0,35.0,83.0,782.0,0.0,1830.5,False,False,True
BBB,2014B,599202,Distinction,2169.0,132.0,35.0,18.0,561.0,0.0,1375.5,False,False,True
BBB,2013B,524452,Pass,2166.0,102.0,33.0,83.0,782.0,0.0,1830.5,False,False,True
BBB,2013J,573433,Pass,2163.0,176.0,39.0,42.0,655.0,0.0,1574.5,False,False,True
BBB,2013J,521341,Pass,2158.0,173.0,37.0,42.0,655.0,0.0,1574.5,False,False,True
GGG,2014B,623010,Pass,2154.0,95.0,34.0,102.0,658.0,0.0,1492.0,False,False,True
BBB,2013B,502694,Distinction,2147.0,101.0,30.0,83.0,782.0,0.0,1830.5,False,False,True
BBB,2013B,558747,Pass,2145.0,138.0,36.0,83.0,782.0,0.0,1830.5,False,False,True
BBB,2013B,537844,Fail,2142.0,85.0,21.0,83.0,782.0,0.0,1830.5,False,False,True
BBB,2013B,555747,Pass,2141.0,158.0,36.0,83.0,782.0,0.0,1830.5,False,False,True
BBB,2014B,559861,Pass,2131.0,135.0,34.0,18.0,561.0,0.0,1375.5,False,False,True
BBB,2013B,2293443,Distinction,2128.0,175.0,36.0,83.0,782.0,0.0,1830.5,False,False,True
BBB,2013B,535468,Pass,2127.0,112.0,32.0,83.0,782.0,0.0,1830.5,False,False,True
BBB,2014B,626555,Pass,2124.0,103.0,30.0,18.0,561.0,0.0,1375.5,False,False,True
GGG,2013J,601464,Pass,2124.0,122.0,37.0,160.5,696.0,0.0,1499.25,False,False,True
GGG,2013J,1993905,Pass,2122.0,156.0,38.0,160.5,696.0,0.0,1499.25,False,False,True
GGG,2014B,625376,Pass,2119.0,84.0,33.0,102.0,658.0,0.0,1492.0,False,False,True
BBB,2013B,2608453,Fail,2116.0,46.0,23.0,83.0,782.0,0.0,1830.5,False,False,True
BBB,2013B,498131,Pass,2112.0,76.0,31.0,83.0,782.0,0.0,1830.5,False,False,True
GGG,2013J,1678445,Distinction,2097.0,130.0,38.0,160.5,696.0,0.0,1499.25,False,False,True
BBB,2013B,404022,Pass,2096.0,102.0,32.0,83.0,782.0,0.0,1830.5,False,False,True
GGG,2014J,643672,Pass,2096.0,203.0,42.0,114.0,715.0,0.0,1616.5,False,False,True
BBB,2013J,609811,Distinction,2095.0,105.0,29.0,42.0,655.0,0.0,1574.5,False,False,True
BBB,2013B,1747892,Distinction,2092.0,176.0,37.0,83.0,782.0,0.0,1830.5,False,False,True
BBB,2013B,480815,Pass,2089.0,167.0,35.0,83.0,782.0,0.0,1830.5,False,False,True
BBB,2013J,523928,Pass,2083.0,129.0,39.0,42.0,655.0,0.0,1574.5,False,False,True
BBB,2013J,429610,Distinction,2081.0,140.0,38.0,42.0,655.0,0.0,1574.5,False,False,True
BBB,2013J,580094,Pass,2079.0,166.0,38.0,42.0,655.0,0.0,1574.5,False,False,True
GGG,2014J,640505,Distinction,2076.0,137.0,37.0,114.0,715.0,0.0,1616.5,False,False,True
BBB,2014B,627647,Pass,2075.0,136.0,34.0,18.0,561.0,0.0,1375.5,False,False,True
GGG,2013J,584509,Distinction,2055.0,139.0,38.0,160.5,696.0,0.0,1499.25,False,False,True
GGG,2014J,2456431,Fail,2054.0,139.0,33.0,114.0,715.0,0.0,1616.5,False,False,True
BBB,2013B,538987,Distinction,2053.0,88.0,33.0,83.0,782.0,0.0,1830.5,False,False,True
BBB,2013J,599037,Pass,2052.0,84.0,36.0,42.0,655.0,0.0,1574.5,False,False,True
GGG,2014B,204738,Distinction,2049.0,116.0,29.0,102.0,658.0,0.0,1492.0,False,False,True
GGG,2014B,613691,Pass,2047.0,171.0,35.0,102.0,658.0,0.0,1492.0,False,False,True
BBB,2014B,172137,Pass,2029.0,108.0,32.0,18.0,561.0,0.0,1375.5,False,False,True
BBB,2014B,612756,Pass,2028.0,159.0,33.0,18.0,561.0,0.0,1375.5,False,False,True
BBB,2013B,2375144,Withdrawn,2027.0,48.0,15.0,83.0,782.0,0.0,1830.5,False,False,True
BBB,2013B,555930,Fail,2025.0,38.0,11.0,83.0,782.0,0.0,1830.5,False,False,True
BBB,2013J,484412,Pass,2025.0,140.0,37.0,42.0,655.0,0.0,1574.5,False,False,True
BBB,2014B,627403,Fail,2025.0,101.0,29.0,18.0,561.0,0.0,1375.5,False,False,True
BBB,2013J,1541133,Fail,2023.0,169.0,40.0,42.0,655.0,0.0,1574.5,False,False,True
GGG,2014B,380894,Pass,2023.0,92.0,29.0,102.0,658.0,0.0,1492.0,False,False,True
BBB,2013J,269082,Distinction,2013.0,148.0,38.0,42.0,655.0,0.0,1574.5,False,False,True
GGG,2014B,593785,Pass,2013.0,80.0,27.0,102.0,658.0,0.0,1492.0,False,False,True
BBB,2013B,483064,Pass,2001.0,126.0,36.0,83.0,782.0,0.0,1830.5,False,False,True
BBB,2013J,587223,Distinction,1998.0,124.0,37.0,42.0,655.0,0.0,1574.5,False,False,True
BBB,2013B,552110,Fail,1996.0,105.0,27.0,83.0,782.0,0.0,1830.5,False,False,True
GGG,2014J,691371,Pass,1994.0,124.0,36.0,114.0,715.0,0.0,1616.5,False,False,True
BBB,2013B,549754,Pass,1990.0,81.0,33.0,83.0,782.0,0.0,1830.5,False,False,True
BBB,2013B,416654,Pass,1985.0,140.0,33.0,83.0,782.0,0.0,1830.5,False,False,True
GGG,2013J,583532,Pass,1981.0,114.0,32.0,160.5,696.0,0.0,1499.25,False,False,True
BBB,2013J,404708,Pass,1979.0,97.0,33.0,42.0,655.0,0.0,1574.5,False,False,True
GGG,2014B,611496,Distinction,1979.0,97.0,34.0,102.0,658.0,0.0,1492.0,False,False,True
GGG,2014J,693364,Pass,1978.0,111.0,32.0,114.0,715.0,0.0,1616.5,False,False,True
BBB,2014B,599161,Fail,1970.0,112.0,28.0,18.0,561.0,0.0,1375.5,False,False,True
BBB,2013J,373807,Fail,1960.0,79.0,17.0,42.0,655.0,0.0,1574.5,False,False,True
BBB,2014B,633590,Distinction,1959.0,113.0,30.0,18.0,561.0,0.0,1375.5,False,False,True
BBB,2013B,193822,Pass,1956.0,106.0,31.0,83.0,782.0,0.0,1830.5,False,False,True
BBB,2014B,625724,Pass,1955.0,193.0,36.0,18.0,561.0,0.0,1375.5,False,False,True
GGG,2014J,644160,Pass,1955.0,80.0,35.0,114.0,715.0,0.0,1616.5,False,False,True
BBB,2013B,152910,Pass,1948.0,133.0,30.0,83.0,782.0,0.0,1830.5,False,False,True
GGG,2014J,198167,Pass,1940.0,96.0,32.0,114.0,715.0,0.0,1616.5,False,False,True
GGG,2014J,684116,Pass,1939.0,95.0,30.0,114.0,715.0,0.0,1616.5,False,False,True
GGG,2013J,584143,Distinction,1938.0,128.0,38.0,160.5,696.0,0.0,1499.25,False,False,True
GGG,2014B,387294,Pass,1937.0,129.0,34.0,102.0,658.0,0.0,1492.0,False,False,True
BBB,2013J,568370,Withdrawn,1934.0,71.0,18.0,42.0,655.0,0.0,1574.5,False,False,True
BBB,2013J,575520,Withdrawn,1934.0,143.0,38.0,42.0,655.0,0.0,1574.5,False,False,True
BBB,2014B,631441,Distinction,1933.0,103.0,31.0,18.0,561.0,0.0,1375.5,False,False,True
BBB,2013B,525501,Pass,1924.0,142.0,35.0,83.0,782.0,0.0,1830.5,False,False,True
GGG,2013J,585847,Distinction,1924.0,109.0,35.0,160.5,696.0,0.0,1499.25,False,False,True
GGG,2014B,634369,Pass,1916.0,106.0,33.0,102.0,658.0,0.0,1492.0,False,False,True
BBB,2013J,606562,Distinction,1914.0,110.0,36.0,42.0,655.0,0.0,1574.5,False,False,True
BBB,2014B,187601,Pass,1912.0,82.0,31.0,18.0,561.0,0.0,1375.5,False,False,True
BBB,2014B,634715,Distinction,1912.0,105.0,33.0,18.0,561.0,0.0,1375.5,False,False,True
BBB,2013J,345083,Withdrawn,1910.0,43.0,13.0,42.0,655.0,0.0,1574.5,False,False,True
GGG,2013J,595434,Distinction,1910.0,132.0,38.0,160.5,696.0,0.0,1499.25,False,False,True
BBB,2013J,405945,Pass,1905.0,82.0,37.0,42.0,655.0,0.0,1574.5,False,False,True
GGG,2014J,687620,Distinction,1904.0,108.0,37.0,114.0,715.0,0.0,1616.5,False,False,True
GGG,2013J,539436,Distinction,1901.0,112.0,36.0,160.5,696.0,0.0,1499.25,False,False,True
GGG,2013J,590593,Pass,1900.0,93.0,35.0,160.5,696.0,0.0,1499.25,False,False,True
BBB,2013J,532335,Pass,1898.0,106.0,37.0,42.0,655.0,0.0,1574.5,False,False,True
BBB,2013B,528698,Pass,1897.0,84.0,26.0,83.0,782.0,0.0,1830.5,False,False,True
GGG,2013J,581965,Distinction,1897.0,125.0,38.0,160.5,696.0,0.0,1499.25,False,False,True
BBB,2013J,587297,Pass,1890.0,106.0,37.0,42.0,655.0,0.0,1574.5,False,False,True
BBB,2013J,2320306,Pass,1890.0,136.0,38.0,42.0,655.0,0.0,1574.5,False,False,True
BBB,2013J,597886,Distinction,1888.0,169.0,40.0,42.0,655.0,0.0,1574.5,False,False,True
BBB,2013J,2642717,Pass,1888.0,127.0,38.0,42.0,655.0,0.0,1574.5,False,False,True
GGG,2013J,609761,Pass,1887.0,88.0,35.0,160.5,696.0,0.0,1499.25,False,False,True
BBB,2014B,2533391,Distinction,1886.0,132.0,34.0,18.0,561.0,0.0,1375.5,False,False,True
GGG,2014J,649095,Pass,1886.0,81.0,35.0,114.0,715.0,0.0,1616.5,False,False,True
BBB,2013J,261466,Pass,1868.0,78.0,36.0,42.0,655.0,0.0,1574.5,False,False,True
BBB,2014B,294513,Distinction,1866.0,114.0,34.0,18.0,561.0,0.0,1375.5,False,False,True
BBB,2013J,534133,Pass,1864.0,101.0,33.0,42.0,655.0,0.0,1574.5,False,False,True
BBB,2013B,502717,Pass,1860.0,108.0,32.0,83.0,782.0,0.0,1830.5,False,False,True
BBB,2013J,258035,Distinction,1859.0,107.0,35.0,42.0,655.0,0.0,1574.5,False,False,True
BBB,2013J,600279,Pass,1858.0,138.0,36.0,42.0,655.0,0.0,1574.5,False,False,True
BBB,2013B,521394,Pass,1856.0,89.0,31.0,83.0,782.0,0.0,1830.5,False,False,True
BBB,2013J,592322,Pass,1856.0,157.0,37.0,42.0,655.0,0.0,1574.5,False,False,True
BBB,2013B,29144,Fail,1855.0,123.0,32.0,83.0,782.0,0.0,1830.5,False,False,True
BBB,2013B,556892,Pass,1854.0,82.0,33.0,83.0,782.0,0.0,1830.5,False,False,True
GGG,2014J,644470,Pass,1853.0,88.0,35.0,114.0,715.0,0.0,1616.5,False,False,True
BBB,2013J,589411,Distinction,1848.0,100.0,33.0,42.0,655.0,0.0,1574.5,False,False,True
GGG,2014B,635035,Pass,1843.0,111.0,34.0,102.0,658.0,0.0,1492.0,False,False,True
BBB,2013J,515646,Pass,1838.0,75.0,34.0,42.0,655.0,0.0,1574.5,False,False,True
GGG,2014B,599276,Distinction,1833.0,126.0,34.0,102.0,658.0,0.0,1492.0,False,False,True
BBB,2013J,540682,Pass,1831.0,98.0,37.0,42.0,655.0,0.0,1574.5,False,False,True
BBB,2013J,2029037,Pass,1828.0,114.0,38.0,42.0,655.0,0.0,1574.5,False,False,True
BBB,2013J,2680344,Pass,1827.0,128.0,38.0,42.0,655.0,0.0,1574.5,False,False,True
BBB,2013J,574320,Distinction,1826.0,126.0,38.0,42.0,655.0,0.0,1574.5,False,False,True
BBB,2014B,1502193,Pass,1820.0,105.0,35.0,18.0,561.0,0.0,1375.5,False,False,True
BBB,2014B,558084,Pass,1800.0,128.0,34.0,18.0,561.0,0.0,1375.5,False,False,True
GGG,2014J,644144,Distinction,1800.0,105.0,38.0,114.0,715.0,0.0,1616.5,False,False,True
BBB,2013J,615127,Distinction,1794.0,170.0,40.0,42.0,655.0,0.0,1574.5,False,False,True
GGG,2013J,562913,Pass,1793.0,59.0,26.0,160.5,696.0,0.0,1499.25,False,False,True
GGG,2014J,2270562,Distinction,1792.0,162.0,37.0,114.0,715.0,0.0,1616.5,False,False,True
BBB,2013J,2187146,Distinction,1784.0,193.0,41.0,42.0,655.0,0.0,1574.5,False,False,True
BBB,2014B,289108,Pass,1780.0,85.0,23.0,18.0,561.0,0.0,1375.5,False,False,True
GGG,2014B,615283,Fail,1775.0,70.0,29.0,102.0,658.0,0.0,1492.0,False,False,True
BBB,2014B,383241,Pass,1771.0,99.0,32.0,18.0,561.0,0.0,1375.5,False,False,True
GGG,2014J,629258,Fail,1771.0,76.0,28.0,114.0,715.0,0.0,1616.5,False,False,True
GGG,2014J,656756,Pass,1771.0,105.0,33.0,114.0,715.0,0.0,1616.5,False,False,True
BBB,2014B,586712,Pass,1770.0,168.0,36.0,18.0,561.0,0.0,1375.5,False,False,True
BBB,2014B,629490,Fail,1765.0,111.0,34.0,18.0,561.0,0.0,1375.5,False,False,True
BBB,2013J,574348,Pass,1762.0,126.0,37.0,42.0,655.0,0.0,1574.5,False,False,True
BBB,2013J,73489,Pass,1753.0,144.0,38.0,42.0,655.0,0.0,1574.5,False,False,True
BBB,2014B,327003,Distinction,1748.0,89.0,30.0,18.0,561.0,0.0,1375.5,False,False,True
GGG,2014B,1413027,Pass,1737.0,79.0,31.0,102.0,658.0,0.0,1492.0,False,False,True
BBB,2013J,611315,Distinction,1734.0,94.0,32.0,42.0,655.0,0.0,1574.5,False,False,True
BBB,2013J,48040,Pass,1733.0,158.0,40.0,42.0,655.0,0.0,1574.5,False,False,True
BBB,2014B,587780,Pass,1733.0,118.0,34.0,18.0,561.0,0.0,1375.5,False,False,True
BBB,2014B,2652209,Pass,1733.0,98.0,27.0,18.0,561.0,0.0,1375.5,False,False,True
GGG,2014B,622166,Pass,1733.0,159.0,35.0,102.0,658.0,0.0,1492.0,False,False,True
BBB,2014B,492895,Withdrawn,1732.0,57.0,15.0,18.0,561.0,0.0,1375.5,False,False,True
BBB,2013J,410357,Distinction,1729.0,163.0,41.0,42.0,655.0,0.0,1574.5,False,False,True
BBB,2013J,111942,Pass,1725.0,107.0,34.0,42.0,655.0,0.0,1574.5,False,False,True
BBB,2014B,620128,Pass,1723.0,128.0,35.0,18.0,561.0,0.0,1375.5,False,False,True
GGG,2013J,562696,Distinction,1723.0,57.0,29.0,160.5,696.0,0.0,1499.25,False,False,True
BBB,2014B,597882,Pass,1722.0,60.0,31.0,18.0,561.0,0.0,1375.5,False,False,True
BBB,2013J,604942,Pass,1721.0,77.0,31.0,42.0,655.0,0.0,1574.5,False,False,True
GGG,2013J,597669,Pass,1721.0,129.0,40.0,160.5,696.0,0.0,1499.25,False,False,True
GGG,2014J,686112,Distinction,1720.0,97.0,37.0,114.0,715.0,0.0,1616.5,False,False,True
BBB,2014B,561060,Pass,1714.0,136.0,33.0,18.0,561.0,0.0,1375.5,False,False,True
GGG,2013J,1347253,Pass,1712.0,111.0,35.0,160.5,696.0,0.0,1499.25,False,False,True
BBB,2013J,385820,Pass,1710.0,104.0,37.0,42.0,655.0,0.0,1574.5,False,False,True
BBB,2014B,2108614,Distinction,1709.0,99.0,31.0,18.0,561.0,0.0,1375.5,False,False,True
GGG,2014B,616595,Pass,1709.0,88.0,33.0,102.0,658.0,0.0,1492.0,False,False,True
BBB,2013J,2334319,Pass,1708.0,142.0,37.0,42.0,655.0,0.0,1574.5,False,False,True
GGG,2013J,598840,Pass,1705.0,55.0,30.0,160.5,696.0,0.0,1499.25,False,False,True
BBB,2014B,381533,Pass,1696.0,101.0,32.0,18.0,561.0,0.0,1375.5,False,False,True
BBB,2014B,381909,Distinction,1690.0,78.0,26.0,18.0,561.0,0.0,1375.5,False,False,True
BBB,2014B,620427,Distinction,1690.0,105.0,32.0,18.0,561.0,0.0,1375.5,False,False,True
GGG,2013J,586981,Fail,1690.0,96.0,23.0,160.5,696.0,0.0,1499.25,False,False,True
BBB,2014B,630718,Pass,1688.0,113.0,34.0,18.0,561.0,0.0,1375.5,False,False,True
GGG,2014J,687653,Pass,1684.0,109.0,33.0,114.0,715.0,0.0,1616.5,False,False,True
BBB,2013J,514864,Pass,1681.0,198.0,41.0,42.0,655.0,0.0,1574.5,False,False,True
BBB,2013J,1536774,Pass,1676.0,133.0,38.0,42.0,655.0,0.0,1574.5,False,False,True
BBB,2013J,414028,Distinction,1675.0,140.0,39.0,42.0,655.0,0.0,1574.5,False,False,True
BBB,2013J,611688,Pass,1674.0,98.0,34.0,42.0,655.0,0.0,1574.5,False,False,True
BBB,2014B,633929,Pass,1673.0,99.0,31.0,18.0,561.0,0.0,1375.5,False,False,True
GGG,2014J,607342,Distinction,1672.0,126.0,33.0,114.0,715.0,0.0,1616.5,False,False,True
BBB,2014B,620072,Fail,1666.0,73.0,33.0,18.0,561.0,0.0,1375.5,False,False,True
GGG,2014B,442877,Pass,1665.0,83.0,31.0,102.0,658.0,0.0,1492.0,False,False,True
BBB,2013J,2464683,Pass,1664.0,75.0,39.0,42.0,655.0,0.0,1574.5,False,False,True
GGG,2014J,613059,Pass,1664.0,121.0,37.0,114.0,715.0,0.0,1616.5,False,False,True
BBB,2013J,522894,Pass,1660.0,131.0,37.0,42.0,655.0,0.0,1574.5,False,False,True
BBB,2013J,269204,Pass,1653.0,113.0,35.0,42.0,655.0,0.0,1574.5,False,False,True
GGG,2013J,574988,Pass,1651.0,119.0,35.0,160.5,696.0,0.0,1499.25,False,False,True
GGG,2013J,581956,Distinction,1640.0,182.0,39.0,160.5,696.0,0.0,1499.25,False,False,True
GGG,2014J,505216,Pass,1639.0,90.0,36.0,114.0,715.0,0.0,1616.5,False,False,True
BBB,2013J,614546,Distinction,1634.0,124.0,38.0,42.0,655.0,0.0,1574.5,False,False,True
GGG,2013J,2312783,Fail,1633.0,91.0,22.0,160.5,696.0,0.0,1499.25,False,False,True
BBB,2013J,530841,Pass,1631.0,124.0,36.0,42.0,655.0,0.0,1574.5,False,False,True
GGG,2014B,624679,Fail,1626.0,91.0,31.0,102.0,658.0,0.0,1492.0,False,False,True
BBB,2013J,570623,Pass,1625.0,121.0,36.0,42.0,655.0,0.0,1574.5,False,False,True
BBB,2013J,582474,Pass,1623.0,130.0,39.0,42.0,655.0,0.0,1574.5,False,False,True
BBB,2014B,556877,Pass,1623.0,117.0,33.0,18.0,561.0,0.0,1375.5,False,False,True
BBB,2014B,612862,Distinction,1619.0,72.0,23.0,18.0,561.0,0.0,1375.5,False,False,True
GGG,2014J,693387,Pass,1617.0,95.0,39.0,114.0,715.0,0.0,1616.5,False,False,True
GGG,2013J,560653,Pass,1610.0,65.0,25.0,160.5,696.0,0.0,1499.25,False,False,True
BBB,2014B,627380,Pass,1604.0,80.0,31.0,18.0,561.0,0.0,1375.5,False,False,True
BBB,2013J,485006,Pass,1597.0,123.0,37.0,42.0,655.0,0.0,1574.5,False,False,True
BBB,2013J,598907,Pass,1597.0,172.0,39.0,42.0,655.0,0.0,1574.5,False,False,True
GGG,2013J,587161,Pass,1597.0,102.0,30.0,160.5,696.0,0.0,1499.25,False,False,True
BBB,2013J,286402,Distinction,1596.0,121.0,38.0,42.0,655.0,0.0,1574.5,False,False,True
BBB,2013J,2512392,Pass,1594.0,90.0,27.0,42.0,655.0,0.0,1574.5,False,False,True
BBB,2014B,628287,Fail,1594.0,117.0,35.0,18.0,561.0,0.0,1375.5,False,False,True
BBB,2013J,582394,Pass,1585.0,130.0,35.0,42.0,655.0,0.0,1574.5,False,False,True
BBB,2013J,1440341,Pass,1583.0,128.0,40.0,42.0,655.0,0.0,1574.5,False,False,True
BBB,2014B,634412,Pass,1577.0,77.0,30.0,18.0,561.0,0.0,1375.5,False,False,True
GGG,2013J,576445,Pass,1576.0,109.0,38.0,160.5,696.0,0.0,1499.25,False,False,True
GGG,2013J,587529,Pass,1571.0,108.0,33.0,160.5,696.0,0.0,1499.25,False,False,True
GGG,2013J,603913,Pass,1570.0,73.0,32.0,160.5,696.0,0.0,1499.25,False,False,True
BBB,2014B,635136,Pass,1567.0,115.0,34.0,18.0,561.0,0.0,1375.5,False,False,True
BBB,2014B,506622,Distinction,1562.0,87.0,32.0,18.0,561.0,0.0,1375.5,False,False,True
GGG,2013J,595305,Pass,1554.0,107.0,33.0,160.5,696.0,0.0,1499.25,False,False,True
GGG,2014B,603064,Fail,1554.0,96.0,34.0,102.0,658.0,0.0,1492.0,False,False,True
BBB,2014B,634833,Distinction,1543.0,115.0,33.0,18.0,561.0,0.0,1375.5,False,False,True
GGG,2013J,556520,Distinction,1538.0,122.0,37.0,160.5,696.0,0.0,1499.25,False,False,True
GGG,2013J,597114,Distinction,1530.0,139.0,35.0,160.5,696.0,0.0,1499.25,False,False,True
GGG,2014B,596751,Distinction,1529.0,123.0,36.0,102.0,658.0,0.0,1492.0,False,False,True
BBB,2014B,635230,Distinction,1528.0,91.0,30.0,18.0,561.0,0.0,1375.5,False,False,True
GGG,2014B,627787,Pass,1515.0,79.0,30.0,102.0,658.0,0.0,1492.0,False,False,True
BBB,2014B,535077,Pass,1513.0,70.0,27.0,18.0,561.0,0.0,1375.5,False,False,True
BBB,2014B,632503,Distinction,1508.0,60.0,28.0,18.0,561.0,0.0,1375.5,False,False,True
GGG,2014B,614893,Pass,1502.0,104.0,32.0,102.0,658.0,0.0,1492.0,False,False,True
GGG,2014B,620317,Pass,1502.0,114.0,31.0,102.0,658.0,0.0,1492.0,False,False,True
BBB,2014B,397747,Pass,1496.0,85.0,32.0,18.0,561.0,0.0,1375.5,False,False,True
BBB,2014B,567048,Pass,1492.0,102.0,34.0,18.0,561.0,0.0,1375.5,False,False,True
BBB,2014B,1406920,Pass,1485.0,55.0,26.0,18.0,561.0,0.0,1375.5,False,False,True
BBB,2014B,545196,Pass,1484.0,85.0,29.0,18.0,561.0,0.0,1375.5,False,False,True
BBB,2014B,613703,Fail,1484.0,81.0,29.0,18.0,561.0,0.0,1375.5,False,False,True
BBB,2014B,599495,Distinction,1478.0,95.0,32.0,18.0,561.0,0.0,1375.5,False,False,True
BBB,2014B,588302,Pass,1466.0,113.0,35.0,18.0,561.0,0.0,1375.5,False,False,True
BBB,2014B,597316,Pass,1437.0,86.0,31.0,18.0,561.0,0.0,1375.5,False,False,True
BBB,2014B,325080,Pass,1421.0,95.0,31.0,18.0,561.0,0.0,1375.5,False,False,True
BBB,2014B,537373,Pass,1404.0,104.0,32.0,18.0,561.0,0.0,1375.5,False,False,True
BBB,2014B,2541388,Pass,1402.0,102.0,30.0,18.0,561.0,0.0,1375.5,False,False,True
BBB,2014B,634928,Pass,1391.0,82.0,29.0,18.0,561.0,0.0,1375.5,False,False,True
AAA,2013J,292923,Withdrawn,0.0,0.0,0.0,555.0,2007.5,0.0,4186.25,True,False,False
AAA,2013J,405961,Withdrawn,0.0,0.0,0.0,555.0,2007.5,0.0,4186.25,True,False,False
AAA,2013J,2318055,Withdrawn,0.0,0.0,0.0,555.0,2007.5,0.0,4186.25,True,False,False
AAA,2013J,2324976,Withdrawn,0.0,0.0,0.0,555.0,2007.5,0.0,4186.25,True,False,False
AAA,2013J,2365101,Withdrawn,0.0,0.0,0.0,555.0,2007.5,0.0,4186.25,True,False,False
AAA,2014J,260355,Withdrawn,0.0,0.0,0.0,440.0,2102.0,0.0,4595.0,True,False,False
AAA,2014J,323805,Withdrawn,0.0,0.0,0.0,440.0,2102.0,0.0,4595.0,True,False,False
AAA,2014J,328734,Withdrawn,0.0,0.0,0.0,440.0,2102.0,0.0,4595.0,True,False,False
AAA,2014J,488382,Withdrawn,0.0,0.0,0.0,440.0,2102.0,0.0,4595.0,True,False,False
AAA,2014J,567922,Withdrawn,0.0,0.0,0.0,440.0,2102.0,0.0,4595.0,True,False,False
AAA,2014J,623710,Withdrawn,0.0,0.0,0.0,440.0,2102.0,0.0,4595.0,True,False,False
AAA,2014J,1469279,Withdrawn,0.0,0.0,0.0,440.0,2102.0,0.0,4595.0,True,False,False
AAA,2014J,2365101,Withdrawn,0.0,0.0,0.0,440.0,2102.0,0.0,4595.0,True,False,False
BBB,2013B,34694,Withdrawn,0.0,0.0,0.0,83.0,782.0,0.0,1830.5,True,False,False
BBB,2013B,72070,Withdrawn,0.0,0.0,0.0,83.0,782.0,0.0,1830.5,True,False,False
BBB,2013B,79378,Fail,0.0,0.0,0.0,83.0,782.0,0.0,1830.5,True,False,False
BBB,2013B,87604,Withdrawn,0.0,0.0,0.0,83.0,782.0,0.0,1830.5,True,False,False
BBB,2013B,88580,Withdrawn,0.0,0.0,0.0,83.0,782.0,0.0,1830.5,True,False,False
BBB,2013B,122524,Fail,0.0,0.0,0.0,83.0,782.0,0.0,1830.5,True,False,False
BBB,2013B,123379,Withdrawn,0.0,0.0,0.0,83.0,782.0,0.0,1830.5,True,False,False
BBB,2013B,127209,Withdrawn,0.0,0.0,0.0,83.0,782.0,0.0,1830.5,True,False,False
BBB,2013B,133531,Fail,0.0,0.0,0.0,83.0,782.0,0.0,1830.5,True,False,False
BBB,2013B,143854,Withdrawn,0.0,0.0,0.0,83.0,782.0,0.0,1830.5,True,False,False
BBB,2013B,171377,Fail,0.0,0.0,0.0,83.0,782.0,0.0,1830.5,True,False,False
BBB,2013B,174321,Withdrawn,0.0,0.0,0.0,83.0,782.0,0.0,1830.5,True,False,False
BBB,2013B,185240,Withdrawn,0.0,0.0,0.0,83.0,782.0,0.0,1830.5,True,False,False
BBB,2013B,205231,Fail,0.0,0.0,0.0,83.0,782.0,0.0,1830.5,True,False,False
BBB,2013B,228235,Withdrawn,0.0,0.0,0.0,83.0,782.0,0.0,1830.5,True,False,False
BBB,2013B,230348,Withdrawn,0.0,0.0,0.0,83.0,782.0,0.0,1830.5,True,False,False
BBB,2013B,232600,Withdrawn,0.0,0.0,0.0,83.0,782.0,0.0,1830.5,True,False,False
BBB,2013B,232745,Withdrawn,0.0,0.0,0.0,83.0,782.0,0.0,1830.5,True,False,False
BBB,2013B,252652,Withdrawn,0.0,0.0,0.0,83.0,782.0,0.0,1830.5,True,False,False
BBB,2013B,256215,Withdrawn,0.0,0.0,0.0,83.0,782.0,0.0,1830.5,True,False,False
BBB,2013B,259182,Withdrawn,0.0,0.0,0.0,83.0,782.0,0.0,1830.5,True,False,False
BBB,2013B,263531,Withdrawn,0.0,0.0,0.0,83.0,782.0,0.0,1830.5,True,False,False
BBB,2013B,265405,Withdrawn,0.0,0.0,0.0,83.0,782.0,0.0,1830.5,True,False,False
BBB,2013B,269289,Withdrawn,0.0,0.0,0.0,83.0,782.0,0.0,1830.5,True,False,False
BBB,2013B,291701,Withdrawn,0.0,0.0,0.0,83.0,782.0,0.0,1830.5,True,False,False
BBB,2013B,296408,Withdrawn,0.0,0.0,0.0,83.0,782.0,0.0,1830.5,True,False,False
BBB,2013B,299561,Withdrawn,0.0,0.0,0.0,83.0,782.0,0.0,1830.5,True,False,False
BBB,2013B,302550,Withdrawn,0.0,0.0,0.0,83.0,782.0,0.0,1830.5,True,False,False
BBB,2013B,322745,Fail,0.0,0.0,0.0,83.0,782.0,0.0,1830.5,True,False,False
BBB,2013B,323914,Fail,0.0,0.0,0.0,83.0,782.0,0.0,1830.5,True,False,False
BBB,2013B,338912,Withdrawn,0.0,0.0,0.0,83.0,782.0,0.0,1830.5,True,False,False
BBB,2013B,341235,Withdrawn,0.0,0.0,0.0,83.0,782.0,0.0,1830.5,True,False,False
BBB,2013B,353918,Withdrawn,0.0,0.0,0.0,83.0,782.0,0.0,1830.5,True,False,False
BBB,2013B,354815,Withdrawn,0.0,0.0,0.0,83.0,782.0,0.0,1830.5,True,False,False
BBB,2013B,357038,Fail,0.0,0.0,0.0,83.0,782.0,0.0,1830.5,True,False,False
BBB,2013B,359170,Withdrawn,0.0,0.0,0.0,83.0,782.0,0.0,1830.5,True,False,False
BBB,2013B,364323,Withdrawn,0.0,0.0,0.0,83.0,782.0,0.0,1830.5,True,False,False
BBB,2013B,366821,Fail,0.0,0.0,0.0,83.0,782.0,0.0,1830.5,True,False,False
BBB,2013B,369212,Withdrawn,0.0,0.0,0.0,83.0,782.0,0.0,1830.5,True,False,False
BBB,2013B,372624,Withdrawn,0.0,0.0,0.0,83.0,782.0,0.0,1830.5,True,False,False
BBB,2013B,375312,Withdrawn,0.0,0.0,0.0,83.0,782.0,0.0,1830.5,True,False,False
BBB,2013B,377695,Withdrawn,0.0,0.0,0.0,83.0,782.0,0.0,1830.5,True,False,False
BBB,2013B,379405,Withdrawn,0.0,0.0,0.0,83.0,782.0,0.0,1830.5,True,False,False
BBB,2013B,381640,Fail,0.0,0.0,0.0,83.0,782.0,0.0,1830.5,True,False,False
BBB,2013B,386957,Fail,0.0,0.0,0.0,83.0,782.0,0.0,1830.5,True,False,False
BBB,2013B,387276,Withdrawn,0.0,0.0,0.0,83.0,782.0,0.0,1830.5,True,False,False
BBB,2013B,388014,Withdrawn,0.0,0.0,0.0,83.0,782.0,0.0,1830.5,True,False,False
BBB,2013B,393327,Withdrawn,0.0,0.0,0.0,83.0,782.0,0.0,1830.5,True,False,False
BBB,2013B,398949,Withdrawn,0.0,0.0,0.0,83.0,782.0,0.0,1830.5,True,False,False
BBB,2013B,398965,Withdrawn,0.0,0.0,0.0,83.0,782.0,0.0,1830.5,True,False,False
BBB,2013B,399108,Withdrawn,0.0,0.0,0.0,83.0,782.0,0.0,1830.5,True,False,False
BBB,2013B,400718,Withdrawn,0.0,0.0,0.0,83.0,782.0,0.0,1830.5,True,False,False
BBB,2013B,402660,Withdrawn,0.0,0.0,0.0,83.0,782.0,0.0,1830.5,True,False,False
BBB,2013B,403191,Withdrawn,0.0,0.0,0.0,83.0,782.0,0.0,1830.5,True,False,False
BBB,2013B,415548,Withdrawn,0.0,0.0,0.0,83.0,782.0,0.0,1830.5,True,False,False
BBB,2013B,429158,Withdrawn,0.0,0.0,0.0,83.0,782.0,0.0,1830.5,True,False,False
BBB,2013B,434094,Fail,0.0,0.0,0.0,83.0,782.0,0.0,1830.5,True,False,False
BBB,2013B,438379,Withdrawn,0.0,0.0,0.0,83.0,782.0,0.0,1830.5,True,False,False
BBB,2013B,441423,Withdrawn,0.0,0.0,0.0,83.0,782.0,0.0,1830.5,True,False,False
BBB,2013B,443452,Fail,0.0,0.0,0.0,83.0,782.0,0.0,1830.5,True,False,False
BBB,2013B,446145,Fail,0.0,0.0,0.0,83.0,782.0,0.0,1830.5,True,False,False
BBB,2013B,475078,Withdrawn,0.0,0.0,0.0,83.0,782.0,0.0,1830.5,True,False,False
BBB,2013B,479267,Withdrawn,0.0,0.0,0.0,83.0,782.0,0.0,1830.5,True,False,False
BBB,2013B,485352,Withdrawn,0.0,0.0,0.0,83.0,782.0,0.0,1830.5,True,False,False
BBB,2013B,486214,Withdrawn,0.0,0.0,0.0,83.0,782.0,0.0,1830.5,True,False,False
BBB,2013B,488929,Withdrawn,0.0,0.0,0.0,83.0,782.0,0.0,1830.5,True,False,False
BBB,2013B,490733,Withdrawn,0.0,0.0,0.0,83.0,782.0,0.0,1830.5,True,False,False
BBB,2013B,492336,Withdrawn,0.0,0.0,0.0,83.0,782.0,0.0,1830.5,True,False,False
BBB,2013B,494304,Fail,0.0,0.0,0.0,83.0,782.0,0.0,1830.5,True,False,False
BBB,2013B,495377,Withdrawn,0.0,0.0,0.0,83.0,782.0,0.0,1830.5,True,False,False
BBB,2013B,495875,Withdrawn,0.0,0.0,0.0,83.0,782.0,0.0,1830.5,True,False,False
BBB,2013B,495913,Withdrawn,0.0,0.0,0.0,83.0,782.0,0.0,1830.5,True,False,False
BBB,2013B,502279,Withdrawn,0.0,0.0,0.0,83.0,782.0,0.0,1830.5,True,False,False
BBB,2013B,505123,Withdrawn,0.0,0.0,0.0,83.0,782.0,0.0,1830.5,True,False,False
BBB,2013B,505499,Withdrawn,0.0,0.0,0.0,83.0,782.0,0.0,1830.5,True,False,False
BBB,2013B,505592,Withdrawn,0.0,0.0,0.0,83.0,782.0,0.0,1830.5,True,False,False
BBB,2013B,505694,Fail,0.0,0.0,0.0,83.0,782.0,0.0,1830.5,True,False,False
BBB,2013B,507221,Withdrawn,0.0,0.0,0.0,83.0,782.0,0.0,1830.5,True,False,False
BBB,2013B,507485,Withdrawn,0.0,0.0,0.0,83.0,782.0,0.0,1830.5,True,False,False
BBB,2013B,508103,Withdrawn,0.0,0.0,0.0,83.0,782.0,0.0,1830.5,True,False,False
BBB,2013B,509130,Withdrawn,0.0,0.0,0.0,83.0,782.0,0.0,1830.5,True,False,False
BBB,2013B,509295,Withdrawn,0.0,0.0,0.0,83.0,782.0,0.0,1830.5,True,False,False
BBB,2013B,509334,Withdrawn,0.0,0.0,0.0,83.0,782.0,0.0,1830.5,True,False,False
BBB,2013B,511652,Withdrawn,0.0,0.0,0.0,83.0,782.0,0.0,1830.5,True,False,False
BBB,2013B,512468,Fail,0.0,0.0,0.0,83.0,782.0,0.0,1830.5,True,False,False
BBB,2013B,512924,Withdrawn,0.0,0.0,0.0,83.0,782.0,0.0,1830.5,True,False,False
BBB,2013B,513005,Fail,0.0,0.0,0.0,83.0,782.0,0.0,1830.5,True,False,False
BBB,2013B,513016,Withdrawn,0.0,0.0,0.0,83.0,782.0,0.0,1830.5,True,False,False
BBB,2013B,513196,Withdrawn,0.0,0.0,0.0,83.0,782.0,0.0,1830.5,True,False,False
BBB,2013B,513368,Withdrawn,0.0,0.0,0.0,83.0,782.0,0.0,1830.5,True,False,False
BBB,2013B,514819,Withdrawn,0.0,0.0,0.0,83.0,782.0,0.0,1830.5,True,False,False
BBB,2013B,515174,Withdrawn,0.0,0.0,0.0,83.0,782.0,0.0,1830.5,True,False,False
BBB,2013B,517853,Fail,0.0,0.0,0.0,83.0,782.0,0.0,1830.5,True,False,False
BBB,2013B,519647,Withdrawn,0.0,0.0,0.0,83.0,782.0,0.0,1830.5,True,False,False
BBB,2013B,520049,Withdrawn,0.0,0.0,0.0,83.0,782.0,0.0,1830.5,True,False,False
BBB,2013B,520230,Withdrawn,0.0,0.0,0.0,83.0,782.0,0.0,1830.5,True,False,False
BBB,2013B,523789,Withdrawn,0.0,0.0,0.0,83.0,782.0,0.0,1830.5,True,False,False
BBB,2013B,524496,Withdrawn,0.0,0.0,0.0,83.0,782.0,0.0,1830.5,True,False,False
BBB,2013B,525543,Withdrawn,0.0,0.0,0.0,83.0,782.0,0.0,1830.5,True,False,False
BBB,2013B,525797,Fail,0.0,0.0,0.0,83.0,782.0,0.0,1830.5,True,False,False
BBB,2013B,528270,Withdrawn,0.0,0.0,0.0,83.0,782.0,0.0,1830.5,True,False,False
BBB,2013B,529118,Withdrawn,0.0,0.0,0.0,83.0,782.0,0.0,1830.5,True,False,False
BBB,2013B,529767,Withdrawn,0.0,0.0,0.0,83.0,782.0,0.0,1830.5,True,False,False
BBB,2013B,530215,Withdrawn,0.0,0.0,0.0,83.0,782.0,0.0,1830.5,True,False,False
BBB,2013B,530483,Withdrawn,0.0,0.0,0.0,83.0,782.0,0.0,1830.5,True,False,False
BBB,2013B,531481,Withdrawn,0.0,0.0,0.0,83.0,782.0,0.0,1830.5,True,False,False
BBB,2013B,531689,Withdrawn,0.0,0.0,0.0,83.0,782.0,0.0,1830.5,True,False,False
BBB,2013B,532317,Fail,0.0,0.0,0.0,83.0,782.0,0.0,1830.5,True,False,False
BBB,2013B,533512,Withdrawn,0.0,0.0,0.0,83.0,782.0,0.0,1830.5,True,False,False
BBB,2013B,534217,Withdrawn,0.0,0.0,0.0,83.0,782.0,0.0,1830.5,True,False,False
BBB,2013B,534426,Withdrawn,0.0,0.0,0.0,83.0,782.0,0.0,1830.5,True,False,False
BBB,2013B,534713,Withdrawn,0.0,0.0,0.0,83.0,782.0,0.0,1830.5,True,False,False
BBB,2013B,534758,Withdrawn,0.0,0.0,0.0,83.0,782.0,0.0,1830.5,True,False,False
BBB,2013B,534830,Withdrawn,0.0,0.0,0.0,83.0,782.0,0.0,1830.5,True,False,False
BBB,2013B,534922,Withdrawn,0.0,0.0,0.0,83.0,782.0,0.0,1830.5,True,False,False
BBB,2013B,535272,Withdrawn,0.0,0.0,0.0,83.0,782.0,0.0,1830.5,True,False,False
BBB,2013B,535303,Withdrawn,0.0,0.0,0.0,83.0,782.0,0.0,1830.5,True,False,False
BBB,2013B,535526,Withdrawn,0.0,0.0,0.0,83.0,782.0,0.0,1830.5,True,False,False
BBB,2013B,535558,Withdrawn,0.0,0.0,0.0,83.0,782.0,0.0,1830.5,True,False,False
BBB,2013B,536216,Fail,0.0,0.0,0.0,83.0,782.0,0.0,1830.5,True,False,False
BBB,2013B,536471,Withdrawn,0.0,0.0,0.0,83.0,782.0,0.0,1830.5,True,False,False
BBB,2013B,536520,Withdrawn,0.0,0.0,0.0,83.0,782.0,0.0,1830.5,True,False,False
BBB,2013B,536551,Fail,0.0,0.0,0.0,83.0,782.0,0.0,1830.5,True,False,False
BBB,2013B,536670,Withdrawn,0.0,0.0,0.0,83.0,782.0,0.0,1830.5,True,False,False
BBB,2013B,537263,Withdrawn,0.0,0.0,0.0,83.0,782.0,0.0,1830.5,True,False,False
BBB,2013B,537433,Fail,0.0,0.0,0.0,83.0,782.0,0.0,1830.5,True,False,False
BBB,2013B,537584,Fail,0.0,0.0,0.0,83.0,782.0,0.0,1830.5,True,False,False
BBB,2013B,539041,Withdrawn,0.0,0.0,0.0,83.0,782.0,0.0,1830.5,True,False,False
BBB,2013B,540122,Withdrawn,0.0,0.0,0.0,83.0,782.0,0.0,1830.5,True,False,False
BBB,2013B,540568,Withdrawn,0.0,0.0,0.0,83.0,782.0,0.0,1830.5,True,False,False
BBB,2013B,540767,Withdrawn,0.0,0.0,0.0,83.0,782.0,0.0,1830.5,True,False,False
BBB,2013B,541573,Withdrawn,0.0,0.0,0.0,83.0,782.0,0.0,1830.5,True,False,False
BBB,2013B,541709,Withdrawn,0.0,0.0,0.0,83.0,782.0,0.0,1830.5,True,False,False
BBB,2013B,541884,Fail,0.0,0.0,0.0,83.0,782.0,0.0,1830.5,True,False,False
BBB,2013B,542562,Withdrawn,0.0,0.0,0.0,83.0,782.0,0.0,1830.5,True,False,False
BBB,2013B,542622,Fail,0.0,0.0,0.0,83.0,782.0,0.0,1830.5,True,False,False
BBB,2013B,542760,Withdrawn,0.0,0.0,0.0,83.0,782.0,0.0,1830.5,True,False,False
BBB,2013B,543199,Withdrawn,0.0,0.0,0.0,83.0,782.0,0.0,1830.5,True,False,False
BBB,2013B,543365,Withdrawn,0.0,0.0,0.0,83.0,782.0,0.0,1830.5,True,False,False
BBB,2013B,543864,Fail,0.0,0.0,0.0,83.0,782.0,0.0,1830.5,True,False,False
BBB,2013B,543896,Withdrawn,0.0,0.0,0.0,83.0,782.0,0.0,1830.5,True,False,False
BBB,2013B,544435,Withdrawn,0.0,0.0,0.0,83.0,782.0,0.0,1830.5,True,False,False
BBB,2013B,544491,Withdrawn,0.0,0.0,0.0,83.0,782.0,0.0,1830.5,True,False,False
BBB,2013B,544686,Withdrawn,0.0,0.0,0.0,83.0,782.0,0.0,1830.5,True,False,False
BBB,2013B,544796,Withdrawn,0.0,0.0,0.0,83.0,782.0,0.0,1830.5,True,False,False
BBB,2013B,545001,Withdrawn,0.0,0.0,0.0,83.0,782.0,0.0,1830.5,True,False,False
BBB,2013B,545240,Fail,0.0,0.0,0.0,83.0,782.0,0.0,1830.5,True,False,False
BBB,2013B,545514,Withdrawn,0.0,0.0,0.0,83.0,782.0,0.0,1830.5,True,False,False
BBB,2013B,545780,Fail,0.0,0.0,0.0,83.0,782.0,0.0,1830.5,True,False,False
BBB,2013B,545799,Withdrawn,0.0,0.0,0.0,83.0,782.0,0.0,1830.5,True,False,False
BBB,2013B,545927,Withdrawn,0.0,0.0,0.0,83.0,782.0,0.0,1830.5,True,False,False
BBB,2013B,546015,Withdrawn,0.0,0.0,0.0,83.0,782.0,0.0,1830.5,True,False,False
BBB,2013B,546786,Withdrawn,0.0,0.0,0.0,83.0,782.0,0.0,1830.5,True,False,False
BBB,2013B,546892,Withdrawn,0.0,0.0,0.0,83.0,782.0,0.0,1830.5,True,False,False
BBB,2013B,546941,Withdrawn,0.0,0.0,0.0,83.0,782.0,0.0,1830.5,True,False,False
BBB,2013B,547052,Withdrawn,0.0,0.0,0.0,83.0,782.0,0.0,1830.5,True,False,False
BBB,2013B,547472,Withdrawn,0.0,0.0,0.0,83.0,782.0,0.0,1830.5,True,False,False
BBB,2013B,547855,Withdrawn,0.0,0.0,0.0,83.0,782.0,0.0,1830.5,True,False,False
BBB,2013B,548097,Fail,0.0,0.0,0.0,83.0,782.0,0.0,1830.5,True,False,False
BBB,2013B,548321,Withdrawn,0.0,0.0,0.0,83.0,782.0,0.0,1830.5,True,False,False
BBB,2013B,548520,Fail,0.0,0.0,0.0,83.0,782.0,0.0,1830.5,True,False,False
BBB,2013B,548881,Withdrawn,0.0,0.0,0.0,83.0,782.0,0.0,1830.5,True,False,False
BBB,2013B,548990,Withdrawn,0.0,0.0,0.0,83.0,782.0,0.0,1830.5,True,False,False
BBB,2013B,549203,Fail,0.0,0.0,0.0,83.0,782.0,0.0,1830.5,True,False,False
BBB,2013B,549352,Withdrawn,0.0,0.0,0.0,83.0,782.0,0.0,1830.5,True,False,False
BBB,2013B,549406,Fail,0.0,0.0,0.0,83.0,782.0,0.0,1830.5,True,False,False
BBB,2013B,549563,Withdrawn,0.0,0.0,0.0,83.0,782.0,0.0,1830.5,True,False,False
BBB,2013B,550018,Fail,0.0,0.0,0.0,83.0,782.0,0.0,1830.5,True,False,False
BBB,2013B,550208,Withdrawn,0.0,0.0,0.0,83.0,782.0,0.0,1830.5,True,False,False
BBB,2013B,550676,Withdrawn,0.0,0.0,0.0,83.0,782.0,0.0,1830.5,True,False,False
BBB,2013B,550842,Withdrawn,0.0,0.0,0.0,83.0,782.0,0.0,1830.5,True,False,False
BBB,2013B,551504,Fail,0.0,0.0,0.0,83.0,782.0,0.0,1830.5,True,False,False
BBB,2013B,551601,Withdrawn,0.0,0.0,0.0,83.0,782.0,0.0,1830.5,True,False,False
BBB,2013B,551724,Withdrawn,0.0,0.0,0.0,83.0,782.0,0.0,1830.5,True,False,False
BBB,2013B,551762,Withdrawn,0.0,0.0,0.0,83.0,782.0,0.0,1830.5,True,False,False
BBB,2013B,551891,Withdrawn,0.0,0.0,0.0,83.0,782.0,0.0,1830.5,True,False,False
BBB,2013B,552056,Withdrawn,0.0,0.0,0.0,83.0,782.0,0.0,1830.5,True,False,False
BBB,2013B,552420,Withdrawn,0.0,0.0,0.0,83.0,782.0,0.0,1830.5,True,False,False
BBB,2013B,552939,Withdrawn,0.0,0.0,0.0,83.0,782.0,0.0,1830.5,True,False,False
BBB,2013B,553526,Withdrawn,0.0,0.0,0.0,83.0,782.0,0.0,1830.5,True,False,False
BBB,2013B,554249,Withdrawn,0.0,0.0,0.0,83.0,782.0,0.0,1830.5,True,False,False
BBB,2013B,554290,Withdrawn,0.0,0.0,0.0,83.0,782.0,0.0,1830.5,True,False,False
BBB,2013B,554362,Withdrawn,0.0,0.0,0.0,83.0,782.0,0.0,1830.5,True,False,False
BBB,2013B,554454,Withdrawn,0.0,0.0,0.0,83.0,782.0,0.0,1830.5,True,False,False
BBB,2013B,554920,Withdrawn,0.0,0.0,0.0,83.0,782.0,0.0,1830.5,True,False,False
BBB,2013B,555212,Withdrawn,0.0,0.0,0.0,83.0,782.0,0.0,1830.5,True,False,False
BBB,2013B,555338,Withdrawn,0.0,0.0,0.0,83.0,782.0,0.0,1830.5,True,False,False
BBB,2013B,555707,Withdrawn,0.0,0.0,0.0,83.0,782.0,0.0,1830.5,True,False,False
BBB,2013B,555995,Withdrawn,0.0,0.0,0.0,83.0,782.0,0.0,1830.5,True,False,False
BBB,2013B,556224,Fail,0.0,0.0,0.0,83.0,782.0,0.0,1830.5,True,False,False
BBB,2013B,556585,Withdrawn,0.0,0.0,0.0,83.0,782.0,0.0,1830.5,True,False,False
BBB,2013B,556929,Withdrawn,0.0,0.0,0.0,83.0,782.0,0.0,1830.5,True,False,False
BBB,2013B,557155,Withdrawn,0.0,0.0,0.0,83.0,782.0,0.0,1830.5,True,False,False
BBB,2013B,557170,Withdrawn,0.0,0.0,0.0,83.0,782.0,0.0,1830.5,True,False,False
BBB,2013B,557338,Withdrawn,0.0,0.0,0.0,83.0,782.0,0.0,1830.5,True,False,False
BBB,2013B,557729,Withdrawn,0.0,0.0,0.0,83.0,782.0,0.0,1830.5,True,False,False
BBB,2013B,557803,Fail,0.0,0.0,0.0,83.0,782.0,0.0,1830.5,True,False,False
BBB,2013B,557865,Fail,0.0,0.0,0.0,83.0,782.0,0.0,1830.5,True,False,False
BBB,2013B,557997,Withdrawn,0.0,0.0,0.0,83.0,782.0,0.0,1830.5,True,False,False
BBB,2013B,558212,Withdrawn,0.0,0.0,0.0,83.0,782.0,0.0,1830.5,True,False,False
BBB,2013B,558231,Withdrawn,0.0,0.0,0.0,83.0,782.0,0.0,1830.5,True,False,False
BBB,2013B,558326,Withdrawn,0.0,0.0,0.0,83.0,782.0,0.0,1830.5,True,False,False
BBB,2013B,558395,Withdrawn,0.0,0.0,0.0,83.0,782.0,0.0,1830.5,True,False,False
BBB,2013B,558974,Withdrawn,0.0,0.0,0.0,83.0,782.0,0.0,1830.5,True,False,False
BBB,2013B,559291,Withdrawn,0.0,0.0,0.0,83.0,782.0,0.0,1830.5,True,False,False
BBB,2013B,560102,Withdrawn,0.0,0.0,0.0,83.0,782.0,0.0,1830.5,True,False,False
BBB,2013B,560161,Withdrawn,0.0,0.0,0.0,83.0,782.0,0.0,1830.5,True,False,False
BBB,2013B,560458,Withdrawn,0.0,0.0,0.0,83.0,782.0,0.0,1830.5,True,False,False
BBB,2013B,562146,Withdrawn,0.0,0.0,0.0,83.0,782.0,0.0,1830.5,True,False,False
BBB,2013B,562483,Fail,0.0,0.0,0.0,83.0,782.0,0.0,1830.5,True,False,False
BBB,2013B,630346,Fail,0.0,0.0,0.0,83.0,782.0,0.0,1830.5,True,False,False
BBB,2013B,1996746,Withdrawn,0.0,0.0,0.0,83.0,782.0,0.0,1830.5,True,False,False
BBB,2013B,2287671,Withdrawn,0.0,0.0,0.0,83.0,782.0,0.0,1830.5,True,False,False
BBB,2013B,2394212,Withdrawn,0.0,0.0,0.0,83.0,782.0,0.0,1830.5,True,False,False
BBB,2013B,2399361,Withdrawn,0.0,0.0,0.0,83.0,782.0,0.0,1830.5,True,False,False
BBB,2013B,2425333,Fail,0.0,0.0,0.0,83.0,782.0,0.0,1830.5,True,False,False
BBB,2013B,2444102,Withdrawn,0.0,0.0,0.0,83.0,782.0,0.0,1830.5,True,False,False
BBB,2013B,2475034,Withdrawn,0.0,0.0,0.0,83.0,782.0,0.0,1830.5,True,False,False
BBB,2013B,2480865,Withdrawn,0.0,0.0,0.0,83.0,782.0,0.0,1830.5,True,False,False
BBB,2013B,2498182,Fail,0.0,0.0,0.0,83.0,782.0,0.0,1830.5,True,False,False
BBB,2013B,2528352,Withdrawn,0.0,0.0,0.0,83.0,782.0,0.0,1830.5,True,False,False
BBB,2013B,2534033,Withdrawn,0.0,0.0,0.0,83.0,782.0,0.0,1830.5,True,False,False
BBB,2013B,2568958,Fail,0.0,0.0,0.0,83.0,782.0,0.0,1830.5,True,False,False
BBB,2013B,2578041,Withdrawn,0.0,0.0,0.0,83.0,782.0,0.0,1830.5,True,False,False
BBB,2013B,2587260,Withdrawn,0.0,0.0,0.0,83.0,782.0,0.0,1830.5,True,False,False
BBB,2013B,2597027,Withdrawn,0.0,0.0,0.0,83.0,782.0,0.0,1830.5,True,False,False
BBB,2013B,2617650,Withdrawn,0.0,0.0,0.0,83.0,782.0,0.0,1830.5,True,False,False
BBB,2013B,2654411,Fail,0.0,0.0,0.0,83.0,782.0,0.0,1830.5,True,False,False
BBB,2013B,2692381,Withdrawn,0.0,0.0,0.0,83.0,782.0,0.0,1830.5,True,False,False
BBB,2013B,2693974,Withdrawn,0.0,0.0,0.0,83.0,782.0,0.0,1830.5,True,False,False
BBB,2013J,23632,Withdrawn,0.0,0.0,0.0,42.0,655.0,0.0,1574.5,True,False,False
BBB,2013J,25629,Withdrawn,0.0,0.0,0.0,42.0,655.0,0.0,1574.5,True,False,False
BBB,2013J,26677,Withdrawn,0.0,0.0,0.0,42.0,655.0,0.0,1574.5,True,False,False
BBB,2013J,27457,Withdrawn,0.0,0.0,0.0,42.0,655.0,0.0,1574.5,True,False,False
BBB,2013J,57369,Withdrawn,0.0,0.0,0.0,42.0,655.0,0.0,1574.5,True,False,False
BBB,2013J,61118,Withdrawn,0.0,0.0,0.0,42.0,655.0,0.0,1574.5,True,False,False
BBB,2013J,64246,Withdrawn,0.0,0.0,0.0,42.0,655.0,0.0,1574.5,True,False,False
BBB,2013J,65807,Withdrawn,0.0,0.0,0.0,42.0,655.0,0.0,1574.5,True,False,False
BBB,2013J,67863,Withdrawn,0.0,0.0,0.0,42.0,655.0,0.0,1574.5,True,False,False
BBB,2013J,69843,Withdrawn,0.0,0.0,0.0,42.0,655.0,0.0,1574.5,True,False,False
BBB,2013J,72057,Withdrawn,0.0,0.0,0.0,42.0,655.0,0.0,1574.5,True,False,False
BBB,2013J,74169,Withdrawn,0.0,0.0,0.0,42.0,655.0,0.0,1574.5,True,False,False
BBB,2013J,133269,Withdrawn,0.0,0.0,0.0,42.0,655.0,0.0,1574.5,True,False,False
BBB,2013J,156788,Withdrawn,0.0,0.0,0.0,42.0,655.0,0.0,1574.5,True,False,False
BBB,2013J,162646,Fail,0.0,0.0,0.0,42.0,655.0,0.0,1574.5,True,False,False
BBB,2013J,184236,Withdrawn,0.0,0.0,0.0,42.0,655.0,0.0,1574.5,True,False,False
BBB,2013J,184897,Withdrawn,0.0,0.0,0.0,42.0,655.0,0.0,1574.5,True,False,False
BBB,2013J,185597,Withdrawn,0.0,0.0,0.0,42.0,655.0,0.0,1574.5,True,False,False
BBB,2013J,228243,Withdrawn,0.0,0.0,0.0,42.0,655.0,0.0,1574.5,True,False,False
BBB,2013J,228513,Withdrawn,0.0,0.0,0.0,42.0,655.0,0.0,1574.5,True,False,False
BBB,2013J,233102,Withdrawn,0.0,0.0,0.0,42.0,655.0,0.0,1574.5,True,False,False
BBB,2013J,235428,Withdrawn,0.0,0.0,0.0,42.0,655.0,0.0,1574.5,True,False,False
BBB,2013J,238825,Withdrawn,0.0,0.0,0.0,42.0,655.0,0.0,1574.5,True,False,False
BBB,2013J,243047,Withdrawn,0.0,0.0,0.0,42.0,655.0,0.0,1574.5,True,False,False
BBB,2013J,244917,Withdrawn,0.0,0.0,0.0,42.0,655.0,0.0,1574.5,True,False,False
BBB,2013J,259182,Withdrawn,0.0,0.0,0.0,42.0,655.0,0.0,1574.5,True,False,False
BBB,2013J,264842,Withdrawn,0.0,0.0,0.0,42.0,655.0,0.0,1574.5,True,False,False
BBB,2013J,274577,Withdrawn,0.0,0.0,0.0,42.0,655.0,0.0,1574.5,True,False,False
BBB,2013J,278773,Withdrawn,0.0,0.0,0.0,42.0,655.0,0.0,1574.5,True,False,False
BBB,2013J,280439,Withdrawn,0.0,0.0,0.0,42.0,655.0,0.0,1574.5,True,False,False
BBB,2013J,299561,Withdrawn,0.0,0.0,0.0,42.0,655.0,0.0,1574.5,True,False,False
BBB,2013J,304795,Withdrawn,0.0,0.0,0.0,42.0,655.0,0.0,1574.5,True,False,False
BBB,2013J,305547,Withdrawn,0.0,0.0,0.0,42.0,655.0,0.0,1574.5,True,False,False
BBB,2013J,307193,Fail,0.0,0.0,0.0,42.0,655.0,0.0,1574.5,True,False,False
BBB,2013J,312531,Withdrawn,0.0,0.0,0.0,42.0,655.0,0.0,1574.5,True,False,False
BBB,2013J,338878,Withdrawn,0.0,0.0,0.0,42.0,655.0,0.0,1574.5,True,False,False
BBB,2013J,339656,Withdrawn,0.0,0.0,0.0,42.0,655.0,0.0,1574.5,True,False,False
BBB,2013J,340661,Withdrawn,0.0,0.0,0.0,42.0,655.0,0.0,1574.5,True,False,False
BBB,2013J,341612,Withdrawn,0.0,0.0,0.0,42.0,655.0,0.0,1574.5,True,False,False
BBB,2013J,342678,Withdrawn,0.0,0.0,0.0,42.0,655.0,0.0,1574.5,True,False,False
BBB,2013J,352161,Withdrawn,0.0,0.0,0.0,42.0,655.0,0.0,1574.5,True,False,False
BBB,2013J,355591,Withdrawn,0.0,0.0,0.0,42.0,655.0,0.0,1574.5,True,False,False
BBB,2013J,355692,Withdrawn,0.0,0.0,0.0,42.0,655.0,0.0,1574.5,True,False,False
BBB,2013J,358289,Withdrawn,0.0,0.0,0.0,42.0,655.0,0.0,1574.5,True,False,False
BBB,2013J,360101,Withdrawn,0.0,0.0,0.0,42.0,655.0,0.0,1574.5,True,False,False
BBB,2013J,361988,Withdrawn,0.0,0.0,0.0,42.0,655.0,0.0,1574.5,True,False,False
BBB,2013J,362907,Fail,0.0,0.0,0.0,42.0,655.0,0.0,1574.5,True,False,False
BBB,2013J,363151,Withdrawn,0.0,0.0,0.0,42.0,655.0,0.0,1574.5,True,False,False
BBB,2013J,363711,Withdrawn,0.0,0.0,0.0,42.0,655.0,0.0,1574.5,True,False,False
BBB,2013J,364185,Withdrawn,0.0,0.0,0.0,42.0,655.0,0.0,1574.5,True,False,False
BBB,2013J,373633,Withdrawn,0.0,0.0,0.0,42.0,655.0,0.0,1574.5,True,False,False
BBB,2013J,386904,Withdrawn,0.0,0.0,0.0,42.0,655.0,0.0,1574.5,True,False,False
BBB,2013J,387276,Withdrawn,0.0,0.0,0.0,42.0,655.0,0.0,1574.5,True,False,False
BBB,2013J,387378,Withdrawn,0.0,0.0,0.0,42.0,655.0,0.0,1574.5,True,False,False
BBB,2013J,395358,Withdrawn,0.0,0.0,0.0,42.0,655.0,0.0,1574.5,True,False,False
BBB,2013J,396256,Withdrawn,0.0,0.0,0.0,42.0,655.0,0.0,1574.5,True,False,False
BBB,2013J,397590,Fail,0.0,0.0,0.0,42.0,655.0,0.0,1574.5,True,False,False
BBB,2013J,398315,Fail,0.0,0.0,0.0,42.0,655.0,0.0,1574.5,True,False,False
BBB,2013J,401319,Withdrawn,0.0,0.0,0.0,42.0,655.0,0.0,1574.5,True,False,False
BBB,2013J,408106,Fail,0.0,0.0,0.0,42.0,655.0,0.0,1574.5,True,False,False
BBB,2013J,411126,Fail,0.0,0.0,0.0,42.0,655.0,0.0,1574.5,True,False,False
BBB,2013J,413248,Fail,0.0,0.0,0.0,42.0,655.0,0.0,1574.5,True,False,False
BBB,2013J,415698,Withdrawn,0.0,0.0,0.0,42.0,655.0,0.0,1574.5,True,False,False
BBB,2013J,417677,Withdrawn,0.0,0.0,0.0,42.0,655.0,0.0,1574.5,True,False,False
BBB,2013J,417967,Withdrawn,0.0,0.0,0.0,42.0,655.0,0.0,1574.5,True,False,False
BBB,2013J,422505,Withdrawn,0.0,0.0,0.0,42.0,655.0,0.0,1574.5,True,False,False
BBB,2013J,425817,Fail,0.0,0.0,0.0,42.0,655.0,0.0,1574.5,True,False,False
BBB,2013J,430352,Withdrawn,0.0,0.0,0.0,42.0,655.0,0.0,1574.5,True,False,False
BBB,2013J,434035,Withdrawn,0.0,0.0,0.0,42.0,655.0,0.0,1574.5,True,False,False
BBB,2013J,437030,Withdrawn,0.0,0.0,0.0,42.0,655.0,0.0,1574.5,True,False,False
BBB,2013J,439684,Withdrawn,0.0,0.0,0.0,42.0,655.0,0.0,1574.5,True,False,False
BBB,2013J,440751,Withdrawn,0.0,0.0,0.0,42.0,655.0,0.0,1574.5,True,False,False
BBB,2013J,442144,Withdrawn,0.0,0.0,0.0,42.0,655.0,0.0,1574.5,True,False,False
BBB,2013J,443108,Fail,0.0,0.0,0.0,42.0,655.0,0.0,1574.5,True,False,False
BBB,2013J,444729,Withdrawn,0.0,0.0,0.0,42.0,655.0,0.0,1574.5,True,False,False
BBB,2013J,467330,Withdrawn,0.0,0.0,0.0,42.0,655.0,0.0,1574.5,True,False,False
BBB,2013J,467396,Withdrawn,0.0,0.0,0.0,42.0,655.0,0.0,1574.5,True,False,False
BBB,2013J,467721,Withdrawn,0.0,0.0,0.0,42.0,655.0,0.0,1574.5,True,False,False
BBB,2013J,473509,Withdrawn,0.0,0.0,0.0,42.0,655.0,0.0,1574.5,True,False,False
BBB,2013J,475682,Withdrawn,0.0,0.0,0.0,42.0,655.0,0.0,1574.5,True,False,False
BBB,2013J,481448,Fail,0.0,0.0,0.0,42.0,655.0,0.0,1574.5,True,False,False
BBB,2013J,483135,Withdrawn,0.0,0.0,0.0,42.0,655.0,0.0,1574.5,True,False,False
BBB,2013J,484446,Withdrawn,0.0,0.0,0.0,42.0,655.0,0.0,1574.5,True,False,False
BBB,2013J,485560,Withdrawn,0.0,0.0,0.0,42.0,655.0,0.0,1574.5,True,False,False
BBB,2013J,486550,Withdrawn,0.0,0.0,0.0,42.0,655.0,0.0,1574.5,True,False,False
BBB,2013J,488908,Withdrawn,0.0,0.0,0.0,42.0,655.0,0.0,1574.5,True,False,False
BBB,2013J,489966,Withdrawn,0.0,0.0,0.0,42.0,655.0,0.0,1574.5,True,False,False
BBB,2013J,491758,Withdrawn,0.0,0.0,0.0,42.0,655.0,0.0,1574.5,True,False,False
BBB,2013J,492229,Withdrawn,0.0,0.0,0.0,42.0,655.0,0.0,1574.5,True,False,False
BBB,2013J,493672,Withdrawn,0.0,0.0,0.0,42.0,655.0,0.0,1574.5,True,False,False
BBB,2013J,493891,Withdrawn,0.0,0.0,0.0,42.0,655.0,0.0,1574.5,True,False,False
BBB,2013J,495875,Fail,0.0,0.0,0.0,42.0,655.0,0.0,1574.5,True,False,False
BBB,2013J,502391,Fail,0.0,0.0,0.0,42.0,655.0,0.0,1574.5,True,False,False
BBB,2013J,502452,Withdrawn,0.0,0.0,0.0,42.0,655.0,0.0,1574.5,True,False,False
BBB,2013J,502621,Withdrawn,0.0,0.0,0.0,42.0,655.0,0.0,1574.5,True,False,False
BBB,2013J,504842,Withdrawn,0.0,0.0,0.0,42.0,655.0,0.0,1574.5,True,False,False
BBB,2013J,507389,Fail,0.0,0.0,0.0,42.0,655.0,0.0,1574.5,True,False,False
BBB,2013J,507944,Withdrawn,0.0,0.0,0.0,42.0,655.0,0.0,1574.5,True,False,False
BBB,2013J,510650,Withdrawn,0.0,0.0,0.0,42.0,655.0,0.0,1574.5,True,False,False
BBB,2013J,513648,Withdrawn,0.0,0.0,0.0,42.0,655.0,0.0,1574.5,True,False,False
BBB,2013J,514824,Withdrawn,0.0,0.0,0.0,42.0,655.0,0.0,1574.5,True,False,False
BBB,2013J,515209,Withdrawn,0.0,0.0,0.0,42.0,655.0,0.0,1574.5,True,False,False
BBB,2013J,516055,Withdrawn,0.0,0.0,0.0,42.0,655.0,0.0,1574.5,True,False,False
BBB,2013J,516212,Withdrawn,0.0,0.0,0.0,42.0,655.0,0.0,1574.5,True,False,False
BBB,2013J,517075,Withdrawn,0.0,0.0,0.0,42.0,655.0,0.0,1574.5,True,False,False
BBB,2013J,517922,Withdrawn,0.0,0.0,0.0,42.0,655.0,0.0,1574.5,True,False,False
BBB,2013J,519751,Withdrawn,0.0,0.0,0.0,42.0,655.0,0.0,1574.5,True,False,False
BBB,2013J,520153,Withdrawn,0.0,0.0,0.0,42.0,655.0,0.0,1574.5,True,False,False
BBB,2013J,521209,Withdrawn,0.0,0.0,0.0,42.0,655.0,0.0,1574.5,True,False,False
BBB,2013J,521456,Withdrawn,0.0,0.0,0.0,42.0,655.0,0.0,1574.5,True,False,False
BBB,2013J,523398,Fail,0.0,0.0,0.0,42.0,655.0,0.0,1574.5,True,False,False
BBB,2013J,523885,Withdrawn,0.0,0.0,0.0,42.0,655.0,0.0,1574.5,True,False,False
BBB,2013J,526506,Withdrawn,0.0,0.0,0.0,42.0,655.0,0.0,1574.5,True,False,False
BBB,2013J,527689,Withdrawn,0.0,0.0,0.0,42.0,655.0,0.0,1574.5,True,False,False
BBB,2013J,528642,Withdrawn,0.0,0.0,0.0,42.0,655.0,0.0,1574.5,True,False,False
BBB,2013J,531287,Withdrawn,0.0,0.0,0.0,42.0,655.0,0.0,1574.5,True,False,False
BBB,2013J,535168,Withdrawn,0.0,0.0,0.0,42.0,655.0,0.0,1574.5,True,False,False
BBB,2013J,536409,Withdrawn,0.0,0.0,0.0,42.0,655.0,0.0,1574.5,True,False,False
BBB,2013J,536664,Fail,0.0,0.0,0.0,42.0,655.0,0.0,1574.5,True,False,False
BBB,2013J,539299,Withdrawn,0.0,0.0,0.0,42.0,655.0,0.0,1574.5,True,False,False
BBB,2013J,541842,Withdrawn,0.0,0.0,0.0,42.0,655.0,0.0,1574.5,True,False,False
BBB,2013J,543199,Withdrawn,0.0,0.0,0.0,42.0,655.0,0.0,1574.5,True,False,False
BBB,2013J,544627,Fail,0.0,0.0,0.0,42.0,655.0,0.0,1574.5,True,False,False
BBB,2013J,545247,Fail,0.0,0.0,0.0,42.0,655.0,0.0,1574.5,True,False,False
BBB,2013J,545521,Withdrawn,0.0,0.0,0.0,42.0,655.0,0.0,1574.5,True,False,False
BBB,2013J,546124,Withdrawn,0.0,0.0,0.0,42.0,655.0,0.0,1574.5,True,False,False
BBB,2013J,546195,Fail,0.0,0.0,0.0,42.0,655.0,0.0,1574.5,True,False,False
BBB,2013J,547266,Withdrawn,0.0,0.0,0.0,42.0,655.0,0.0,1574.5,True,False,False
BBB,2013J,547755,Withdrawn,0.0,0.0,0.0,42.0,655.0,0.0,1574.5,True,False,False
BBB,2013J,551515,Withdrawn,0.0,0.0,0.0,42.0,655.0,0.0,1574.5,True,False,False
BBB,2013J,553556,Withdrawn,0.0,0.0,0.0,42.0,655.0,0.0,1574.5,True,False,False
BBB,2013J,555789,Withdrawn,0.0,0.0,0.0,42.0,655.0,0.0,1574.5,True,False,False
BBB,2013J,559344,Withdrawn,0.0,0.0,0.0,42.0,655.0,0.0,1574.5,True,False,False
BBB,2013J,560490,Withdrawn,0.0,0.0,0.0,42.0,655.0,0.0,1574.5,True,False,False
BBB,2013J,560559,Withdrawn,0.0,0.0,0.0,42.0,655.0,0.0,1574.5,True,False,False
BBB,2013J,561932,Fail,0.0,0.0,0.0,42.0,655.0,0.0,1574.5,True,False,False
BBB,2013J,563022,Withdrawn,0.0,0.0,0.0,42.0,655.0,0.0,1574.5,True,False,False
BBB,2013J,563063,Withdrawn,0.0,0.0,0.0,42.0,655.0,0.0,1574.5,True,False,False
BBB,2013J,564300,Withdrawn,0.0,0.0,0.0,42.0,655.0,0.0,1574.5,True,False,False
BBB,2013J,564791,Withdrawn,0.0,0.0,0.0,42.0,655.0,0.0,1574.5,True,False,False
BBB,2013J,564930,Withdrawn,0.0,0.0,0.0,42.0,655.0,0.0,1574.5,True,False,False
BBB,2013J,565035,Fail,0.0,0.0,0.0,42.0,655.0,0.0,1574.5,True,False,False
BBB,2013J,565402,Withdrawn,0.0,0.0,0.0,42.0,655.0,0.0,1574.5,True,False,False
BBB,2013J,565518,Withdrawn,0.0,0.0,0.0,42.0,655.0,0.0,1574.5,True,False,False
BBB,2013J,565819,Withdrawn,0.0,0.0,0.0,42.0,655.0,0.0,1574.5,True,False,False
BBB,2013J,567145,Withdrawn,0.0,0.0,0.0,42.0,655.0,0.0,1574.5,True,False,False
BBB,2013J,567598,Withdrawn,0.0,0.0,0.0,42.0,655.0,0.0,1574.5,True,False,False
BBB,2013J,567925,Withdrawn,0.0,0.0,0.0,42.0,655.0,0.0,1574.5,True,False,False
BBB,2013J,568293,Withdrawn,0.0,0.0,0.0,42.0,655.0,0.0,1574.5,True,False,False
BBB,2013J,568523,Withdrawn,0.0,0.0,0.0,42.0,655.0,0.0,1574.5,True,False,False
BBB,2013J,569426,Withdrawn,0.0,0.0,0.0,42.0,655.0,0.0,1574.5,True,False,False
BBB,2013J,571143,Fail,0.0,0.0,0.0,42.0,655.0,0.0,1574.5,True,False,False
BBB,2013J,571540,Withdrawn,0.0,0.0,0.0,42.0,655.0,0.0,1574.5,True,False,False
BBB,2013J,571770,Withdrawn,0.0,0.0,0.0,42.0,655.0,0.0,1574.5,True,False,False
BBB,2013J,571794,Withdrawn,0.0,0.0,0.0,42.0,655.0,0.0,1574.5,True,False,False
BBB,2013J,572029,Withdrawn,0.0,0.0,0.0,42.0,655.0,0.0,1574.5,True,False,False
BBB,2013J,572054,Withdrawn,0.0,0.0,0.0,42.0,655.0,0.0,1574.5,True,False,False
BBB,2013J,572626,Withdrawn,0.0,0.0,0.0,42.0,655.0,0.0,1574.5,True,False,False
BBB,2013J,572770,Withdrawn,0.0,0.0,0.0,42.0,655.0,0.0,1574.5,True,False,False
BBB,2013J,573321,Fail,0.0,0.0,0.0,42.0,655.0,0.0,1574.5,True,False,False
BBB,2013J,573409,Withdrawn,0.0,0.0,0.0,42.0,655.0,0.0,1574.5,True,False,False
BBB,2013J,573431,Withdrawn,0.0,0.0,0.0,42.0,655.0,0.0,1574.5,True,False,False
BBB,2013J,573485,Withdrawn,0.0,0.0,0.0,42.0,655.0,0.0,1574.5,True,False,False
BBB,2013J,573683,Withdrawn,0.0,0.0,0.0,42.0,655.0,0.0,1574.5,True,False,False
BBB,2013J,573758,Withdrawn,0.0,0.0,0.0,42.0,655.0,0.0,1574.5,True,False,False
BBB,2013J,573810,Withdrawn,0.0,0.0,0.0,42.0,655.0,0.0,1574.5,True,False,False
BBB,2013J,574053,Withdrawn,0.0,0.0,0.0,42.0,655.0,0.0,1574.5,True,False,False
BBB,2013J,574146,Withdrawn,0.0,0.0,0.0,42.0,655.0,0.0,1574.5,True,False,False
BBB,2013J,574276,Withdrawn,0.0,0.0,0.0,42.0,655.0,0.0,1574.5,True,False,False
BBB,2013J,574591,Withdrawn,0.0,0.0,0.0,42.0,655.0,0.0,1574.5,True,False,False
BBB,2013J,574674,Withdrawn,0.0,0.0,0.0,42.0,655.0,0.0,1574.5,True,False,False
BBB,2013J,574727,Withdrawn,0.0,0.0,0.0,42.0,655.0,0.0,1574.5,True,False,False
BBB,2013J,574810,Withdrawn,0.0,0.0,0.0,42.0,655.0,0.0,1574.5,True,False,False
BBB,2013J,574962,Withdrawn,0.0,0.0,0.0,42.0,655.0,0.0,1574.5,True,False,False
BBB,2013J,574998,Withdrawn,0.0,0.0,0.0,42.0,655.0,0.0,1574.5,True,False,False
BBB,2013J,575207,Withdrawn,0.0,0.0,0.0,42.0,655.0,0.0,1574.5,True,False,False
BBB,2013J,575421,Withdrawn,0.0,0.0,0.0,42.0,655.0,0.0,1574.5,True,False,False
BBB,2013J,575672,Withdrawn,0.0,0.0,0.0,42.0,655.0,0.0,1574.5,True,False,False
BBB,2013J,575794,Withdrawn,0.0,0.0,0.0,42.0,655.0,0.0,1574.5,True,False,False
BBB,2013J,575897,Fail,0.0,0.0,0.0,42.0,655.0,0.0,1574.5,True,False,False
BBB,2013J,575992,Withdrawn,0.0,0.0,0.0,42.0,655.0,0.0,1574.5,True,False,False
BBB,2013J,576098,Withdrawn,0.0,0.0,0.0,42.0,655.0,0.0,1574.5,True,False,False
BBB,2013J,576375,Withdrawn,0.0,0.0,0.0,42.0,655.0,0.0,1574.5,True,False,False
BBB,2013J,576513,Withdrawn,0.0,0.0,0.0,42.0,655.0,0.0,1574.5,True,False,False
BBB,2013J,576550,Withdrawn,0.0,0.0,0.0,42.0,655.0,0.0,1574.5,True,False,False
BBB,2013J,576664,Withdrawn,0.0,0.0,0.0,42.0,655.0,0.0,1574.5,True,False,False
BBB,2013J,576985,Withdrawn,0.0,0.0,0.0,42.0,655.0,0.0,1574.5,True,False,False
BBB,2013J,577049,Withdrawn,0.0,0.0,0.0,42.0,655.0,0.0,1574.5,True,False,False
BBB,2013J,577215,Withdrawn,0.0,0.0,0.0,42.0,655.0,0.0,1574.5,True,False,False
BBB,2013J,577449,Withdrawn,0.0,0.0,0.0,42.0,655.0,0.0,1574.5,True,False,False
BBB,2013J,577992,Withdrawn,0.0,0.0,0.0,42.0,655.0,0.0,1574.5,True,False,False
BBB,2013J,578520,Fail,0.0,0.0,0.0,42.0,655.0,0.0,1574.5,True,False,False
BBB,2013J,578598,Withdrawn,0.0,0.0,0.0,42.0,655.0,0.0,1574.5,True,False,False
BBB,2013J,579050,Withdrawn,0.0,0.0,0.0,42.0,655.0,0.0,1574.5,True,False,False
BBB,2013J,579256,Withdrawn,0.0,0.0,0.0,42.0,655.0,0.0,1574.5,True,False,False
BBB,2013J,579300,Withdrawn,0.0,0.0,0.0,42.0,655.0,0.0,1574.5,True,False,False
BBB,2013J,579448,Withdrawn,0.0,0.0,0.0,42.0,655.0,0.0,1574.5,True,False,False
BBB,2013J,580654,Withdrawn,0.0,0.0,0.0,42.0,655.0,0.0,1574.5,True,False,False
BBB,2013J,580854,Withdrawn,0.0,0.0,0.0,42.0,655.0,0.0,1574.5,True,False,False
BBB,2013J,581016,Withdrawn,0.0,0.0,0.0,42.0,655.0,0.0,1574.5,True,False,False
BBB,2013J,581492,Withdrawn,0.0,0.0,0.0,42.0,655.0,0.0,1574.5,True,False,False
BBB,2013J,581493,Withdrawn,0.0,0.0,0.0,42.0,655.0,0.0,1574.5,True,False,False
BBB,2013J,581672,Withdrawn,0.0,0.0,0.0,42.0,655.0,0.0,1574.5,True,False,False
BBB,2013J,581959,Withdrawn,0.0,0.0,0.0,42.0,655.0,0.0,1574.5,True,False,False
BBB,2013J,582084,Withdrawn,0.0,0.0,0.0,42.0,655.0,0.0,1574.5,True,False,False
BBB,2013J,582182,Fail,0.0,0.0,0.0,42.0,655.0,0.0,1574.5,True,False,False
BBB,2013J,582404,Withdrawn,0.0,0.0,0.0,42.0,655.0,0.0,1574.5,True,False,False
BBB,2013J,582443,Withdrawn,0.0,0.0,0.0,42.0,655.0,0.0,1574.5,True,False,False
BBB,2013J,582469,Withdrawn,0.0,0.0,0.0,42.0,655.0,0.0,1574.5,True,False,False
BBB,2013J,583021,Withdrawn,0.0,0.0,0.0,42.0,655.0,0.0,1574.5,True,False,False
BBB,2013J,583065,Withdrawn,0.0,0.0,0.0,42.0,655.0,0.0,1574.5,True,False,False
BBB,2013J,583179,Withdrawn,0.0,0.0,0.0,42.0,655.0,0.0,1574.5,True,False,False
BBB,2013J,583235,Withdrawn,0.0,0.0,0.0,42.0,655.0,0.0,1574.5,True,False,False
BBB,2013J,583333,Withdrawn,0.0,0.0,0.0,42.0,655.0,0.0,1574.5,True,False,False
BBB,2013J,583429,Withdrawn,0.0,0.0,0.0,42.0,655.0,0.0,1574.5,True,False,False
BBB,2013J,583832,Withdrawn,0.0,0.0,0.0,42.0,655.0,0.0,1574.5,True,False,False
BBB,2013J,583967,Withdrawn,0.0,0.0,0.0,42.0,655.0,0.0,1574.5,True,False,False
BBB,2013J,584223,Withdrawn,0.0,0.0,0.0,42.0,655.0,0.0,1574.5,True,False,False
BBB,2013J,584342,Withdrawn,0.0,0.0,0.0,42.0,655.0,0.0,1574.5,True,False,False
BBB,2013J,584374,Withdrawn,0.0,0.0,0.0,42.0,655.0,0.0,1574.5,True,False,False
BBB,2013J,584534,Withdrawn,0.0,0.0,0.0,42.0,655.0,0.0,1574.5,True,False,False
BBB,2013J,584588,Withdrawn,0.0,0.0,0.0,42.0,655.0,0.0,1574.5,True,False,False
BBB,2013J,584676,Withdrawn,0.0,0.0,0.0,42.0,655.0,0.0,1574.5,True,False,False
BBB,2013J,584892,Withdrawn,0.0,0.0,0.0,42.0,655.0,0.0,1574.5,True,False,False
BBB,2013J,585004,Withdrawn,0.0,0.0,0.0,42.0,655.0,0.0,1574.5,True,False,False
BBB,2013J,585342,Withdrawn,0.0,0.0,0.0,42.0,655.0,0.0,1574.5,True,False,False
BBB,2013J,585355,Fail,0.0,0.0,0.0,42.0,655.0,0.0,1574.5,True,False,False
BBB,2013J,585459,Withdrawn,0.0,0.0,0.0,42.0,655.0,0.0,1574.5,True,False,False
BBB,2013J,585461,Withdrawn,0.0,0.0,0.0,42.0,655.0,0.0,1574.5,True,False,False
BBB,2013J,585618,Withdrawn,0.0,0.0,0.0,42.0,655.0,0.0,1574.5,True,False,False
BBB,2013J,585790,Fail,0.0,0.0,0.0,42.0,655.0,0.0,1574.5,True,False,False
BBB,2013J,586393,Fail,0.0,0.0,0.0,42.0,655.0,0.0,1574.5,True,False,False
BBB,2013J,586450,Withdrawn,0.0,0.0,0.0,42.0,655.0,0.0,1574.5,True,False,False
BBB,2013J,586854,Withdrawn,0.0,0.0,0.0,42.0,655.0,0.0,1574.5,True,False,False
BBB,2013J,586890,Withdrawn,0.0,0.0,0.0,42.0,655.0,0.0,1574.5,True,False,False
BBB,2013J,586975,Withdrawn,0.0,0.0,0.0,42.0,655.0,0.0,1574.5,True,False,False
BBB,2013J,587120,Withdrawn,0.0,0.0,0.0,42.0,655.0,0.0,1574.5,True,False,False
BBB,2013J,587155,Withdrawn,0.0,0.0,0.0,42.0,655.0,0.0,1574.5,True,False,False
BBB,2013J,587349,Withdrawn,0.0,0.0,0.0,42.0,655.0,0.0,1574.5,True,False,False
BBB,2013J,587623,Withdrawn,0.0,0.0,0.0,42.0,655.0,0.0,1574.5,True,False,False
BBB,2013J,587665,Withdrawn,0.0,0.0,0.0,42.0,655.0,0.0,1574.5,True,False,False
BBB,2013J,587851,Withdrawn,0.0,0.0,0.0,42.0,655.0,0.0,1574.5,True,False,False
BBB,2013J,588191,Withdrawn,0.0,0.0,0.0,42.0,655.0,0.0,1574.5,True,False,False
BBB,2013J,588194,Withdrawn,0.0,0.0,0.0,42.0,655.0,0.0,1574.5,True,False,False
BBB,2013J,588205,Withdrawn,0.0,0.0,0.0,42.0,655.0,0.0,1574.5,True,False,False
BBB,2013J,588252,Withdrawn,0.0,0.0,0.0,42.0,655.0,0.0,1574.5,True,False,False
BBB,2013J,588504,Withdrawn,0.0,0.0,0.0,42.0,655.0,0.0,1574.5,True,False,False
BBB,2013J,588685,Withdrawn,0.0,0.0,0.0,42.0,655.0,0.0,1574.5,True,False,False
BBB,2013J,588969,Withdrawn,0.0,0.0,0.0,42.0,655.0,0.0,1574.5,True,False,False
BBB,2013J,589234,Withdrawn,0.0,0.0,0.0,42.0,655.0,0.0,1574.5,True,False,False
BBB,2013J,589239,Withdrawn,0.0,0.0,0.0,42.0,655.0,0.0,1574.5,True,False,False
BBB,2013J,589580,Withdrawn,0.0,0.0,0.0,42.0,655.0,0.0,1574.5,True,False,False
BBB,2013J,589810,Withdrawn,0.0,0.0,0.0,42.0,655.0,0.0,1574.5,True,False,False
BBB,2013J,590244,Withdrawn,0.0,0.0,0.0,42.0,655.0,0.0,1574.5,True,False,False
BBB,2013J,590310,Withdrawn,0.0,0.0,0.0,42.0,655.0,0.0,1574.5,True,False,False
BBB,2013J,590478,Withdrawn,0.0,0.0,0.0,42.0,655.0,0.0,1574.5,True,False,False
BBB,2013J,590713,Withdrawn,0.0,0.0,0.0,42.0,655.0,0.0,1574.5,True,False,False
BBB,2013J,591461,Withdrawn,0.0,0.0,0.0,42.0,655.0,0.0,1574.5,True,False,False
BBB,2013J,591608,Fail,0.0,0.0,0.0,42.0,655.0,0.0,1574.5,True,False,False
BBB,2013J,591912,Withdrawn,0.0,0.0,0.0,42.0,655.0,0.0,1574.5,True,False,False
BBB,2013J,591937,Withdrawn,0.0,0.0,0.0,42.0,655.0,0.0,1574.5,True,False,False
BBB,2013J,591986,Withdrawn,0.0,0.0,0.0,42.0,655.0,0.0,1574.5,True,False,False
BBB,2013J,592406,Withdrawn,0.0,0.0,0.0,42.0,655.0,0.0,1574.5,True,False,False
BBB,2013J,592683,Withdrawn,0.0,0.0,0.0,42.0,655.0,0.0,1574.5,True,False,False
BBB,2013J,592756,Withdrawn,0.0,0.0,0.0,42.0,655.0,0.0,1574.5,True,False,False
BBB,2013J,592889,Withdrawn,0.0,0.0,0.0,42.0,655.0,0.0,1574.5,True,False,False
BBB,2013J,593266,Withdrawn,0.0,0.0,0.0,42.0,655.0,0.0,1574.5,True,False,False
BBB,2013J,593571,Withdrawn,0.0,0.0,0.0,42.0,655.0,0.0,1574.5,True,False,False
BBB,2013J,593706,Fail,0.0,0.0,0.0,42.0,655.0,0.0,1574.5,True,False,False
BBB,2013J,594057,Withdrawn,0.0,0.0,0.0,42.0,655.0,0.0,1574.5,True,False,False
BBB,2013J,594253,Withdrawn,0.0,0.0,0.0,42.0,655.0,0.0,1574.5,True,False,False
BBB,2013J,594607,Fail,0.0,0.0,0.0,42.0,655.0,0.0,1574.5,True,False,False
BBB,2013J,594774,Withdrawn,0.0,0.0,0.0,42.0,655.0,0.0,1574.5,True,False,False
BBB,2013J,595047,Withdrawn,0.0,0.0,0.0,42.0,655.0,0.0,1574.5,True,False,False
BBB,2013J,595287,Withdrawn,0.0,0.0,0.0,42.0,655.0,0.0,1574.5,True,False,False
BBB,2013J,595388,Withdrawn,0.0,0.0,0.0,42.0,655.0,0.0,1574.5,True,False,False
BBB,2013J,595420,Withdrawn,0.0,0.0,0.0,42.0,655.0,0.0,1574.5,True,False,False
BBB,2013J,595816,Fail,0.0,0.0,0.0,42.0,655.0,0.0,1574.5,True,False,False
BBB,2013J,595959,Fail,0.0,0.0,0.0,42.0,655.0,0.0,1574.5,True,False,False
BBB,2013J,596095,Withdrawn,0.0,0.0,0.0,42.0,655.0,0.0,1574.5,True,False,False
BBB,2013J,596103,Withdrawn,0.0,0.0,0.0,42.0,655.0,0.0,1574.5,True,False,False
BBB,2013J,596241,Withdrawn,0.0,0.0,0.0,42.0,655.0,0.0,1574.5,True,False,False
BBB,2013J,596583,Fail,0.0,0.0,0.0,42.0,655.0,0.0,1574.5,True,False,False
BBB,2013J,596820,Fail,0.0,0.0,0.0,42.0,655.0,0.0,1574.5,True,False,False
BBB,2013J,596988,Withdrawn,0.0,0.0,0.0,42.0,655.0,0.0,1574.5,True,False,False
BBB,2013J,597109,Withdrawn,0.0,0.0,0.0,42.0,655.0,0.0,1574.5,True,False,False
BBB,2013J,598199,Withdrawn,0.0,0.0,0.0,42.0,655.0,0.0,1574.5,True,False,False
BBB,2013J,598315,Fail,0.0,0.0,0.0,42.0,655.0,0.0,1574.5,True,False,False
BBB,2013J,598394,Withdrawn,0.0,0.0,0.0,42.0,655.0,0.0,1574.5,True,False,False
BBB,2013J,598596,Withdrawn,0.0,0.0,0.0,42.0,655.0,0.0,1574.5,True,False,False
BBB,2013J,598901,Withdrawn,0.0,0.0,0.0,42.0,655.0,0.0,1574.5,True,False,False
BBB,2013J,599161,Withdrawn,0.0,0.0,0.0,42.0,655.0,0.0,1574.5,True,False,False
BBB,2013J,599456,Withdrawn,0.0,0.0,0.0,42.0,655.0,0.0,1574.5,True,False,False
BBB,2013J,599475,Withdrawn,0.0,0.0,0.0,42.0,655.0,0.0,1574.5,True,False,False
BBB,2013J,599606,Withdrawn,0.0,0.0,0.0,42.0,655.0,0.0,1574.5,True,False,False
BBB,2013J,600006,Withdrawn,0.0,0.0,0.0,42.0,655.0,0.0,1574.5,True,False,False
BBB,2013J,600407,Withdrawn,0.0,0.0,0.0,42.0,655.0,0.0,1574.5,True,False,False
BBB,2013J,600681,Withdrawn,0.0,0.0,0.0,42.0,655.0,0.0,1574.5,True,False,False
BBB,2013J,600833,Fail,0.0,0.0,0.0,42.0,655.0,0.0,1574.5,True,False,False
BBB,2013J,600844,Withdrawn,0.0,0.0,0.0,42.0,655.0,0.0,1574.5,True,False,False
BBB,2013J,601424,Withdrawn,0.0,0.0,0.0,42.0,655.0,0.0,1574.5,True,False,False
BBB,2013J,601491,Withdrawn,0.0,0.0,0.0,42.0,655.0,0.0,1574.5,True,False,False
BBB,2013J,602011,Withdrawn,0.0,0.0,0.0,42.0,655.0,0.0,1574.5,True,False,False
BBB,2013J,602863,Withdrawn,0.0,0.0,0.0,42.0,655.0,0.0,1574.5,True,False,False
BBB,2013J,602971,Withdrawn,0.0,0.0,0.0,42.0,655.0,0.0,1574.5,True,False,False
BBB,2013J,603052,Withdrawn,0.0,0.0,0.0,42.0,655.0,0.0,1574.5,True,False,False
BBB,2013J,603296,Withdrawn,0.0,0.0,0.0,42.0,655.0,0.0,1574.5,True,False,False
BBB,2013J,603471,Withdrawn,0.0,0.0,0.0,42.0,655.0,0.0,1574.5,True,False,False
BBB,2013J,603516,Withdrawn,0.0,0.0,0.0,42.0,655.0,0.0,1574.5,True,False,False
BBB,2013J,603789,Withdrawn,0.0,0.0,0.0,42.0,655.0,0.0,1574.5,True,False,False
BBB,2013J,604118,Fail,0.0,0.0,0.0,42.0,655.0,0.0,1574.5,True,False,False
BBB,2013J,604298,Withdrawn,0.0,0.0,0.0,42.0,655.0,0.0,1574.5,True,False,False
BBB,2013J,605494,Fail,0.0,0.0,0.0,42.0,655.0,0.0,1574.5,True,False,False
BBB,2013J,605914,Withdrawn,0.0,0.0,0.0,42.0,655.0,0.0,1574.5,True,False,False
BBB,2013J,606426,Withdrawn,0.0,0.0,0.0,42.0,655.0,0.0,1574.5,True,False,False
BBB,2013J,606607,Withdrawn,0.0,0.0,0.0,42.0,655.0,0.0,1574.5,True,False,False
BBB,2013J,607062,Withdrawn,0.0,0.0,0.0,42.0,655.0,0.0,1574.5,True,False,False
BBB,2013J,607861,Withdrawn,0.0,0.0,0.0,42.0,655.0,0.0,1574.5,True,False,False
BBB,2013J,607888,Withdrawn,0.0,0.0,0.0,42.0,655.0,0.0,1574.5,True,False,False
BBB,2013J,608026,Withdrawn,0.0,0.0,0.0,42.0,655.0,0.0,1574.5,True,False,False
BBB,2013J,608038,Withdrawn,0.0,0.0,0.0,42.0,655.0,0.0,1574.5,True,False,False
BBB,2013J,608060,Withdrawn,0.0,0.0,0.0,42.0,655.0,0.0,1574.5,True,False,False
BBB,2013J,608197,Fail,0.0,0.0,0.0,42.0,655.0,0.0,1574.5,True,False,False
BBB,2013J,609107,Withdrawn,0.0,0.0,0.0,42.0,655.0,0.0,1574.5,True,False,False
BBB,2013J,609388,Withdrawn,0.0,0.0,0.0,42.0,655.0,0.0,1574.5,True,False,False
BBB,2013J,610118,Fail,0.0,0.0,0.0,42.0,655.0,0.0,1574.5,True,False,False
BBB,2013J,610449,Withdrawn,0.0,0.0,0.0,42.0,655.0,0.0,1574.5,True,False,False
BBB,2013J,610744,Fail,0.0,0.0,0.0,42.0,655.0,0.0,1574.5,True,False,False
BBB,2013J,610748,Withdrawn,0.0,0.0,0.0,42.0,655.0,0.0,1574.5,True,False,False
BBB,2013J,610770,Withdrawn,0.0,0.0,0.0,42.0,655.0,0.0,1574.5,True,False,False
BBB,2013J,610772,Fail,0.0,0.0,0.0,42.0,655.0,0.0,1574.5,True,False,False
BBB,2013J,611046,Withdrawn,0.0,0.0,0.0,42.0,655.0,0.0,1574.5,True,False,False
BBB,2013J,613159,Withdrawn,0.0,0.0,0.0,42.0,655.0,0.0,1574.5,True,False,False
BBB,2013J,613176,Withdrawn,0.0,0.0,0.0,42.0,655.0,0.0,1574.5,True,False,False
BBB,2013J,613273,Withdrawn,0.0,0.0,0.0,42.0,655.0,0.0,1574.5,True,False,False
BBB,2013J,616502,Fail,0.0,0.0,0.0,42.0,655.0,0.0,1574.5,True,False,False
BBB,2013J,1018682,Fail,0.0,0.0,0.0,42.0,655.0,0.0,1574.5,True,False,False
BBB,2013J,1934047,Withdrawn,0.0,0.0,0.0,42.0,655.0,0.0,1574.5,True,False,False
BBB,2013J,1988213,Withdrawn,0.0,0.0,0.0,42.0,655.0,0.0,1574.5,True,False,False
BBB,2013J,2009558,Withdrawn,0.0,0.0,0.0,42.0,655.0,0.0,1574.5,True,False,False
BBB,2013J,2022801,Withdrawn,0.0,0.0,0.0,42.0,655.0,0.0,1574.5,True,False,False
BBB,2013J,2075158,Withdrawn,0.0,0.0,0.0,42.0,655.0,0.0,1574.5,True,False,False
BBB,2013J,2075264,Withdrawn,0.0,0.0,0.0,42.0,655.0,0.0,1574.5,True,False,False
BBB,2013J,2082318,Withdrawn,0.0,0.0,0.0,42.0,655.0,0.0,1574.5,True,False,False
BBB,2013J,2210681,Withdrawn,0.0,0.0,0.0,42.0,655.0,0.0,1574.5,True,False,False
BBB,2013J,2291034,Withdrawn,0.0,0.0,0.0,42.0,655.0,0.0,1574.5,True,False,False
BBB,2013J,2313615,Withdrawn,0.0,0.0,0.0,42.0,655.0,0.0,1574.5,True,False,False
BBB,2013J,2346025,Fail,0.0,0.0,0.0,42.0,655.0,0.0,1574.5,True,False,False
BBB,2013J,2383103,Withdrawn,0.0,0.0,0.0,42.0,655.0,0.0,1574.5,True,False,False
BBB,2013J,2476144,Withdrawn,0.0,0.0,0.0,42.0,655.0,0.0,1574.5,True,False,False
BBB,2013J,2481657,Withdrawn,0.0,0.0,0.0,42.0,655.0,0.0,1574.5,True,False,False
BBB,2013J,2487785,Withdrawn,0.0,0.0,0.0,42.0,655.0,0.0,1574.5,True,False,False
BBB,2013J,2488714,Withdrawn,0.0,0.0,0.0,42.0,655.0,0.0,1574.5,True,False,False
BBB,2013J,2496235,Withdrawn,0.0,0.0,0.0,42.0,655.0,0.0,1574.5,True,False,False
BBB,2013J,2509297,Withdrawn,0.0,0.0,0.0,42.0,655.0,0.0,1574.5,True,False,False
BBB,2013J,2513083,Withdrawn,0.0,0.0,0.0,42.0,655.0,0.0,1574.5,True,False,False
BBB,2013J,2522312,Withdrawn,0.0,0.0,0.0,42.0,655.0,0.0,1574.5,True,False,False
BBB,2013J,2539817,Withdrawn,0.0,0.0,0.0,42.0,655.0,0.0,1574.5,True,False,False
BBB,2013J,2573570,Withdrawn,0.0,0.0,0.0,42.0,655.0,0.0,1574.5,True,False,False
BBB,2013J,2579817,Withdrawn,0.0,0.0,0.0,42.0,655.0,0.0,1574.5,True,False,False
BBB,2013J,2587950,Withdrawn,0.0,0.0,0.0,42.0,655.0,0.0,1574.5,True,False,False
BBB,2013J,2625752,Withdrawn,0.0,0.0,0.0,42.0,655.0,0.0,1574.5,True,False,False
BBB,2013J,2632668,Withdrawn,0.0,0.0,0.0,42.0,655.0,0.0,1574.5,True,False,False
BBB,2013J,2648206,Withdrawn,0.0,0.0,0.0,42.0,655.0,0.0,1574.5,True,False,False
BBB,2013J,2650236,Fail,0.0,0.0,0.0,42.0,655.0,0.0,1574.5,True,False,False
BBB,2013J,2657960,Fail,0.0,0.0,0.0,42.0,655.0,0.0,1574.5,True,False,False
BBB,2013J,2690077,Withdrawn,0.0,0.0,0.0,42.0,655.0,0.0,1574.5,True,False,False
BBB,2014B,38941,Fail,0.0,0.0,0.0,18.0,561.0,0.0,1375.5,True,False,False
BBB,2014B,75118,Withdrawn,0.0,0.0,0.0,18.0,561.0,0.0,1375.5,True,False,False
BBB,2014B,76196,Withdrawn,0.0,0.0,0.0,18.0,561.0,0.0,1375.5,True,False,False
BBB,2014B,80001,Fail,0.0,0.0,0.0,18.0,561.0,0.0,1375.5,True,False,False
BBB,2014B,92274,Withdrawn,0.0,0.0,0.0,18.0,561.0,0.0,1375.5,True,False,False
BBB,2014B,93925,Withdrawn,0.0,0.0,0.0,18.0,561.0,0.0,1375.5,True,False,False
BBB,2014B,104238,Withdrawn,0.0,0.0,0.0,18.0,561.0,0.0,1375.5,True,False,False
BBB,2014B,170519,Withdrawn,0.0,0.0,0.0,18.0,561.0,0.0,1375.5,True,False,False
BBB,2014B,189986,Withdrawn,0.0,0.0,0.0,18.0,561.0,0.0,1375.5,True,False,False
BBB,2014B,194073,Withdrawn,0.0,0.0,0.0,18.0,561.0,0.0,1375.5,True,False,False
BBB,2014B,200506,Withdrawn,0.0,0.0,0.0,18.0,561.0,0.0,1375.5,True,False,False
BBB,2014B,263098,Withdrawn,0.0,0.0,0.0,18.0,561.0,0.0,1375.5,True,False,False
BBB,2014B,270256,Withdrawn,0.0,0.0,0.0,18.0,561.0,0.0,1375.5,True,False,False
BBB,2014B,271346,Withdrawn,0.0,0.0,0.0,18.0,561.0,0.0,1375.5,True,False,False
BBB,2014B,279557,Withdrawn,0.0,0.0,0.0,18.0,561.0,0.0,1375.5,True,False,False
BBB,2014B,282161,Withdrawn,0.0,0.0,0.0,18.0,561.0,0.0,1375.5,True,False,False
BBB,2014B,284589,Withdrawn,0.0,0.0,0.0,18.0,561.0,0.0,1375.5,True,False,False
BBB,2014B,287004,Withdrawn,0.0,0.0,0.0,18.0,561.0,0.0,1375.5,True,False,False
BBB,2014B,288717,Withdrawn,0.0,0.0,0.0,18.0,561.0,0.0,1375.5,True,False,False
BBB,2014B,289993,Withdrawn,0.0,0.0,0.0,18.0,561.0,0.0,1375.5,True,False,False
BBB,2014B,299485,Withdrawn,0.0,0.0,0.0,18.0,561.0,0.0,1375.5,True,False,False
BBB,2014B,305307,Withdrawn,0.0,0.0,0.0,18.0,561.0,0.0,1375.5,True,False,False
BBB,2014B,305824,Withdrawn,0.0,0.0,0.0,18.0,561.0,0.0,1375.5,True,False,False
BBB,2014B,312275,Withdrawn,0.0,0.0,0.0,18.0,561.0,0.0,1375.5,True,False,False
BBB,2014B,317855,Withdrawn,0.0,0.0,0.0,18.0,561.0,0.0,1375.5,True,False,False
BBB,2014B,320661,Withdrawn,0.0,0.0,0.0,18.0,561.0,0.0,1375.5,True,False,False
BBB,2014B,321142,Fail,0.0,0.0,0.0,18.0,561.0,0.0,1375.5,True,False,False
BBB,2014B,331494,Withdrawn,0.0,0.0,0.0,18.0,561.0,0.0,1375.5,True,False,False
BBB,2014B,340962,Withdrawn,0.0,0.0,0.0,18.0,561.0,0.0,1375.5,True,False,False
BBB,2014B,341027,Withdrawn,0.0,0.0,0.0,18.0,561.0,0.0,1375.5,True,False,False
BBB,2014B,349401,Withdrawn,0.0,0.0,0.0,18.0,561.0,0.0,1375.5,True,False,False
BBB,2014B,351767,Withdrawn,0.0,0.0,0.0,18.0,561.0,0.0,1375.5,True,False,False
BBB,2014B,354560,Withdrawn,0.0,0.0,0.0,18.0,561.0,0.0,1375.5,True,False,False
BBB,2014B,364712,Withdrawn,0.0,0.0,0.0,18.0,561.0,0.0,1375.5,True,False,False
BBB,2014B,377929,Withdrawn,0.0,0.0,0.0,18.0,561.0,0.0,1375.5,True,False,False
BBB,2014B,379785,Withdrawn,0.0,0.0,0.0,18.0,561.0,0.0,1375.5,True,False,False
BBB,2014B,381525,Withdrawn,0.0,0.0,0.0,18.0,561.0,0.0,1375.5,True,False,False
BBB,2014B,384099,Withdrawn,0.0,0.0,0.0,18.0,561.0,0.0,1375.5,True,False,False
BBB,2014B,387276,Withdrawn,0.0,0.0,0.0,18.0,561.0,0.0,1375.5,True,False,False
BBB,2014B,388041,Withdrawn,0.0,0.0,0.0,18.0,561.0,0.0,1375.5,True,False,False
BBB,2014B,388168,Withdrawn,0.0,0.0,0.0,18.0,561.0,0.0,1375.5,True,False,False
BBB,2014B,391556,Fail,0.0,0.0,0.0,18.0,561.0,0.0,1375.5,True,False,False
BBB,2014B,394010,Withdrawn,0.0,0.0,0.0,18.0,561.0,0.0,1375.5,True,False,False
BBB,2014B,400729,Withdrawn,0.0,0.0,0.0,18.0,561.0,0.0,1375.5,True,False,False
BBB,2014B,412156,Withdrawn,0.0,0.0,0.0,18.0,561.0,0.0,1375.5,True,False,False
BBB,2014B,415298,Fail,0.0,0.0,0.0,18.0,561.0,0.0,1375.5,True,False,False
BBB,2014B,420641,Withdrawn,0.0,0.0,0.0,18.0,561.0,0.0,1375.5,True,False,False
BBB,2014B,424659,Withdrawn,0.0,0.0,0.0,18.0,561.0,0.0,1375.5,True,False,False
BBB,2014B,439925,Withdrawn,0.0,0.0,0.0,18.0,561.0,0.0,1375.5,True,False,False
BBB,2014B,440664,Withdrawn,0.0,0.0,0.0,18.0,561.0,0.0,1375.5,True,False,False
BBB,2014B,480924,Withdrawn,0.0,0.0,0.0,18.0,561.0,0.0,1375.5,True,False,False
BBB,2014B,483411,Fail,0.0,0.0,0.0,18.0,561.0,0.0,1375.5,True,False,False
BBB,2014B,484351,Withdrawn,0.0,0.0,0.0,18.0,561.0,0.0,1375.5,True,False,False
BBB,2014B,484446,Withdrawn,0.0,0.0,0.0,18.0,561.0,0.0,1375.5,True,False,False
BBB,2014B,484821,Fail,0.0,0.0,0.0,18.0,561.0,0.0,1375.5,True,False,False
BBB,2014B,487226,Withdrawn,0.0,0.0,0.0,18.0,561.0,0.0,1375.5,True,False,False
BBB,2014B,487386,Withdrawn,0.0,0.0,0.0,18.0,561.0,0.0,1375.5,True,False,False
BBB,2014B,487573,Withdrawn,0.0,0.0,0.0,18.0,561.0,0.0,1375.5,True,False,False
BBB,2014B,491114,Withdrawn,0.0,0.0,0.0,18.0,561.0,0.0,1375.5,True,False,False
BBB,2014B,492468,Withdrawn,0.0,0.0,0.0,18.0,561.0,0.0,1375.5,True,False,False
BBB,2014B,495958,Withdrawn,0.0,0.0,0.0,18.0,561.0,0.0,1375.5,True,False,False
BBB,2014B,496547,Withdrawn,0.0,0.0,0.0,18.0,561.0,0.0,1375.5,True,False,False
BBB,2014B,499952,Withdrawn,0.0,0.0,0.0,18.0,561.0,0.0,1375.5,True,False,False
BBB,2014B,507817,Withdrawn,0.0,0.0,0.0,18.0,561.0,0.0,1375.5,True,False,False
BBB,2014B,511238,Withdrawn,0.0,0.0,0.0,18.0,561.0,0.0,1375.5,True,False,False
BBB,2014B,511469,Withdrawn,0.0,0.0,0.0,18.0,561.0,0.0,1375.5,True,False,False
BBB,2014B,517075,Withdrawn,0.0,0.0,0.0,18.0,561.0,0.0,1375.5,True,False,False
BBB,2014B,526948,Withdrawn,0.0,0.0,0.0,18.0,561.0,0.0,1375.5,True,False,False
BBB,2014B,529439,Fail,0.0,0.0,0.0,18.0,561.0,0.0,1375.5,True,False,False
BBB,2014B,529705,Withdrawn,0.0,0.0,0.0,18.0,561.0,0.0,1375.5,True,False,False
BBB,2014B,531290,Withdrawn,0.0,0.0,0.0,18.0,561.0,0.0,1375.5,True,False,False
BBB,2014B,534428,Withdrawn,0.0,0.0,0.0,18.0,561.0,0.0,1375.5,True,False,False
BBB,2014B,534830,Withdrawn,0.0,0.0,0.0,18.0,561.0,0.0,1375.5,True,False,False
BBB,2014B,542456,Withdrawn,0.0,0.0,0.0,18.0,561.0,0.0,1375.5,True,False,False
BBB,2014B,542562,Withdrawn,0.0,0.0,0.0,18.0,561.0,0.0,1375.5,True,False,False
BBB,2014B,545160,Withdrawn,0.0,0.0,0.0,18.0,561.0,0.0,1375.5,True,False,False
BBB,2014B,547268,Withdrawn,0.0,0.0,0.0,18.0,561.0,0.0,1375.5,True,False,False
BBB,2014B,548578,Withdrawn,0.0,0.0,0.0,18.0,561.0,0.0,1375.5,True,False,False
BBB,2014B,552931,Withdrawn,0.0,0.0,0.0,18.0,561.0,0.0,1375.5,True,False,False
BBB,2014B,558702,Withdrawn,0.0,0.0,0.0,18.0,561.0,0.0,1375.5,True,False,False
BBB,2014B,559065,Fail,0.0,0.0,0.0,18.0,561.0,0.0,1375.5,True,False,False
BBB,2014B,560117,Fail,0.0,0.0,0.0,18.0,561.0,0.0,1375.5,True,False,False
BBB,2014B,560335,Fail,0.0,0.0,0.0,18.0,561.0,0.0,1375.5,True,False,False
BBB,2014B,560636,Withdrawn,0.0,0.0,0.0,18.0,561.0,0.0,1375.5,True,False,False
BBB,2014B,561674,Fail,0.0,0.0,0.0,18.0,561.0,0.0,1375.5,True,False,False
BBB,2014B,562267,Withdrawn,0.0,0.0,0.0,18.0,561.0,0.0,1375.5,True,False,False
BBB,2014B,562438,Withdrawn,0.0,0.0,0.0,18.0,561.0,0.0,1375.5,True,False,False
BBB,2014B,562642,Fail,0.0,0.0,0.0,18.0,561.0,0.0,1375.5,True,False,False
BBB,2014B,563822,Fail,0.0,0.0,0.0,18.0,561.0,0.0,1375.5,True,False,False
BBB,2014B,563945,Withdrawn,0.0,0.0,0.0,18.0,561.0,0.0,1375.5,True,False,False
BBB,2014B,564460,Withdrawn,0.0,0.0,0.0,18.0,561.0,0.0,1375.5,True,False,False
BBB,2014B,564810,Withdrawn,0.0,0.0,0.0,18.0,561.0,0.0,1375.5,True,False,False
BBB,2014B,565008,Withdrawn,0.0,0.0,0.0,18.0,561.0,0.0,1375.5,True,False,False
BBB,2014B,567273,Withdrawn,0.0,0.0,0.0,18.0,561.0,0.0,1375.5,True,False,False
BBB,2014B,569660,Withdrawn,0.0,0.0,0.0,18.0,561.0,0.0,1375.5,True,False,False
BBB,2014B,570133,Withdrawn,0.0,0.0,0.0,18.0,561.0,0.0,1375.5,True,False,False
BBB,2014B,570177,Fail,0.0,0.0,0.0,18.0,561.0,0.0,1375.5,True,False,False
BBB,2014B,570721,Withdrawn,0.0,0.0,0.0,18.0,561.0,0.0,1375.5,True,False,False
BBB,2014B,571732,Withdrawn,0.0,0.0,0.0,18.0,561.0,0.0,1375.5,True,False,False
BBB,2014B,572370,Withdrawn,0.0,0.0,0.0,18.0,561.0,0.0,1375.5,True,False,False
BBB,2014B,572378,Withdrawn,0.0,0.0,0.0,18.0,561.0,0.0,1375.5,True,False,False
BBB,2014B,572987,Withdrawn,0.0,0.0,0.0,18.0,561.0,0.0,1375.5,True,False,False
BBB,2014B,573000,Withdrawn,0.0,0.0,0.0,18.0,561.0,0.0,1375.5,True,False,False
BBB,2014B,574057,Fail,0.0,0.0,0.0,18.0,561.0,0.0,1375.5,True,False,False
BBB,2014B,574264,Withdrawn,0.0,0.0,0.0,18.0,561.0,0.0,1375.5,True,False,False
BBB,2014B,574553,Withdrawn,0.0,0.0,0.0,18.0,561.0,0.0,1375.5,True,False,False
BBB,2014B,574748,Withdrawn,0.0,0.0,0.0,18.0,561.0,0.0,1375.5,True,False,False
BBB,2014B,576179,Withdrawn,0.0,0.0,0.0,18.0,561.0,0.0,1375.5,True,False,False
BBB,2014B,577170,Fail,0.0,0.0,0.0,18.0,561.0,0.0,1375.5,True,False,False
BBB,2014B,579448,Withdrawn,0.0,0.0,0.0,18.0,561.0,0.0,1375.5,True,False,False
BBB,2014B,581333,Withdrawn,0.0,0.0,0.0,18.0,561.0,0.0,1375.5,True,False,False
BBB,2014B,581647,Withdrawn,0.0,0.0,0.0,18.0,561.0,0.0,1375.5,True,False,False
BBB,2014B,582496,Withdrawn,0.0,0.0,0.0,18.0,561.0,0.0,1375.5,True,False,False
BBB,2014B,584566,Withdrawn,0.0,0.0,0.0,18.0,561.0,0.0,1375.5,True,False,False
BBB,2014B,585283,Withdrawn,0.0,0.0,0.0,18.0,561.0,0.0,1375.5,True,False,False
BBB,2014B,586133,Withdrawn,0.0,0.0,0.0,18.0,561.0,0.0,1375.5,True,False,False
BBB,2014B,586417,Withdrawn,0.0,0.0,0.0,18.0,561.0,0.0,1375.5,True,False,False
BBB,2014B,586435,Withdrawn,0.0,0.0,0.0,18.0,561.0,0.0,1375.5,True,False,False
BBB,2014B,588096,Withdrawn,0.0,0.0,0.0,18.0,561.0,0.0,1375.5,True,False,False
BBB,2014B,589300,Withdrawn,0.0,0.0,0.0,18.0,561.0,0.0,1375.5,True,False,False
BBB,2014B,590520,Fail,0.0,0.0,0.0,18.0,561.0,0.0,1375.5,True,False,False
BBB,2014B,590798,Withdrawn,0.0,0.0,0.0,18.0,561.0,0.0,1375.5,True,False,False
BBB,2014B,591309,Withdrawn,0.0,0.0,0.0,18.0,561.0,0.0,1375.5,True,False,False
BBB,2014B,593465,Withdrawn,0.0,0.0,0.0,18.0,561.0,0.0,1375.5,True,False,False
BBB,2014B,596602,Withdrawn,0.0,0.0,0.0,18.0,561.0,0.0,1375.5,True,False,False
BBB,2014B,597744,Withdrawn,0.0,0.0,0.0,18.0,561.0,0.0,1375.5,True,False,False
BBB,2014B,598150,Withdrawn,0.0,0.0,0.0,18.0,561.0,0.0,1375.5,True,False,False
BBB,2014B,599382,Withdrawn,0.0,0.0,0.0,18.0,561.0,0.0,1375.5,True,False,False
BBB,2014B,599430,Withdrawn,0.0,0.0,0.0,18.0,561.0,0.0,1375.5,True,False,False
BBB,2014B,599480,Withdrawn,0.0,0.0,0.0,18.0,561.0,0.0,1375.5,True,False,False
BBB,2014B,600259,Withdrawn,0.0,0.0,0.0,18.0,561.0,0.0,1375.5,True,False,False
BBB,2014B,601316,Withdrawn,0.0,0.0,0.0,18.0,561.0,0.0,1375.5,True,False,False
BBB,2014B,603348,Withdrawn,0.0,0.0,0.0,18.0,561.0,0.0,1375.5,True,False,False
BBB,2014B,603888,Withdrawn,0.0,0.0,0.0,18.0,561.0,0.0,1375.5,True,False,False
BBB,2014B,604375,Withdrawn,0.0,0.0,0.0,18.0,561.0,0.0,1375.5,True,False,False
BBB,2014B,605388,Withdrawn,0.0,0.0,0.0,18.0,561.0,0.0,1375.5,True,False,False
BBB,2014B,605474,Fail,0.0,0.0,0.0,18.0,561.0,0.0,1375.5,True,False,False
BBB,2014B,605771,Withdrawn,0.0,0.0,0.0,18.0,561.0,0.0,1375.5,True,False,False
BBB,2014B,605971,Withdrawn,0.0,0.0,0.0,18.0,561.0,0.0,1375.5,True,False,False
BBB,2014B,606075,Fail,0.0,0.0,0.0,18.0,561.0,0.0,1375.5,True,False,False
BBB,2014B,606155,Withdrawn,0.0,0.0,0.0,18.0,561.0,0.0,1375.5,True,False,False
BBB,2014B,607339,Withdrawn,0.0,0.0,0.0,18.0,561.0,0.0,1375.5,True,False,False
BBB,2014B,607380,Fail,0.0,0.0,0.0,18.0,561.0,0.0,1375.5,True,False,False
BBB,2014B,607436,Withdrawn,0.0,0.0,0.0,18.0,561.0,0.0,1375.5,True,False,False
BBB,2014B,607646,Withdrawn,0.0,0.0,0.0,18.0,561.0,0.0,1375.5,True,False,False
BBB,2014B,607848,Fail,0.0,0.0,0.0,18.0,561.0,0.0,1375.5,True,False,False
BBB,2014B,607973,Withdrawn,0.0,0.0,0.0,18.0,561.0,0.0,1375.5,True,False,False
BBB,2014B,608060,Withdrawn,0.0,0.0,0.0,18.0,561.0,0.0,1375.5,True,False,False
BBB,2014B,608774,Withdrawn,0.0,0.0,0.0,18.0,561.0,0.0,1375.5,True,False,False
BBB,2014B,609282,Withdrawn,0.0,0.0,0.0,18.0,561.0,0.0,1375.5,True,False,False
BBB,2014B,610239,Fail,0.0,0.0,0.0,18.0,561.0,0.0,1375.5,True,False,False
BBB,2014B,610494,Withdrawn,0.0,0.0,0.0,18.0,561.0,0.0,1375.5,True,False,False
BBB,2014B,610531,Withdrawn,0.0,0.0,0.0,18.0,561.0,0.0,1375.5,True,False,False
BBB,2014B,610589,Withdrawn,0.0,0.0,0.0,18.0,561.0,0.0,1375.5,True,False,False
BBB,2014B,611649,Withdrawn,0.0,0.0,0.0,18.0,561.0,0.0,1375.5,True,False,False
BBB,2014B,611719,Fail,0.0,0.0,0.0,18.0,561.0,0.0,1375.5,True,False,False
BBB,2014B,611732,Withdrawn,0.0,0.0,0.0,18.0,561.0,0.0,1375.5,True,False,False
BBB,2014B,611816,Withdrawn,0.0,0.0,0.0,18.0,561.0,0.0,1375.5,True,False,False
BBB,2014B,611977,Withdrawn,0.0,0.0,0.0,18.0,561.0,0.0,1375.5,True,False,False
BBB,2014B,612395,Withdrawn,0.0,0.0,0.0,18.0,561.0,0.0,1375.5,True,False,False
BBB,2014B,612561,Withdrawn,0.0,0.0,0.0,18.0,561.0,0.0,1375.5,True,False,False
BBB,2014B,613559,Withdrawn,0.0,0.0,0.0,18.0,561.0,0.0,1375.5,True,False,False
BBB,2014B,613641,Withdrawn,0.0,0.0,0.0,18.0,561.0,0.0,1375.5,True,False,False
BBB,2014B,613896,Withdrawn,0.0,0.0,0.0,18.0,561.0,0.0,1375.5,True,False,False
BBB,2014B,613983,Withdrawn,0.0,0.0,0.0,18.0,561.0,0.0,1375.5,True,False,False
BBB,2014B,614270,Withdrawn,0.0,0.0,0.0,18.0,561.0,0.0,1375.5,True,False,False
BBB,2014B,614561,Withdrawn,0.0,0.0,0.0,18.0,561.0,0.0,1375.5,True,False,False
BBB,2014B,614562,Withdrawn,0.0,0.0,0.0,18.0,561.0,0.0,1375.5,True,False,False
BBB,2014B,614586,Withdrawn,0.0,0.0,0.0,18.0,561.0,0.0,1375.5,True,False,False
BBB,2014B,615018,Withdrawn,0.0,0.0,0.0,18.0,561.0,0.0,1375.5,True,False,False
BBB,2014B,615047,Withdrawn,0.0,0.0,0.0,18.0,561.0,0.0,1375.5,True,False,False
BBB,2014B,615212,Withdrawn,0.0,0.0,0.0,18.0,561.0,0.0,1375.5,True,False,False
BBB,2014B,616332,Withdrawn,0.0,0.0,0.0,18.0,561.0,0.0,1375.5,True,False,False
BBB,2014B,616361,Withdrawn,0.0,0.0,0.0,18.0,561.0,0.0,1375.5,True,False,False
BBB,2014B,616428,Withdrawn,0.0,0.0,0.0,18.0,561.0,0.0,1375.5,True,False,False
BBB,2014B,616809,Withdrawn,0.0,0.0,0.0,18.0,561.0,0.0,1375.5,True,False,False
BBB,2014B,616816,Withdrawn,0.0,0.0,0.0,18.0,561.0,0.0,1375.5,True,False,False
BBB,2014B,616848,Withdrawn,0.0,0.0,0.0,18.0,561.0,0.0,1375.5,True,False,False
BBB,2014B,617140,Withdrawn,0.0,0.0,0.0,18.0,561.0,0.0,1375.5,True,False,False
BBB,2014B,617525,Withdrawn,0.0,0.0,0.0,18.0,561.0,0.0,1375.5,True,False,False
BBB,2014B,617905,Withdrawn,0.0,0.0,0.0,18.0,561.0,0.0,1375.5,True,False,False
BBB,2014B,618054,Withdrawn,0.0,0.0,0.0,18.0,561.0,0.0,1375.5,True,False,False
BBB,2014B,618108,Withdrawn,0.0,0.0,0.0,18.0,561.0,0.0,1375.5,True,False,False
BBB,2014B,618292,Withdrawn,0.0,0.0,0.0,18.0,561.0,0.0,1375.5,True,False,False
BBB,2014B,618360,Withdrawn,0.0,0.0,0.0,18.0,561.0,0.0,1375.5,True,False,False
BBB,2014B,618362,Withdrawn,0.0,0.0,0.0,18.0,561.0,0.0,1375.5,True,False,False
BBB,2014B,618534,Fail,0.0,0.0,0.0,18.0,561.0,0.0,1375.5,True,False,False
BBB,2014B,618710,Withdrawn,0.0,0.0,0.0,18.0,561.0,0.0,1375.5,True,False,False
BBB,2014B,618858,Withdrawn,0.0,0.0,0.0,18.0,561.0,0.0,1375.5,True,False,False
BBB,2014B,618870,Withdrawn,0.0,0.0,0.0,18.0,561.0,0.0,1375.5,True,False,False
BBB,2014B,618957,Withdrawn,0.0,0.0,0.0,18.0,561.0,0.0,1375.5,True,False,False
BBB,2014B,619265,Withdrawn,0.0,0.0,0.0,18.0,561.0,0.0,1375.5,True,False,False
BBB,2014B,619901,Withdrawn,0.0,0.0,0.0,18.0,561.0,0.0,1375.5,True,False,False
BBB,2014B,619980,Fail,0.0,0.0,0.0,18.0,561.0,0.0,1375.5,True,False,False
BBB,2014B,620047,Withdrawn,0.0,0.0,0.0,18.0,561.0,0.0,1375.5,True,False,False
BBB,2014B,620175,Withdrawn,0.0,0.0,0.0,18.0,561.0,0.0,1375.5,True,False,False
BBB,2014B,620230,Withdrawn,0.0,0.0,0.0,18.0,561.0,0.0,1375.5,True,False,False
BBB,2014B,620289,Withdrawn,0.0,0.0,0.0,18.0,561.0,0.0,1375.5,True,False,False
BBB,2014B,620546,Withdrawn,0.0,0.0,0.0,18.0,561.0,0.0,1375.5,True,False,False
BBB,2014B,620791,Withdrawn,0.0,0.0,0.0,18.0,561.0,0.0,1375.5,True,False,False
BBB,2014B,620865,Withdrawn,0.0,0.0,0.0,18.0,561.0,0.0,1375.5,True,False,False
BBB,2014B,621731,Withdrawn,0.0,0.0,0.0,18.0,561.0,0.0,1375.5,True,False,False
BBB,2014B,621885,Withdrawn,0.0,0.0,0.0,18.0,561.0,0.0,1375.5,True,False,False
BBB,2014B,621890,Withdrawn,0.0,0.0,0.0,18.0,561.0,0.0,1375.5,True,False,False
BBB,2014B,622180,Withdrawn,0.0,0.0,0.0,18.0,561.0,0.0,1375.5,True,False,False
BBB,2014B,622498,Withdrawn,0.0,0.0,0.0,18.0,561.0,0.0,1375.5,True,False,False
BBB,2014B,622645,Withdrawn,0.0,0.0,0.0,18.0,561.0,0.0,1375.5,True,False,False
BBB,2014B,622767,Withdrawn,0.0,0.0,0.0,18.0,561.0,0.0,1375.5,True,False,False
BBB,2014B,622925,Withdrawn,0.0,0.0,0.0,18.0,561.0,0.0,1375.5,True,False,False
BBB,2014B,623104,Withdrawn,0.0,0.0,0.0,18.0,561.0,0.0,1375.5,True,False,False
BBB,2014B,623392,Withdrawn,0.0,0.0,0.0,18.0,561.0,0.0,1375.5,True,False,False
BBB,2014B,623548,Withdrawn,0.0,0.0,0.0,18.0,561.0,0.0,1375.5,True,False,False
BBB,2014B,623651,Withdrawn,0.0,0.0,0.0,18.0,561.0,0.0,1375.5,True,False,False
BBB,2014B,623914,Withdrawn,0.0,0.0,0.0,18.0,561.0,0.0,1375.5,True,False,False
BBB,2014B,624202,Withdrawn,0.0,0.0,0.0,18.0,561.0,0.0,1375.5,True,False,False
BBB,2014B,624298,Withdrawn,0.0,0.0,0.0,18.0,561.0,0.0,1375.5,True,False,False
BBB,2014B,624341,Withdrawn,0.0,0.0,0.0,18.0,561.0,0.0,1375.5,True,False,False
BBB,2014B,624411,Withdrawn,0.0,0.0,0.0,18.0,561.0,0.0,1375.5,True,False,False
BBB,2014B,624427,Withdrawn,0.0,0.0,0.0,18.0,561.0,0.0,1375.5,True,False,False
BBB,2014B,624549,Withdrawn,0.0,0.0,0.0,18.0,561.0,0.0,1375.5,True,False,False
BBB,2014B,624572,Withdrawn,0.0,0.0,0.0,18.0,561.0,0.0,1375.5,True,False,False
BBB,2014B,624663,Withdrawn,0.0,0.0,0.0,18.0,561.0,0.0,1375.5,True,False,False
BBB,2014B,624674,Fail,0.0,0.0,0.0,18.0,561.0,0.0,1375.5,True,False,False
BBB,2014B,624722,Fail,0.0,0.0,0.0,18.0,561.0,0.0,1375.5,True,False,False
BBB,2014B,624950,Withdrawn,0.0,0.0,0.0,18.0,561.0,0.0,1375.5,True,False,False
BBB,2014B,625173,Withdrawn,0.0,0.0,0.0,18.0,561.0,0.0,1375.5,True,False,False
BBB,2014B,625202,Withdrawn,0.0,0.0,0.0,18.0,561.0,0.0,1375.5,True,False,False
BBB,2014B,625307,Withdrawn,0.0,0.0,0.0,18.0,561.0,0.0,1375.5,True,False,False
BBB,2014B,625465,Withdrawn,0.0,0.0,0.0,18.0,561.0,0.0,1375.5,True,False,False
BBB,2014B,625493,Withdrawn,0.0,0.0,0.0,18.0,561.0,0.0,1375.5,True,False,False
BBB,2014B,625511,Withdrawn,0.0,0.0,0.0,18.0,561.0,0.0,1375.5,True,False,False
BBB,2014B,625581,Withdrawn,0.0,0.0,0.0,18.0,561.0,0.0,1375.5,True,False,False
BBB,2014B,625751,Withdrawn,0.0,0.0,0.0,18.0,561.0,0.0,1375.5,True,False,False
BBB,2014B,625834,Withdrawn,0.0,0.0,0.0,18.0,561.0,0.0,1375.5,True,False,False
BBB,2014B,626330,Withdrawn,0.0,0.0,0.0,18.0,561.0,0.0,1375.5,True,False,False
BBB,2014B,626460,Withdrawn,0.0,0.0,0.0,18.0,561.0,0.0,1375.5,True,False,False
BBB,2014B,626485,Withdrawn,0.0,0.0,0.0,18.0,561.0,0.0,1375.5,True,False,False
BBB,2014B,626549,Withdrawn,0.0,0.0,0.0,18.0,561.0,0.0,1375.5,True,False,False
BBB,2014B,626597,Withdrawn,0.0,0.0,0.0,18.0,561.0,0.0,1375.5,True,False,False
BBB,2014B,626746,Withdrawn,0.0,0.0,0.0,18.0,561.0,0.0,1375.5,True,False,False
BBB,2014B,626773,Withdrawn,0.0,0.0,0.0,18.0,561.0,0.0,1375.5,True,False,False
BBB,2014B,626806,Withdrawn,0.0,0.0,0.0,18.0,561.0,0.0,1375.5,True,False,False
BBB,2014B,626840,Withdrawn,0.0,0.0,0.0,18.0,561.0,0.0,1375.5,True,False,False
BBB,2014B,626876,Withdrawn,0.0,0.0,0.0,18.0,561.0,0.0,1375.5,True,False,False
BBB,2014B,627228,Withdrawn,0.0,0.0,0.0,18.0,561.0,0.0,1375.5,True,False,False
BBB,2014B,627245,Withdrawn,0.0,0.0,0.0,18.0,561.0,0.0,1375.5,True,False,False
BBB,2014B,627252,Withdrawn,0.0,0.0,0.0,18.0,561.0,0.0,1375.5,True,False,False
BBB,2014B,627256,Withdrawn,0.0,0.0,0.0,18.0,561.0,0.0,1375.5,True,False,False
BBB,2014B,627277,Withdrawn,0.0,0.0,0.0,18.0,561.0,0.0,1375.5,True,False,False
BBB,2014B,627670,Withdrawn,0.0,0.0,0.0,18.0,561.0,0.0,1375.5,True,False,False
BBB,2014B,627748,Withdrawn,0.0,0.0,0.0,18.0,561.0,0.0,1375.5,True,False,False
BBB,2014B,628142,Withdrawn,0.0,0.0,0.0,18.0,561.0,0.0,1375.5,True,False,False
BBB,2014B,628327,Withdrawn,0.0,0.0,0.0,18.0,561.0,0.0,1375.5,True,False,False
BBB,2014B,628341,Withdrawn,0.0,0.0,0.0,18.0,561.0,0.0,1375.5,True,False,False
BBB,2014B,628360,Withdrawn,0.0,0.0,0.0,18.0,561.0,0.0,1375.5,True,False,False
BBB,2014B,628392,Withdrawn,0.0,0.0,0.0,18.0,561.0,0.0,1375.5,True,False,False
BBB,2014B,628765,Withdrawn,0.0,0.0,0.0,18.0,561.0,0.0,1375.5,True,False,False
BBB,2014B,628843,Withdrawn,0.0,0.0,0.0,18.0,561.0,0.0,1375.5,True,False,False
BBB,2014B,629029,Withdrawn,0.0,0.0,0.0,18.0,561.0,0.0,1375.5,True,False,False
BBB,2014B,629340,Withdrawn,0.0,0.0,0.0,18.0,561.0,0.0,1375.5,True,False,False
BBB,2014B,629484,Withdrawn,0.0,0.0,0.0,18.0,561.0,0.0,1375.5,True,False,False
BBB,2014B,629505,Withdrawn,0.0,0.0,0.0,18.0,561.0,0.0,1375.5,True,False,False
BBB,2014B,629574,Withdrawn,0.0,0.0,0.0,18.0,561.0,0.0,1375.5,True,False,False
BBB,2014B,629671,Withdrawn,0.0,0.0,0.0,18.0,561.0,0.0,1375.5,True,False,False
BBB,2014B,629736,Withdrawn,0.0,0.0,0.0,18.0,561.0,0.0,1375.5,True,False,False
BBB,2014B,629971,Withdrawn,0.0,0.0,0.0,18.0,561.0,0.0,1375.5,True,False,False
BBB,2014B,629983,Withdrawn,0.0,0.0,0.0,18.0,561.0,0.0,1375.5,True,False,False
BBB,2014B,629991,Withdrawn,0.0,0.0,0.0,18.0,561.0,0.0,1375.5,True,False,False
BBB,2014B,630037,Withdrawn,0.0,0.0,0.0,18.0,561.0,0.0,1375.5,True,False,False
BBB,2014B,630134,Withdrawn,0.0,0.0,0.0,18.0,561.0,0.0,1375.5,True,False,False
BBB,2014B,630182,Withdrawn,0.0,0.0,0.0,18.0,561.0,0.0,1375.5,True,False,False
BBB,2014B,630340,Withdrawn,0.0,0.0,0.0,18.0,561.0,0.0,1375.5,True,False,False
BBB,2014B,630902,Withdrawn,0.0,0.0,0.0,18.0,561.0,0.0,1375.5,True,False,False
BBB,2014B,630920,Withdrawn,0.0,0.0,0.0,18.0,561.0,0.0,1375.5,True,False,False
BBB,2014B,630957,Withdrawn,0.0,0.0,0.0,18.0,561.0,0.0,1375.5,True,False,False
BBB,2014B,631082,Withdrawn,0.0,0.0,0.0,18.0,561.0,0.0,1375.5,True,False,False
BBB,2014B,631190,Withdrawn,0.0,0.0,0.0,18.0,561.0,0.0,1375.5,True,False,False
BBB,2014B,631197,Withdrawn,0.0,0.0,0.0,18.0,561.0,0.0,1375.5,True,False,False
BBB,2014B,631518,Withdrawn,0.0,0.0,0.0,18.0,561.0,0.0,1375.5,True,False,False
BBB,2014B,632040,Fail,0.0,0.0,0.0,18.0,561.0,0.0,1375.5,True,False,False
BBB,2014B,632911,Withdrawn,0.0,0.0,0.0,18.0,561.0,0.0,1375.5,True,False,False
BBB,2014B,633599,Withdrawn,0.0,0.0,0.0,18.0,561.0,0.0,1375.5,True,False,False
BBB,2014B,633613,Withdrawn,0.0,0.0,0.0,18.0,561.0,0.0,1375.5,True,False,False
BBB,2014B,633900,Withdrawn,0.0,0.0,0.0,18.0,561.0,0.0,1375.5,True,False,False
BBB,2014B,633912,Withdrawn,0.0,0.0,0.0,18.0,561.0,0.0,1375.5,True,False,False
BBB,2014B,634373,Withdrawn,0.0,0.0,0.0,18.0,561.0,0.0,1375.5,True,False,False
BBB,2014B,634396,Withdrawn,0.0,0.0,0.0,18.0,561.0,0.0,1375.5,True,False,False
BBB,2014B,634428,Withdrawn,0.0,0.0,0.0,18.0,561.0,0.0,1375.5,True,False,False
BBB,2014B,634486,Withdrawn,0.0,0.0,0.0,18.0,561.0,0.0,1375.5,True,False,False
BBB,2014B,635245,Fail,0.0,0.0,0.0,18.0,561.0,0.0,1375.5,True,False,False
BBB,2014B,636271,Fail,0.0,0.0,0.0,18.0,561.0,0.0,1375.5,True,False,False
BBB,2014B,637864,Fail,0.0,0.0,0.0,18.0,561.0,0.0,1375.5,True,False,False
BBB,2014B,1933555,Withdrawn,0.0,0.0,0.0,18.0,561.0,0.0,1375.5,True,False,False
BBB,2014B,1934118,Fail,0.0,0.0,0.0,18.0,561.0,0.0,1375.5,True,False,False
BBB,2014B,1969081,Withdrawn,0.0,0.0,0.0,18.0,561.0,0.0,1375.5,True,False,False
BBB,2014B,2034455,Withdrawn,0.0,0.0,0.0,18.0,561.0,0.0,1375.5,True,False,False
BBB,2014B,2052966,Withdrawn,0.0,0.0,0.0,18.0,561.0,0.0,1375.5,True,False,False
BBB,2014B,2246708,Withdrawn,0.0,0.0,0.0,18.0,561.0,0.0,1375.5,True,False,False
BBB,2014B,2353787,Withdrawn,0.0,0.0,0.0,18.0,561.0,0.0,1375.5,True,False,False
BBB,2014B,2363561,Withdrawn,0.0,0.0,0.0,18.0,561.0,0.0,1375.5,True,False,False
BBB,2014B,2409808,Withdrawn,0.0,0.0,0.0,18.0,561.0,0.0,1375.5,True,False,False
BBB,2014B,2410331,Withdrawn,0.0,0.0,0.0,18.0,561.0,0.0,1375.5,True,False,False
BBB,2014B,2417841,Withdrawn,0.0,0.0,0.0,18.0,561.0,0.0,1375.5,True,False,False
BBB,2014B,2421428,Withdrawn,0.0,0.0,0.0,18.0,561.0,0.0,1375.5,True,False,False
BBB,2014B,2437062,Withdrawn,0.0,0.0,0.0,18.0,561.0,0.0,1375.5,True,False,False
BBB,2014B,2438291,Withdrawn,0.0,0.0,0.0,18.0,561.0,0.0,1375.5,True,False,False
BBB,2014B,2439442,Withdrawn,0.0,0.0,0.0,18.0,561.0,0.0,1375.5,True,False,False
BBB,2014B,2494258,Withdrawn,0.0,0.0,0.0,18.0,561.0,0.0,1375.5,True,False,False
BBB,2014B,2509297,Withdrawn,0.0,0.0,0.0,18.0,561.0,0.0,1375.5,True,False,False
BBB,2014B,2512349,Withdrawn,0.0,0.0,0.0,18.0,561.0,0.0,1375.5,True,False,False
BBB,2014B,2552149,Withdrawn,0.0,0.0,0.0,18.0,561.0,0.0,1375.5,True,False,False
BBB,2014B,2554464,Fail,0.0,0.0,0.0,18.0,561.0,0.0,1375.5,True,False,False
BBB,2014B,2567352,Withdrawn,0.0,0.0,0.0,18.0,561.0,0.0,1375.5,True,False,False
BBB,2014B,2605113,Withdrawn,0.0,0.0,0.0,18.0,561.0,0.0,1375.5,True,False,False
BBB,2014B,2625752,Fail,0.0,0.0,0.0,18.0,561.0,0.0,1375.5,True,False,False
BBB,2014B,2626511,Withdrawn,0.0,0.0,0.0,18.0,561.0,0.0,1375.5,True,False,False
BBB,2014B,2632243,Withdrawn,0.0,0.0,0.0,18.0,561.0,0.0,1375.5,True,False,False
BBB,2014B,2687644,Withdrawn,0.0,0.0,0.0,18.0,561.0,0.0,1375.5,True,False,False
BBB,2014B,2690719,Withdrawn,0.0,0.0,0.0,18.0,561.0,0.0,1375.5,True,False,False
BBB,2014J,34431,Withdrawn,0.0,0.0,0.0,51.0,1086.5,0.0,2639.75,True,False,False
BBB,2014J,58520,Withdrawn,0.0,0.0,0.0,51.0,1086.5,0.0,2639.75,True,False,False
BBB,2014J,65807,Withdrawn,0.0,0.0,0.0,51.0,1086.5,0.0,2639.75,True,False,False
BBB,2014J,74574,Withdrawn,0.0,0.0,0.0,51.0,1086.5,0.0,2639.75,True,False,False
BBB,2014J,82611,Withdrawn,0.0,0.0,0.0,51.0,1086.5,0.0,2639.75,True,False,False
BBB,2014J,106383,Withdrawn,0.0,0.0,0.0,51.0,1086.5,0.0,2639.75,True,False,False
BBB,2014J,119437,Withdrawn,0.0,0.0,0.0,51.0,1086.5,0.0,2639.75,True,False,False
BBB,2014J,132055,Withdrawn,0.0,0.0,0.0,51.0,1086.5,0.0,2639.75,True,False,False
BBB,2014J,161811,Withdrawn,0.0,0.0,0.0,51.0,1086.5,0.0,2639.75,True,False,False
BBB,2014J,184234,Fail,0.0,0.0,0.0,51.0,1086.5,0.0,2639.75,True,False,False
BBB,2014J,201655,Withdrawn,0.0,0.0,0.0,51.0,1086.5,0.0,2639.75,True,False,False
BBB,2014J,205978,Withdrawn,0.0,0.0,0.0,51.0,1086.5,0.0,2639.75,True,False,False
BBB,2014J,228235,Withdrawn,0.0,0.0,0.0,51.0,1086.5,0.0,2639.75,True,False,False
BBB,2014J,254313,Withdrawn,0.0,0.0,0.0,51.0,1086.5,0.0,2639.75,True,False,False
BBB,2014J,255957,Withdrawn,0.0,0.0,0.0,51.0,1086.5,0.0,2639.75,True,False,False
BBB,2014J,260777,Withdrawn,0.0,0.0,0.0,51.0,1086.5,0.0,2639.75,True,False,False
BBB,2014J,270191,Withdrawn,0.0,0.0,0.0,51.0,1086.5,0.0,2639.75,True,False,False
BBB,2014J,285992,Withdrawn,0.0,0.0,0.0,51.0,1086.5,0.0,2639.75,True,False,False
BBB,2014J,292813,Withdrawn,0.0,0.0,0.0,51.0,1086.5,0.0,2639.75,True,False,False
BBB,2014J,316421,Withdrawn,0.0,0.0,0.0,51.0,1086.5,0.0,2639.75,True,False,False
BBB,2014J,327940,Pass,0.0,0.0,0.0,51.0,1086.5,0.0,2639.75,True,False,False
BBB,2014J,330981,Withdrawn,0.0,0.0,0.0,51.0,1086.5,0.0,2639.75,True,False,False
BBB,2014J,335765,Withdrawn,0.0,0.0,0.0,51.0,1086.5,0.0,2639.75,True,False,False
BBB,2014J,345128,Fail,0.0,0.0,0.0,51.0,1086.5,0.0,2639.75,True,False,False
BBB,2014J,353617,Fail,0.0,0.0,0.0,51.0,1086.5,0.0,2639.75,True,False,False
BBB,2014J,366791,Withdrawn,0.0,0.0,0.0,51.0,1086.5,0.0,2639.75,True,False,False
BBB,2014J,387276,Withdrawn,0.0,0.0,0.0,51.0,1086.5,0.0,2639.75,True,False,False
BBB,2014J,393529,Withdrawn,0.0,0.0,0.0,51.0,1086.5,0.0,2639.75,True,False,False
BBB,2014J,398071,Withdrawn,0.0,0.0,0.0,51.0,1086.5,0.0,2639.75,True,False,False
BBB,2014J,414663,Withdrawn,0.0,0.0,0.0,51.0,1086.5,0.0,2639.75,True,False,False
BBB,2014J,418206,Withdrawn,0.0,0.0,0.0,51.0,1086.5,0.0,2639.75,True,False,False
BBB,2014J,418502,Withdrawn,0.0,0.0,0.0,51.0,1086.5,0.0,2639.75,True,False,False
BBB,2014J,424586,Withdrawn,0.0,0.0,0.0,51.0,1086.5,0.0,2639.75,True,False,False
BBB,2014J,426340,Withdrawn,0.0,0.0,0.0,51.0,1086.5,0.0,2639.75,True,False,False
BBB,2014J,442685,Withdrawn,0.0,0.0,0.0,51.0,1086.5,0.0,2639.75,True,False,False
BBB,2014J,469803,Withdrawn,0.0,0.0,0.0,51.0,1086.5,0.0,2639.75,True,False,False
BBB,2014J,473444,Withdrawn,0.0,0.0,0.0,51.0,1086.5,0.0,2639.75,True,False,False
BBB,2014J,476253,Withdrawn,0.0,0.0,0.0,51.0,1086.5,0.0,2639.75,True,False,False
BBB,2014J,480988,Withdrawn,0.0,0.0,0.0,51.0,1086.5,0.0,2639.75,True,False,False
BBB,2014J,484158,Withdrawn,0.0,0.0,0.0,51.0,1086.5,0.0,2639.75,True,False,False
BBB,2014J,484443,Fail,0.0,0.0,0.0,51.0,1086.5,0.0,2639.75,True,False,False
BBB,2014J,488242,Withdrawn,0.0,0.0,0.0,51.0,1086.5,0.0,2639.75,True,False,False
BBB,2014J,488854,Withdrawn,0.0,0.0,0.0,51.0,1086.5,0.0,2639.75,True,False,False
BBB,2014J,490648,Fail,0.0,0.0,0.0,51.0,1086.5,0.0,2639.75,True,False,False
BBB,2014J,491001,Withdrawn,0.0,0.0,0.0,51.0,1086.5,0.0,2639.75,True,False,False
BBB,2014J,496373,Withdrawn,0.0,0.0,0.0,51.0,1086.5,0.0,2639.75,True,False,False
BBB,2014J,501414,Withdrawn,0.0,0.0,0.0,51.0,1086.5,0.0,2639.75,True,False,False
BBB,2014J,504066,Withdrawn,0.0,0.0,0.0,51.0,1086.5,0.0,2639.75,True,False,False
BBB,2014J,505692,Withdrawn,0.0,0.0,0.0,51.0,1086.5,0.0,2639.75,True,False,False
BBB,2014J,511424,Withdrawn,0.0,0.0,0.0,51.0,1086.5,0.0,2639.75,True,False,False
BBB,2014J,511962,Withdrawn,0.0,0.0,0.0,51.0,1086.5,0.0,2639.75,True,False,False
BBB,2014J,512493,Withdrawn,0.0,0.0,0.0,51.0,1086.5,0.0,2639.75,True,False,False
BBB,2014J,514581,Withdrawn,0.0,0.0,0.0,51.0,1086.5,0.0,2639.75,True,False,False
BBB,2014J,517112,Withdrawn,0.0,0.0,0.0,51.0,1086.5,0.0,2639.75,True,False,False
BBB,2014J,522784,Withdrawn,0.0,0.0,0.0,51.0,1086.5,0.0,2639.75,True,False,False
BBB,2014J,526789,Withdrawn,0.0,0.0,0.0,51.0,1086.5,0.0,2639.75,True,False,False
BBB,2014J,526844,Withdrawn,0.0,0.0,0.0,51.0,1086.5,0.0,2639.75,True,False,False
BBB,2014J,530960,Withdrawn,0.0,0.0,0.0,51.0,1086.5,0.0,2639.75,True,False,False
BBB,2014J,532794,Withdrawn,0.0,0.0,0.0,51.0,1086.5,0.0,2639.75,True,False,False
BBB,2014J,537221,Withdrawn,0.0,0.0,0.0,51.0,1086.5,0.0,2639.75,True,False,False
BBB,2014J,539657,Withdrawn,0.0,0.0,0.0,51.0,1086.5,0.0,2639.75,True,False,False
BBB,2014J,544177,Withdrawn,0.0,0.0,0.0,51.0,1086.5,0.0,2639.75,True,False,False
BBB,2014J,546114,Withdrawn,0.0,0.0,0.0,51.0,1086.5,0.0,2639.75,True,False,False
BBB,2014J,549839,Withdrawn,0.0,0.0,0.0,51.0,1086.5,0.0,2639.75,True,False,False
BBB,2014J,557085,Withdrawn,0.0,0.0,0.0,51.0,1086.5,0.0,2639.75,True,False,False
BBB,2014J,561773,Withdrawn,0.0,0.0,0.0,51.0,1086.5,0.0,2639.75,True,False,False
BBB,2014J,561798,Withdrawn,0.0,0.0,0.0,51.0,1086.5,0.0,2639.75,True,False,False
BBB,2014J,562769,Withdrawn,0.0,0.0,0.0,51.0,1086.5,0.0,2639.75,True,False,False
BBB,2014J,569157,Withdrawn,0.0,0.0,0.0,51.0,1086.5,0.0,2639.75,True,False,False
BBB,2014J,569256,Withdrawn,0.0,0.0,0.0,51.0,1086.5,0.0,2639.75,True,False,False
BBB,2014J,573554,Withdrawn,0.0,0.0,0.0,51.0,1086.5,0.0,2639.75,True,False,False
BBB,2014J,574306,Withdrawn,0.0,0.0,0.0,51.0,1086.5,0.0,2639.75,True,False,False
BBB,2014J,577934,Withdrawn,0.0,0.0,0.0,51.0,1086.5,0.0,2639.75,True,False,False
BBB,2014J,578445,Withdrawn,0.0,0.0,0.0,51.0,1086.5,0.0,2639.75,True,False,False
BBB,2014J,579031,Withdrawn,0.0,0.0,0.0,51.0,1086.5,0.0,2639.75,True,False,False
BBB,2014J,581672,Withdrawn,0.0,0.0,0.0,51.0,1086.5,0.0,2639.75,True,False,False
BBB,2014J,584274,Withdrawn,0.0,0.0,0.0,51.0,1086.5,0.0,2639.75,True,False,False
BBB,2014J,584283,Withdrawn,0.0,0.0,0.0,51.0,1086.5,0.0,2639.75,True,False,False
BBB,2014J,584595,Withdrawn,0.0,0.0,0.0,51.0,1086.5,0.0,2639.75,True,False,False
BBB,2014J,584664,Withdrawn,0.0,0.0,0.0,51.0,1086.5,0.0,2639.75,True,False,False
BBB,2014J,592090,Withdrawn,0.0,0.0,0.0,51.0,1086.5,0.0,2639.75,True,False,False
BBB,2014J,592815,Withdrawn,0.0,0.0,0.0,51.0,1086.5,0.0,2639.75,True,False,False
BBB,2014J,595018,Withdrawn,0.0,0.0,0.0,51.0,1086.5,0.0,2639.75,True,False,False
BBB,2014J,595850,Withdrawn,0.0,0.0,0.0,51.0,1086.5,0.0,2639.75,True,False,False
BBB,2014J,596744,Withdrawn,0.0,0.0,0.0,51.0,1086.5,0.0,2639.75,True,False,False
BBB,2014J,597532,Withdrawn,0.0,0.0,0.0,51.0,1086.5,0.0,2639.75,True,False,False
BBB,2014J,598317,Withdrawn,0.0,0.0,0.0,51.0,1086.5,0.0,2639.75,True,False,False
BBB,2014J,599232,Withdrawn,0.0,0.0,0.0,51.0,1086.5,0.0,2639.75,True,False,False
BBB,2014J,601285,Withdrawn,0.0,0.0,0.0,51.0,1086.5,0.0,2639.75,True,False,False
BBB,2014J,601882,Withdrawn,0.0,0.0,0.0,51.0,1086.5,0.0,2639.75,True,False,False
BBB,2014J,602448,Fail,0.0,0.0,0.0,51.0,1086.5,0.0,2639.75,True,False,False
BBB,2014J,603203,Withdrawn,0.0,0.0,0.0,51.0,1086.5,0.0,2639.75,True,False,False
BBB,2014J,608319,Withdrawn,0.0,0.0,0.0,51.0,1086.5,0.0,2639.75,True,False,False
BBB,2014J,610437,Withdrawn,0.0,0.0,0.0,51.0,1086.5,0.0,2639.75,True,False,False
BBB,2014J,613380,Fail,0.0,0.0,0.0,51.0,1086.5,0.0,2639.75,True,False,False
BBB,2014J,614405,Withdrawn,0.0,0.0,0.0,51.0,1086.5,0.0,2639.75,True,False,False
BBB,2014J,615016,Withdrawn,0.0,0.0,0.0,51.0,1086.5,0.0,2639.75,True,False,False
BBB,2014J,617671,Withdrawn,0.0,0.0,0.0,51.0,1086.5,0.0,2639.75,True,False,False
BBB,2014J,617804,Withdrawn,0.0,0.0,0.0,51.0,1086.5,0.0,2639.75,True,False,False
BBB,2014J,618858,Withdrawn,0.0,0.0,0.0,51.0,1086.5,0.0,2639.75,True,False,False
BBB,2014J,620135,Withdrawn,0.0,0.0,0.0,51.0,1086.5,0.0,2639.75,True,False,False
BBB,2014J,620550,Fail,0.0,0.0,0.0,51.0,1086.5,0.0,2639.75,True,False,False
BBB,2014J,621856,Fail,0.0,0.0,0.0,51.0,1086.5,0.0,2639.75,True,False,False
BBB,2014J,621935,Withdrawn,0.0,0.0,0.0,51.0,1086.5,0.0,2639.75,True,False,False
BBB,2014J,622722,Withdrawn,0.0,0.0,0.0,51.0,1086.5,0.0,2639.75,True,False,False
BBB,2014J,624795,Withdrawn,0.0,0.0,0.0,51.0,1086.5,0.0,2639.75,True,False,False
BBB,2014J,626597,Withdrawn,0.0,0.0,0.0,51.0,1086.5,0.0,2639.75,True,False,False
BBB,2014J,626835,Withdrawn,0.0,0.0,0.0,51.0,1086.5,0.0,2639.75,True,False,False
BBB,2014J,628435,Withdrawn,0.0,0.0,0.0,51.0,1086.5,0.0,2639.75,True,False,False
BBB,2014J,628819,Withdrawn,0.0,0.0,0.0,51.0,1086.5,0.0,2639.75,True,False,False
BBB,2014J,630274,Fail,0.0,0.0,0.0,51.0,1086.5,0.0,2639.75,True,False,False
BBB,2014J,630465,Withdrawn,0.0,0.0,0.0,51.0,1086.5,0.0,2639.75,True,False,False
BBB,2014J,632144,Withdrawn,0.0,0.0,0.0,51.0,1086.5,0.0,2639.75,True,False,False
BBB,2014J,632431,Withdrawn,0.0,0.0,0.0,51.0,1086.5,0.0,2639.75,True,False,False
BBB,2014J,633016,Withdrawn,0.0,0.0,0.0,51.0,1086.5,0.0,2639.75,True,False,False
BBB,2014J,635251,Withdrawn,0.0,0.0,0.0,51.0,1086.5,0.0,2639.75,True,False,False
BBB,2014J,635425,Withdrawn,0.0,0.0,0.0,51.0,1086.5,0.0,2639.75,True,False,False
BBB,2014J,635716,Withdrawn,0.0,0.0,0.0,51.0,1086.5,0.0,2639.75,True,False,False
BBB,2014J,636064,Withdrawn,0.0,0.0,0.0,51.0,1086.5,0.0,2639.75,True,False,False
BBB,2014J,636660,Withdrawn,0.0,0.0,0.0,51.0,1086.5,0.0,2639.75,True,False,False
BBB,2014J,636807,Withdrawn,0.0,0.0,0.0,51.0,1086.5,0.0,2639.75,True,False,False
BBB,2014J,637295,Withdrawn,0.0,0.0,0.0,51.0,1086.5,0.0,2639.75,True,False,False
BBB,2014J,638818,Withdrawn,0.0,0.0,0.0,51.0,1086.5,0.0,2639.75,True,False,False
BBB,2014J,639659,Withdrawn,0.0,0.0,0.0,51.0,1086.5,0.0,2639.75,True,False,False
BBB,2014J,640330,Withdrawn,0.0,0.0,0.0,51.0,1086.5,0.0,2639.75,True,False,False
BBB,2014J,640501,Withdrawn,0.0,0.0,0.0,51.0,1086.5,0.0,2639.75,True,False,False
BBB,2014J,641045,Withdrawn,0.0,0.0,0.0,51.0,1086.5,0.0,2639.75,True,False,False
BBB,2014J,641262,Withdrawn,0.0,0.0,0.0,51.0,1086.5,0.0,2639.75,True,False,False
BBB,2014J,641540,Withdrawn,0.0,0.0,0.0,51.0,1086.5,0.0,2639.75,True,False,False
BBB,2014J,642292,Withdrawn,0.0,0.0,0.0,51.0,1086.5,0.0,2639.75,True,False,False
BBB,2014J,642731,Withdrawn,0.0,0.0,0.0,51.0,1086.5,0.0,2639.75,True,False,False
BBB,2014J,642836,Withdrawn,0.0,0.0,0.0,51.0,1086.5,0.0,2639.75,True,False,False
BBB,2014J,644975,Withdrawn,0.0,0.0,0.0,51.0,1086.5,0.0,2639.75,True,False,False
BBB,2014J,645510,Withdrawn,0.0,0.0,0.0,51.0,1086.5,0.0,2639.75,True,False,False
BBB,2014J,645996,Withdrawn,0.0,0.0,0.0,51.0,1086.5,0.0,2639.75,True,False,False
BBB,2014J,646075,Fail,0.0,0.0,0.0,51.0,1086.5,0.0,2639.75,True,False,False
BBB,2014J,646133,Withdrawn,0.0,0.0,0.0,51.0,1086.5,0.0,2639.75,True,False,False
BBB,2014J,646151,Withdrawn,0.0,0.0,0.0,51.0,1086.5,0.0,2639.75,True,False,False
BBB,2014J,646445,Withdrawn,0.0,0.0,0.0,51.0,1086.5,0.0,2639.75,True,False,False
BBB,2014J,646515,Withdrawn,0.0,0.0,0.0,51.0,1086.5,0.0,2639.75,True,False,False
BBB,2014J,646580,Withdrawn,0.0,0.0,0.0,51.0,1086.5,0.0,2639.75,True,False,False
BBB,2014J,646636,Withdrawn,0.0,0.0,0.0,51.0,1086.5,0.0,2639.75,True,False,False
BBB,2014J,646770,Withdrawn,0.0,0.0,0.0,51.0,1086.5,0.0,2639.75,True,False,False
BBB,2014J,646906,Withdrawn,0.0,0.0,0.0,51.0,1086.5,0.0,2639.75,True,False,False
BBB,2014J,647220,Withdrawn,0.0,0.0,0.0,51.0,1086.5,0.0,2639.75,True,False,False
BBB,2014J,647511,Fail,0.0,0.0,0.0,51.0,1086.5,0.0,2639.75,True,False,False
BBB,2014J,647740,Withdrawn,0.0,0.0,0.0,51.0,1086.5,0.0,2639.75,True,False,False
BBB,2014J,647807,Withdrawn,0.0,0.0,0.0,51.0,1086.5,0.0,2639.75,True,False,False
BBB,2014J,647864,Withdrawn,0.0,0.0,0.0,51.0,1086.5,0.0,2639.75,True,False,False
BBB,2014J,647876,Withdrawn,0.0,0.0,0.0,51.0,1086.5,0.0,2639.75,True,False,False
BBB,2014J,647940,Withdrawn,0.0,0.0,0.0,51.0,1086.5,0.0,2639.75,True,False,False
BBB,2014J,647964,Withdrawn,0.0,0.0,0.0,51.0,1086.5,0.0,2639.75,True,False,False
BBB,2014J,647993,Withdrawn,0.0,0.0,0.0,51.0,1086.5,0.0,2639.75,True,False,False
BBB,2014J,647999,Withdrawn,0.0,0.0,0.0,51.0,1086.5,0.0,2639.75,True,False,False
BBB,2014J,648203,Withdrawn,0.0,0.0,0.0,51.0,1086.5,0.0,2639.75,True,False,False
BBB,2014J,648238,Withdrawn,0.0,0.0,0.0,51.0,1086.5,0.0,2639.75,True,False,False
BBB,2014J,648247,Withdrawn,0.0,0.0,0.0,51.0,1086.5,0.0,2639.75,True,False,False
BBB,2014J,648317,Withdrawn,0.0,0.0,0.0,51.0,1086.5,0.0,2639.75,True,False,False
BBB,2014J,648556,Withdrawn,0.0,0.0,0.0,51.0,1086.5,0.0,2639.75,True,False,False
BBB,2014J,648589,Withdrawn,0.0,0.0,0.0,51.0,1086.5,0.0,2639.75,True,False,False
BBB,2014J,648640,Withdrawn,0.0,0.0,0.0,51.0,1086.5,0.0,2639.75,True,False,False
BBB,2014J,648820,Withdrawn,0.0,0.0,0.0,51.0,1086.5,0.0,2639.75,True,False,False
BBB,2014J,648961,Withdrawn,0.0,0.0,0.0,51.0,1086.5,0.0,2639.75,True,False,False
BBB,2014J,649209,Withdrawn,0.0,0.0,0.0,51.0,1086.5,0.0,2639.75,True,False,False
BBB,2014J,649247,Withdrawn,0.0,0.0,0.0,51.0,1086.5,0.0,2639.75,True,False,False
BBB,2014J,649278,Withdrawn,0.0,0.0,0.0,51.0,1086.5,0.0,2639.75,True,False,False
BBB,2014J,649351,Withdrawn,0.0,0.0,0.0,51.0,1086.5,0.0,2639.75,True,False,False
BBB,2014J,649686,Withdrawn,0.0,0.0,0.0,51.0,1086.5,0.0,2639.75,True,False,False
BBB,2014J,649731,Withdrawn,0.0,0.0,0.0,51.0,1086.5,0.0,2639.75,True,False,False
BBB,2014J,649886,Withdrawn,0.0,0.0,0.0,51.0,1086.5,0.0,2639.75,True,False,False
BBB,2014J,650090,Withdrawn,0.0,0.0,0.0,51.0,1086.5,0.0,2639.75,True,False,False
BBB,2014J,650121,Withdrawn,0.0,0.0,0.0,51.0,1086.5,0.0,2639.75,True,False,False
BBB,2014J,650181,Withdrawn,0.0,0.0,0.0,51.0,1086.5,0.0,2639.75,True,False,False
BBB,2014J,650357,Withdrawn,0.0,0.0,0.0,51.0,1086.5,0.0,2639.75,True,False,False
BBB,2014J,650548,Fail,0.0,0.0,0.0,51.0,1086.5,0.0,2639.75,True,False,False
BBB,2014J,650676,Withdrawn,0.0,0.0,0.0,51.0,1086.5,0.0,2639.75,True,False,False
BBB,2014J,651030,Withdrawn,0.0,0.0,0.0,51.0,1086.5,0.0,2639.75,True,False,False
BBB,2014J,651520,Withdrawn,0.0,0.0,0.0,51.0,1086.5,0.0,2639.75,True,False,False
BBB,2014J,651586,Withdrawn,0.0,0.0,0.0,51.0,1086.5,0.0,2639.75,True,False,False
BBB,2014J,651610,Withdrawn,0.0,0.0,0.0,51.0,1086.5,0.0,2639.75,True,False,False
BBB,2014J,651778,Fail,0.0,0.0,0.0,51.0,1086.5,0.0,2639.75,True,False,False
BBB,2014J,651798,Withdrawn,0.0,0.0,0.0,51.0,1086.5,0.0,2639.75,True,False,False
BBB,2014J,651814,Withdrawn,0.0,0.0,0.0,51.0,1086.5,0.0,2639.75,True,False,False
BBB,2014J,652006,Withdrawn,0.0,0.0,0.0,51.0,1086.5,0.0,2639.75,True,False,False
BBB,2014J,652017,Withdrawn,0.0,0.0,0.0,51.0,1086.5,0.0,2639.75,True,False,False
BBB,2014J,652105,Fail,0.0,0.0,0.0,51.0,1086.5,0.0,2639.75,True,False,False
BBB,2014J,652114,Fail,0.0,0.0,0.0,51.0,1086.5,0.0,2639.75,True,False,False
BBB,2014J,652315,Withdrawn,0.0,0.0,0.0,51.0,1086.5,0.0,2639.75,True,False,False
BBB,2014J,652366,Withdrawn,0.0,0.0,0.0,51.0,1086.5,0.0,2639.75,True,False,False
BBB,2014J,652533,Withdrawn,0.0,0.0,0.0,51.0,1086.5,0.0,2639.75,True,False,False
BBB,2014J,652558,Withdrawn,0.0,0.0,0.0,51.0,1086.5,0.0,2639.75,True,False,False
BBB,2014J,652584,Withdrawn,0.0,0.0,0.0,51.0,1086.5,0.0,2639.75,True,False,False
BBB,2014J,652744,Withdrawn,0.0,0.0,0.0,51.0,1086.5,0.0,2639.75,True,False,False
BBB,2014J,652906,Withdrawn,0.0,0.0,0.0,51.0,1086.5,0.0,2639.75,True,False,False
BBB,2014J,653193,Withdrawn,0.0,0.0,0.0,51.0,1086.5,0.0,2639.75,True,False,False
BBB,2014J,653295,Withdrawn,0.0,0.0,0.0,51.0,1086.5,0.0,2639.75,True,False,False
BBB,2014J,653551,Withdrawn,0.0,0.0,0.0,51.0,1086.5,0.0,2639.75,True,False,False
BBB,2014J,653730,Withdrawn,0.0,0.0,0.0,51.0,1086.5,0.0,2639.75,True,False,False
BBB,2014J,654256,Withdrawn,0.0,0.0,0.0,51.0,1086.5,0.0,2639.75,True,False,False
BBB,2014J,654259,Withdrawn,0.0,0.0,0.0,51.0,1086.5,0.0,2639.75,True,False,False
BBB,2014J,654333,Withdrawn,0.0,0.0,0.0,51.0,1086.5,0.0,2639.75,True,False,False
BBB,2014J,654796,Withdrawn,0.0,0.0,0.0,51.0,1086.5,0.0,2639.75,True,False,False
BBB,2014J,654913,Withdrawn,0.0,0.0,0.0,51.0,1086.5,0.0,2639.75,True,False,False
BBB,2014J,655224,Withdrawn,0.0,0.0,0.0,51.0,1086.5,0.0,2639.75,True,False,False
BBB,2014J,655414,Withdrawn,0.0,0.0,0.0,51.0,1086.5,0.0,2639.75,True,False,False
BBB,2014J,655829,Withdrawn,0.0,0.0,0.0,51.0,1086.5,0.0,2639.75,True,False,False
BBB,2014J,655878,Withdrawn,0.0,0.0,0.0,51.0,1086.5,0.0,2639.75,True,False,False
BBB,2014J,655992,Withdrawn,0.0,0.0,0.0,51.0,1086.5,0.0,2639.75,True,False,False
BBB,2014J,656112,Withdrawn,0.0,0.0,0.0,51.0,1086.5,0.0,2639.75,True,False,False
BBB,2014J,656129,Withdrawn,0.0,0.0,0.0,51.0,1086.5,0.0,2639.75,True,False,False
BBB,2014J,656228,Withdrawn,0.0,0.0,0.0,51.0,1086.5,0.0,2639.75,True,False,False
BBB,2014J,674280,Withdrawn,0.0,0.0,0.0,51.0,1086.5,0.0,2639.75,True,False,False
BBB,2014J,674501,Withdrawn,0.0,0.0,0.0,51.0,1086.5,0.0,2639.75,True,False,False
BBB,2014J,674502,Withdrawn,0.0,0.0,0.0,51.0,1086.5,0.0,2639.75,True,False,False
BBB,2014J,674548,Withdrawn,0.0,0.0,0.0,51.0,1086.5,0.0,2639.75,True,False,False
BBB,2014J,674643,Withdrawn,0.0,0.0,0.0,51.0,1086.5,0.0,2639.75,True,False,False
BBB,2014J,674777,Pass,0.0,0.0,0.0,51.0,1086.5,0.0,2639.75,True,False,False
BBB,2014J,675047,Withdrawn,0.0,0.0,0.0,51.0,1086.5,0.0,2639.75,True,False,False
BBB,2014J,675116,Withdrawn,0.0,0.0,0.0,51.0,1086.5,0.0,2639.75,True,False,False
BBB,2014J,675161,Withdrawn,0.0,0.0,0.0,51.0,1086.5,0.0,2639.75,True,False,False
BBB,2014J,675178,Withdrawn,0.0,0.0,0.0,51.0,1086.5,0.0,2639.75,True,False,False
BBB,2014J,675246,Withdrawn,0.0,0.0,0.0,51.0,1086.5,0.0,2639.75,True,False,False
BBB,2014J,675627,Withdrawn,0.0,0.0,0.0,51.0,1086.5,0.0,2639.75,True,False,False
BBB,2014J,675673,Withdrawn,0.0,0.0,0.0,51.0,1086.5,0.0,2639.75,True,False,False
BBB,2014J,676093,Withdrawn,0.0,0.0,0.0,51.0,1086.5,0.0,2639.75,True,False,False
BBB,2014J,676350,Fail,0.0,0.0,0.0,51.0,1086.5,0.0,2639.75,True,False,False
BBB,2014J,676376,Withdrawn,0.0,0.0,0.0,51.0,1086.5,0.0,2639.75,True,False,False
BBB,2014J,676785,Withdrawn,0.0,0.0,0.0,51.0,1086.5,0.0,2639.75,True,False,False
BBB,2014J,676969,Fail,0.0,0.0,0.0,51.0,1086.5,0.0,2639.75,True,False,False
BBB,2014J,676973,Withdrawn,0.0,0.0,0.0,51.0,1086.5,0.0,2639.75,True,False,False
BBB,2014J,677039,Withdrawn,0.0,0.0,0.0,51.0,1086.5,0.0,2639.75,True,False,False
BBB,2014J,677190,Withdrawn,0.0,0.0,0.0,51.0,1086.5,0.0,2639.75,True,False,False
BBB,2014J,677230,Withdrawn,0.0,0.0,0.0,51.0,1086.5,0.0,2639.75,True,False,False
BBB,2014J,677411,Withdrawn,0.0,0.0,0.0,51.0,1086.5,0.0,2639.75,True,False,False
BBB,2014J,677706,Withdrawn,0.0,0.0,0.0,51.0,1086.5,0.0,2639.75,True,False,False
BBB,2014J,677744,Withdrawn,0.0,0.0,0.0,51.0,1086.5,0.0,2639.75,True,False,False
BBB,2014J,677864,Withdrawn,0.0,0.0,0.0,51.0,1086.5,0.0,2639.75,True,False,False
BBB,2014J,677950,Withdrawn,0.0,0.0,0.0,51.0,1086.5,0.0,2639.75,True,False,False
BBB,2014J,678109,Withdrawn,0.0,0.0,0.0,51.0,1086.5,0.0,2639.75,True,False,False
BBB,2014J,678114,Withdrawn,0.0,0.0,0.0,51.0,1086.5,0.0,2639.75,True,False,False
BBB,2014J,678212,Withdrawn,0.0,0.0,0.0,51.0,1086.5,0.0,2639.75,True,False,False
BBB,2014J,678328,Withdrawn,0.0,0.0,0.0,51.0,1086.5,0.0,2639.75,True,False,False
BBB,2014J,678398,Withdrawn,0.0,0.0,0.0,51.0,1086.5,0.0,2639.75,True,False,False
BBB,2014J,678550,Withdrawn,0.0,0.0,0.0,51.0,1086.5,0.0,2639.75,True,False,False
BBB,2014J,678585,Withdrawn,0.0,0.0,0.0,51.0,1086.5,0.0,2639.75,True,False,False
BBB,2014J,678795,Withdrawn,0.0,0.0,0.0,51.0,1086.5,0.0,2639.75,True,False,False
BBB,2014J,678975,Withdrawn,0.0,0.0,0.0,51.0,1086.5,0.0,2639.75,True,False,False
BBB,2014J,679057,Withdrawn,0.0,0.0,0.0,51.0,1086.5,0.0,2639.75,True,False,False
BBB,2014J,679504,Withdrawn,0.0,0.0,0.0,51.0,1086.5,0.0,2639.75,True,False,False
BBB,2014J,679528,Withdrawn,0.0,0.0,0.0,51.0,1086.5,0.0,2639.75,True,False,False
BBB,2014J,679568,Withdrawn,0.0,0.0,0.0,51.0,1086.5,0.0,2639.75,True,False,False
BBB,2014J,679675,Withdrawn,0.0,0.0,0.0,51.0,1086.5,0.0,2639.75,True,False,False
BBB,2014J,679747,Withdrawn,0.0,0.0,0.0,51.0,1086.5,0.0,2639.75,True,False,False
BBB,2014J,679919,Withdrawn,0.0,0.0,0.0,51.0,1086.5,0.0,2639.75,True,False,False
BBB,2014J,680110,Withdrawn,0.0,0.0,0.0,51.0,1086.5,0.0,2639.75,True,False,False
BBB,2014J,680560,Withdrawn,0.0,0.0,0.0,51.0,1086.5,0.0,2639.75,True,False,False
BBB,2014J,680732,Withdrawn,0.0,0.0,0.0,51.0,1086.5,0.0,2639.75,True,False,False
BBB,2014J,680816,Withdrawn,0.0,0.0,0.0,51.0,1086.5,0.0,2639.75,True,False,False
BBB,2014J,680959,Withdrawn,0.0,0.0,0.0,51.0,1086.5,0.0,2639.75,True,False,False
BBB,2014J,680991,Withdrawn,0.0,0.0,0.0,51.0,1086.5,0.0,2639.75,True,False,False
BBB,2014J,681016,Withdrawn,0.0,0.0,0.0,51.0,1086.5,0.0,2639.75,True,False,False
BBB,2014J,681089,Withdrawn,0.0,0.0,0.0,51.0,1086.5,0.0,2639.75,True,False,False
BBB,2014J,681166,Withdrawn,0.0,0.0,0.0,51.0,1086.5,0.0,2639.75,True,False,False
BBB,2014J,681964,Withdrawn,0.0,0.0,0.0,51.0,1086.5,0.0,2639.75,True,False,False
BBB,2014J,681971,Withdrawn,0.0,0.0,0.0,51.0,1086.5,0.0,2639.75,True,False,False
BBB,2014J,682163,Withdrawn,0.0,0.0,0.0,51.0,1086.5,0.0,2639.75,True,False,False
BBB,2014J,682289,Withdrawn,0.0,0.0,0.0,51.0,1086.5,0.0,2639.75,True,False,False
BBB,2014J,682366,Withdrawn,0.0,0.0,0.0,51.0,1086.5,0.0,2639.75,True,False,False
BBB,2014J,683172,Withdrawn,0.0,0.0,0.0,51.0,1086.5,0.0,2639.75,True,False,False
BBB,2014J,683315,Withdrawn,0.0,0.0,0.0,51.0,1086.5,0.0,2639.75,True,False,False
BBB,2014J,683338,Withdrawn,0.0,0.0,0.0,51.0,1086.5,0.0,2639.75,True,False,False
BBB,2014J,683465,Withdrawn,0.0,0.0,0.0,51.0,1086.5,0.0,2639.75,True,False,False
BBB,2014J,683536,Withdrawn,0.0,0.0,0.0,51.0,1086.5,0.0,2639.75,True,False,False
BBB,2014J,683802,Withdrawn,0.0,0.0,0.0,51.0,1086.5,0.0,2639.75,True,False,False
BBB,2014J,683993,Withdrawn,0.0,0.0,0.0,51.0,1086.5,0.0,2639.75,True,False,False
BBB,2014J,684467,Fail,0.0,0.0,0.0,51.0,1086.5,0.0,2639.75,True,False,False
BBB,2014J,684502,Withdrawn,0.0,0.0,0.0,51.0,1086.5,0.0,2639.75,True,False,False
BBB,2014J,684525,Withdrawn,0.0,0.0,0.0,51.0,1086.5,0.0,2639.75,True,False,False
BBB,2014J,684607,Withdrawn,0.0,0.0,0.0,51.0,1086.5,0.0,2639.75,True,False,False
BBB,2014J,684641,Withdrawn,0.0,0.0,0.0,51.0,1086.5,0.0,2639.75,True,False,False
BBB,2014J,684890,Withdrawn,0.0,0.0,0.0,51.0,1086.5,0.0,2639.75,True,False,False
BBB,2014J,684982,Withdrawn,0.0,0.0,0.0,51.0,1086.5,0.0,2639.75,True,False,False
BBB,2014J,685506,Withdrawn,0.0,0.0,0.0,51.0,1086.5,0.0,2639.75,True,False,False
BBB,2014J,685599,Withdrawn,0.0,0.0,0.0,51.0,1086.5,0.0,2639.75,True,False,False
BBB,2014J,685740,Withdrawn,0.0,0.0,0.0,51.0,1086.5,0.0,2639.75,True,False,False
BBB,2014J,686266,Withdrawn,0.0,0.0,0.0,51.0,1086.5,0.0,2639.75,True,False,False
BBB,2014J,686530,Withdrawn,0.0,0.0,0.0,51.0,1086.5,0.0,2639.75,True,False,False
BBB,2014J,687105,Withdrawn,0.0,0.0,0.0,51.0,1086.5,0.0,2639.75,True,False,False
BBB,2014J,687444,Withdrawn,0.0,0.0,0.0,51.0,1086.5,0.0,2639.75,True,False,False
BBB,2014J,687578,Withdrawn,0.0,0.0,0.0,51.0,1086.5,0.0,2639.75,True,False,False
BBB,2014J,688000,Withdrawn,0.0,0.0,0.0,51.0,1086.5,0.0,2639.75,True,False,False
BBB,2014J,688522,Withdrawn,0.0,0.0,0.0,51.0,1086.5,0.0,2639.75,True,False,False
BBB,2014J,688927,Withdrawn,0.0,0.0,0.0,51.0,1086.5,0.0,2639.75,True,False,False
BBB,2014J,689112,Withdrawn,0.0,0.0,0.0,51.0,1086.5,0.0,2639.75,True,False,False
BBB,2014J,689180,Withdrawn,0.0,0.0,0.0,51.0,1086.5,0.0,2639.75,True,False,False
BBB,2014J,689350,Withdrawn,0.0,0.0,0.0,51.0,1086.5,0.0,2639.75,True,False,False
BBB,2014J,689478,Withdrawn,0.0,0.0,0.0,51.0,1086.5,0.0,2639.75,True,False,False
BBB,2014J,689628,Withdrawn,0.0,0.0,0.0,51.0,1086.5,0.0,2639.75,True,False,False
BBB,2014J,689952,Withdrawn,0.0,0.0,0.0,51.0,1086.5,0.0,2639.75,True,False,False
BBB,2014J,690102,Withdrawn,0.0,0.0,0.0,51.0,1086.5,0.0,2639.75,True,False,False
BBB,2014J,690329,Withdrawn,0.0,0.0,0.0,51.0,1086.5,0.0,2639.75,True,False,False
BBB,2014J,690825,Withdrawn,0.0,0.0,0.0,51.0,1086.5,0.0,2639.75,True,False,False
BBB,2014J,691367,Withdrawn,0.0,0.0,0.0,51.0,1086.5,0.0,2639.75,True,False,False
BBB,2014J,691509,Withdrawn,0.0,0.0,0.0,51.0,1086.5,0.0,2639.75,True,False,False
BBB,2014J,691815,Withdrawn,0.0,0.0,0.0,51.0,1086.5,0.0,2639.75,True,False,False
BBB,2014J,692392,Withdrawn,0.0,0.0,0.0,51.0,1086.5,0.0,2639.75,True,False,False
BBB,2014J,692515,Fail,0.0,0.0,0.0,51.0,1086.5,0.0,2639.75,True,False,False
BBB,2014J,692528,Withdrawn,0.0,0.0,0.0,51.0,1086.5,0.0,2639.75,True,False,False
BBB,2014J,692532,Withdrawn,0.0,0.0,0.0,51.0,1086.5,0.0,2639.75,True,False,False
BBB,2014J,692537,Withdrawn,0.0,0.0,0.0,51.0,1086.5,0.0,2639.75,True,False,False
BBB,2014J,692540,Withdrawn,0.0,0.0,0.0,51.0,1086.5,0.0,2639.75,True,False,False
BBB,2014J,692542,Withdrawn,0.0,0.0,0.0,51.0,1086.5,0.0,2639.75,True,False,False
BBB,2014J,692625,Withdrawn,0.0,0.0,0.0,51.0,1086.5,0.0,2639.75,True,False,False
BBB,2014J,692855,Withdrawn,0.0,0.0,0.0,51.0,1086.5,0.0,2639.75,True,False,False
BBB,2014J,692871,Withdrawn,0.0,0.0,0.0,51.0,1086.5,0.0,2639.75,True,False,False
BBB,2014J,692914,Withdrawn,0.0,0.0,0.0,51.0,1086.5,0.0,2639.75,True,False,False
BBB,2014J,692961,Withdrawn,0.0,0.0,0.0,51.0,1086.5,0.0,2639.75,True,False,False
BBB,2014J,693116,Withdrawn,0.0,0.0,0.0,51.0,1086.5,0.0,2639.75,True,False,False
BBB,2014J,693269,Withdrawn,0.0,0.0,0.0,51.0,1086.5,0.0,2639.75,True,False,False
BBB,2014J,693333,Withdrawn,0.0,0.0,0.0,51.0,1086.5,0.0,2639.75,True,False,False
BBB,2014J,693352,Withdrawn,0.0,0.0,0.0,51.0,1086.5,0.0,2639.75,True,False,False
BBB,2014J,693643,Withdrawn,0.0,0.0,0.0,51.0,1086.5,0.0,2639.75,True,False,False
BBB,2014J,693709,Withdrawn,0.0,0.0,0.0,51.0,1086.5,0.0,2639.75,True,False,False
BBB,2014J,693744,Withdrawn,0.0,0.0,0.0,51.0,1086.5,0.0,2639.75,True,False,False
BBB,2014J,694001,Withdrawn,0.0,0.0,0.0,51.0,1086.5,0.0,2639.75,True,False,False
BBB,2014J,694003,Withdrawn,0.0,0.0,0.0,51.0,1086.5,0.0,2639.75,True,False,False
BBB,2014J,694222,Withdrawn,0.0,0.0,0.0,51.0,1086.5,0.0,2639.75,True,False,False
BBB,2014J,694329,Withdrawn,0.0,0.0,0.0,51.0,1086.5,0.0,2639.75,True,False,False
BBB,2014J,694458,Withdrawn,0.0,0.0,0.0,51.0,1086.5,0.0,2639.75,True,False,False
BBB,2014J,694682,Withdrawn,0.0,0.0,0.0,51.0,1086.5,0.0,2639.75,True,False,False
BBB,2014J,694951,Withdrawn,0.0,0.0,0.0,51.0,1086.5,0.0,2639.75,True,False,False
BBB,2014J,695015,Fail,0.0,0.0,0.0,51.0,1086.5,0.0,2639.75,True,False,False
BBB,2014J,695035,Withdrawn,0.0,0.0,0.0,51.0,1086.5,0.0,2639.75,True,False,False
BBB,2014J,695051,Withdrawn,0.0,0.0,0.0,51.0,1086.5,0.0,2639.75,True,False,False
BBB,2014J,695125,Withdrawn,0.0,0.0,0.0,51.0,1086.5,0.0,2639.75,True,False,False
BBB,2014J,695411,Withdrawn,0.0,0.0,0.0,51.0,1086.5,0.0,2639.75,True,False,False
BBB,2014J,695695,Withdrawn,0.0,0.0,0.0,51.0,1086.5,0.0,2639.75,True,False,False
BBB,2014J,696481,Withdrawn,0.0,0.0,0.0,51.0,1086.5,0.0,2639.75,True,False,False
BBB,2014J,696569,Fail,0.0,0.0,0.0,51.0,1086.5,0.0,2639.75,True,False,False
BBB,2014J,696634,Withdrawn,0.0,0.0,0.0,51.0,1086.5,0.0,2639.75,True,False,False
BBB,2014J,697065,Withdrawn,0.0,0.0,0.0,51.0,1086.5,0.0,2639.75,True,False,False
BBB,2014J,697148,Withdrawn,0.0,0.0,0.0,51.0,1086.5,0.0,2639.75,True,False,False
BBB,2014J,697319,Withdrawn,0.0,0.0,0.0,51.0,1086.5,0.0,2639.75,True,False,False
BBB,2014J,697514,Withdrawn,0.0,0.0,0.0,51.0,1086.5,0.0,2639.75,True,False,False
BBB,2014J,697868,Withdrawn,0.0,0.0,0.0,51.0,1086.5,0.0,2639.75,True,False,False
BBB,2014J,698025,Withdrawn,0.0,0.0,0.0,51.0,1086.5,0.0,2639.75,True,False,False
BBB,2014J,698490,Withdrawn,0.0,0.0,0.0,51.0,1086.5,0.0,2639.75,True,False,False
BBB,2014J,698498,Withdrawn,0.0,0.0,0.0,51.0,1086.5,0.0,2639.75,True,False,False
BBB,2014J,699875,Withdrawn,0.0,0.0,0.0,51.0,1086.5,0.0,2639.75,True,False,False
BBB,2014J,1888723,Withdrawn,0.0,0.0,0.0,51.0,1086.5,0.0,2639.75,True,False,False
BBB,2014J,1929491,Withdrawn,0.0,0.0,0.0,51.0,1086.5,0.0,2639.75,True,False,False
BBB,2014J,2051809,Withdrawn,0.0,0.0,0.0,51.0,1086.5,0.0,2639.75,True,False,False
BBB,2014J,2093092,Withdrawn,0.0,0.0,0.0,51.0,1086.5,0.0,2639.75,True,False,False
BBB,2014J,2108914,Withdrawn,0.0,0.0,0.0,51.0,1086.5,0.0,2639.75,True,False,False
BBB,2014J,2145101,Withdrawn,0.0,0.0,0.0,51.0,1086.5,0.0,2639.75,True,False,False
BBB,2014J,2159336,Withdrawn,0.0,0.0,0.0,51.0,1086.5,0.0,2639.75,True,False,False
BBB,2014J,2169127,Withdrawn,0.0,0.0,0.0,51.0,1086.5,0.0,2639.75,True,False,False
BBB,2014J,2218789,Withdrawn,0.0,0.0,0.0,51.0,1086.5,0.0,2639.75,True,False,False
BBB,2014J,2239766,Withdrawn,0.0,0.0,0.0,51.0,1086.5,0.0,2639.75,True,False,False
BBB,2014J,2263129,Fail,0.0,0.0,0.0,51.0,1086.5,0.0,2639.75,True,False,False
BBB,2014J,2285017,Withdrawn,0.0,0.0,0.0,51.0,1086.5,0.0,2639.75,True,False,False
BBB,2014J,2292824,Withdrawn,0.0,0.0,0.0,51.0,1086.5,0.0,2639.75,True,False,False
BBB,2014J,2344216,Withdrawn,0.0,0.0,0.0,51.0,1086.5,0.0,2639.75,True,False,False
BBB,2014J,2357372,Withdrawn,0.0,0.0,0.0,51.0,1086.5,0.0,2639.75,True,False,False
BBB,2014J,2603061,Withdrawn,0.0,0.0,0.0,51.0,1086.5,0.0,2639.75,True,False,False
BBB,2014J,2603534,Withdrawn,0.0,0.0,0.0,51.0,1086.5,0.0,2639.75,True,False,False
BBB,2014J,2610170,Withdrawn,0.0,0.0,0.0,51.0,1086.5,0.0,2639.75,True,False,False
BBB,2014J,2614271,Withdrawn,0.0,0.0,0.0,51.0,1086.5,0.0,2639.75,True,False,False
BBB,2014J,2627493,Withdrawn,0.0,0.0,0.0,51.0,1086.5,0.0,2639.75,True,False,False
BBB,2014J,2684107,Withdrawn,0.0,0.0,0.0,51.0,1086.5,0.0,2639.75,True,False,False
BBB,2014J,2698591,Withdrawn,0.0,0.0,0.0,51.0,1086.5,0.0,2639.75,True,False,False
CCC,2014B,69489,Withdrawn,0.0,0.0,0.0,88.75,1210.5,0.0,2893.125,True,False,False
CCC,2014B,75469,Withdrawn,0.0,0.0,0.0,88.75,1210.5,0.0,2893.125,True,False,False
CCC,2014B,88758,Withdrawn,0.0,0.0,0.0,88.75,1210.5,0.0,2893.125,True,False,False
CCC,2014B,108947,Withdrawn,0.0,0.0,0.0,88.75,1210.5,0.0,2893.125,True,False,False
CCC,2014B,131695,Withdrawn,0.0,0.0,0.0,88.75,1210.5,0.0,2893.125,True,False,False
CCC,2014B,146125,Withdrawn,0.0,0.0,0.0,88.75,1210.5,0.0,2893.125,True,False,False
CCC,2014B,153687,Withdrawn,0.0,0.0,0.0,88.75,1210.5,0.0,2893.125,True,False,False
CCC,2014B,174807,Withdrawn,0.0,0.0,0.0,88.75,1210.5,0.0,2893.125,True,False,False
CCC,2014B,178654,Withdrawn,0.0,0.0,0.0,88.75,1210.5,0.0,2893.125,True,False,False
CCC,2014B,194377,Withdrawn,0.0,0.0,0.0,88.75,1210.5,0.0,2893.125,True,False,False
CCC,2014B,227833,Withdrawn,0.0,0.0,0.0,88.75,1210.5,0.0,2893.125,True,False,False
CCC,2014B,228743,Fail,0.0,0.0,0.0,88.75,1210.5,0.0,2893.125,True,False,False
CCC,2014B,230340,Withdrawn,0.0,0.0,0.0,88.75,1210.5,0.0,2893.125,True,False,False
CCC,2014B,235175,Withdrawn,0.0,0.0,0.0,88.75,1210.5,0.0,2893.125,True,False,False
CCC,2014B,243351,Withdrawn,0.0,0.0,0.0,88.75,1210.5,0.0,2893.125,True,False,False
CCC,2014B,248252,Withdrawn,0.0,0.0,0.0,88.75,1210.5,0.0,2893.125,True,False,False
CCC,2014B,261042,Fail,0.0,0.0,0.0,88.75,1210.5,0.0,2893.125,True,False,False
CCC,2014B,264285,Withdrawn,0.0,0.0,0.0,88.75,1210.5,0.0,2893.125,True,False,False
CCC,2014B,268127,Withdrawn,0.0,0.0,0.0,88.75,1210.5,0.0,2893.125,True,False,False
CCC,2014B,272103,Withdrawn,0.0,0.0,0.0,88.75,1210.5,0.0,2893.125,True,False,False
CCC,2014B,277577,Withdrawn,0.0,0.0,0.0,88.75,1210.5,0.0,2893.125,True,False,False
CCC,2014B,277809,Withdrawn,0.0,0.0,0.0,88.75,1210.5,0.0,2893.125,True,False,False
CCC,2014B,294578,Withdrawn,0.0,0.0,0.0,88.75,1210.5,0.0,2893.125,True,False,False
CCC,2014B,305974,Withdrawn,0.0,0.0,0.0,88.75,1210.5,0.0,2893.125,True,False,False
CCC,2014B,306150,Withdrawn,0.0,0.0,0.0,88.75,1210.5,0.0,2893.125,True,False,False
CCC,2014B,309515,Withdrawn,0.0,0.0,0.0,88.75,1210.5,0.0,2893.125,True,False,False
CCC,2014B,316061,Fail,0.0,0.0,0.0,88.75,1210.5,0.0,2893.125,True,False,False
CCC,2014B,318574,Withdrawn,0.0,0.0,0.0,88.75,1210.5,0.0,2893.125,True,False,False
CCC,2014B,321112,Withdrawn,0.0,0.0,0.0,88.75,1210.5,0.0,2893.125,True,False,False
CCC,2014B,338854,Withdrawn,0.0,0.0,0.0,88.75,1210.5,0.0,2893.125,True,False,False
CCC,2014B,339353,Withdrawn,0.0,0.0,0.0,88.75,1210.5,0.0,2893.125,True,False,False
CCC,2014B,347257,Withdrawn,0.0,0.0,0.0,88.75,1210.5,0.0,2893.125,True,False,False
CCC,2014B,347518,Withdrawn,0.0,0.0,0.0,88.75,1210.5,0.0,2893.125,True,False,False
CCC,2014B,353066,Withdrawn,0.0,0.0,0.0,88.75,1210.5,0.0,2893.125,True,False,False
CCC,2014B,357485,Withdrawn,0.0,0.0,0.0,88.75,1210.5,0.0,2893.125,True,False,False
CCC,2014B,366872,Withdrawn,0.0,0.0,0.0,88.75,1210.5,0.0,2893.125,True,False,False
CCC,2014B,367807,Withdrawn,0.0,0.0,0.0,88.75,1210.5,0.0,2893.125,True,False,False
CCC,2014B,368483,Withdrawn,0.0,0.0,0.0,88.75,1210.5,0.0,2893.125,True,False,False
CCC,2014B,369908,Withdrawn,0.0,0.0,0.0,88.75,1210.5,0.0,2893.125,True,False,False
CCC,2014B,383015,Withdrawn,0.0,0.0,0.0,88.75,1210.5,0.0,2893.125,True,False,False
CCC,2014B,385980,Withdrawn,0.0,0.0,0.0,88.75,1210.5,0.0,2893.125,True,False,False
CCC,2014B,386671,Withdrawn,0.0,0.0,0.0,88.75,1210.5,0.0,2893.125,True,False,False
CCC,2014B,389680,Withdrawn,0.0,0.0,0.0,88.75,1210.5,0.0,2893.125,True,False,False
CCC,2014B,390233,Withdrawn,0.0,0.0,0.0,88.75,1210.5,0.0,2893.125,True,False,False
CCC,2014B,392289,Withdrawn,0.0,0.0,0.0,88.75,1210.5,0.0,2893.125,True,False,False
CCC,2014B,394791,Withdrawn,0.0,0.0,0.0,88.75,1210.5,0.0,2893.125,True,False,False
CCC,2014B,399863,Withdrawn,0.0,0.0,0.0,88.75,1210.5,0.0,2893.125,True,False,False
CCC,2014B,405192,Withdrawn,0.0,0.0,0.0,88.75,1210.5,0.0,2893.125,True,False,False
CCC,2014B,420428,Withdrawn,0.0,0.0,0.0,88.75,1210.5,0.0,2893.125,True,False,False
CCC,2014B,425714,Withdrawn,0.0,0.0,0.0,88.75,1210.5,0.0,2893.125,True,False,False
CCC,2014B,429220,Withdrawn,0.0,0.0,0.0,88.75,1210.5,0.0,2893.125,True,False,False
CCC,2014B,434573,Fail,0.0,0.0,0.0,88.75,1210.5,0.0,2893.125,True,False,False
CCC,2014B,437432,Withdrawn,0.0,0.0,0.0,88.75,1210.5,0.0,2893.125,True,False,False
CCC,2014B,440171,Withdrawn,0.0,0.0,0.0,88.75,1210.5,0.0,2893.125,True,False,False
CCC,2014B,442530,Withdrawn,0.0,0.0,0.0,88.75,1210.5,0.0,2893.125,True,False,False
CCC,2014B,465194,Withdrawn,0.0,0.0,0.0,88.75,1210.5,0.0,2893.125,True,False,False
CCC,2014B,474377,Withdrawn,0.0,0.0,0.0,88.75,1210.5,0.0,2893.125,True,False,False
CCC,2014B,475443,Withdrawn,0.0,0.0,0.0,88.75,1210.5,0.0,2893.125,True,False,False
CCC,2014B,479714,Withdrawn,0.0,0.0,0.0,88.75,1210.5,0.0,2893.125,True,False,False
CCC,2014B,487570,Withdrawn,0.0,0.0,0.0,88.75,1210.5,0.0,2893.125,True,False,False
CCC,2014B,493793,Withdrawn,0.0,0.0,0.0,88.75,1210.5,0.0,2893.125,True,False,False
CCC,2014B,497047,Withdrawn,0.0,0.0,0.0,88.75,1210.5,0.0,2893.125,True,False,False
CCC,2014B,500001,Withdrawn,0.0,0.0,0.0,88.75,1210.5,0.0,2893.125,True,False,False
CCC,2014B,502466,Withdrawn,0.0,0.0,0.0,88.75,1210.5,0.0,2893.125,True,False,False
CCC,2014B,508848,Withdrawn,0.0,0.0,0.0,88.75,1210.5,0.0,2893.125,True,False,False
CCC,2014B,509122,Withdrawn,0.0,0.0,0.0,88.75,1210.5,0.0,2893.125,True,False,False
CCC,2014B,513854,Withdrawn,0.0,0.0,0.0,88.75,1210.5,0.0,2893.125,True,False,False
CCC,2014B,513969,Withdrawn,0.0,0.0,0.0,88.75,1210.5,0.0,2893.125,True,False,False
CCC,2014B,513997,Withdrawn,0.0,0.0,0.0,88.75,1210.5,0.0,2893.125,True,False,False
CCC,2014B,518330,Withdrawn,0.0,0.0,0.0,88.75,1210.5,0.0,2893.125,True,False,False
CCC,2014B,521542,Fail,0.0,0.0,0.0,88.75,1210.5,0.0,2893.125,True,False,False
CCC,2014B,530270,Withdrawn,0.0,0.0,0.0,88.75,1210.5,0.0,2893.125,True,False,False
CCC,2014B,531075,Withdrawn,0.0,0.0,0.0,88.75,1210.5,0.0,2893.125,True,False,False
CCC,2014B,535590,Withdrawn,0.0,0.0,0.0,88.75,1210.5,0.0,2893.125,True,False,False
CCC,2014B,539695,Withdrawn,0.0,0.0,0.0,88.75,1210.5,0.0,2893.125,True,False,False
CCC,2014B,540509,Withdrawn,0.0,0.0,0.0,88.75,1210.5,0.0,2893.125,True,False,False
CCC,2014B,542721,Fail,0.0,0.0,0.0,88.75,1210.5,0.0,2893.125,True,False,False
CCC,2014B,543628,Withdrawn,0.0,0.0,0.0,88.75,1210.5,0.0,2893.125,True,False,False
CCC,2014B,544075,Withdrawn,0.0,0.0,0.0,88.75,1210.5,0.0,2893.125,True,False,False
CCC,2014B,546954,Withdrawn,0.0,0.0,0.0,88.75,1210.5,0.0,2893.125,True,False,False
CCC,2014B,547685,Withdrawn,0.0,0.0,0.0,88.75,1210.5,0.0,2893.125,True,False,False
CCC,2014B,548926,Withdrawn,0.0,0.0,0.0,88.75,1210.5,0.0,2893.125,True,False,False
CCC,2014B,553568,Withdrawn,0.0,0.0,0.0,88.75,1210.5,0.0,2893.125,True,False,False
CCC,2014B,556007,Withdrawn,0.0,0.0,0.0,88.75,1210.5,0.0,2893.125,True,False,False
CCC,2014B,557849,Withdrawn,0.0,0.0,0.0,88.75,1210.5,0.0,2893.125,True,False,False
CCC,2014B,558806,Withdrawn,0.0,0.0,0.0,88.75,1210.5,0.0,2893.125,True,False,False
CCC,2014B,564444,Withdrawn,0.0,0.0,0.0,88.75,1210.5,0.0,2893.125,True,False,False
CCC,2014B,564841,Withdrawn,0.0,0.0,0.0,88.75,1210.5,0.0,2893.125,True,False,False
CCC,2014B,565275,Withdrawn,0.0,0.0,0.0,88.75,1210.5,0.0,2893.125,True,False,False
CCC,2014B,569928,Withdrawn,0.0,0.0,0.0,88.75,1210.5,0.0,2893.125,True,False,False
CCC,2014B,571276,Withdrawn,0.0,0.0,0.0,88.75,1210.5,0.0,2893.125,True,False,False
CCC,2014B,571702,Withdrawn,0.0,0.0,0.0,88.75,1210.5,0.0,2893.125,True,False,False
CCC,2014B,572154,Withdrawn,0.0,0.0,0.0,88.75,1210.5,0.0,2893.125,True,False,False
CCC,2014B,572241,Withdrawn,0.0,0.0,0.0,88.75,1210.5,0.0,2893.125,True,False,False
CCC,2014B,572909,Withdrawn,0.0,0.0,0.0,88.75,1210.5,0.0,2893.125,True,False,False
CCC,2014B,573665,Withdrawn,0.0,0.0,0.0,88.75,1210.5,0.0,2893.125,True,False,False
CCC,2014B,573701,Fail,0.0,0.0,0.0,88.75,1210.5,0.0,2893.125,True,False,False
CCC,2014B,577352,Fail,0.0,0.0,0.0,88.75,1210.5,0.0,2893.125,True,False,False
CCC,2014B,577603,Withdrawn,0.0,0.0,0.0,88.75,1210.5,0.0,2893.125,True,False,False
CCC,2014B,577688,Withdrawn,0.0,0.0,0.0,88.75,1210.5,0.0,2893.125,True,False,False
CCC,2014B,581745,Withdrawn,0.0,0.0,0.0,88.75,1210.5,0.0,2893.125,True,False,False
CCC,2014B,583051,Withdrawn,0.0,0.0,0.0,88.75,1210.5,0.0,2893.125,True,False,False
CCC,2014B,584305,Withdrawn,0.0,0.0,0.0,88.75,1210.5,0.0,2893.125,True,False,False
CCC,2014B,584586,Withdrawn,0.0,0.0,0.0,88.75,1210.5,0.0,2893.125,True,False,False
CCC,2014B,584749,Withdrawn,0.0,0.0,0.0,88.75,1210.5,0.0,2893.125,True,False,False
CCC,2014B,584756,Fail,0.0,0.0,0.0,88.75,1210.5,0.0,2893.125,True,False,False
CCC,2014B,584913,Withdrawn,0.0,0.0,0.0,88.75,1210.5,0.0,2893.125,True,False,False
CCC,2014B,586060,Fail,0.0,0.0,0.0,88.75,1210.5,0.0,2893.125,True,False,False
CCC,2014B,586476,Withdrawn,0.0,0.0,0.0,88.75,1210.5,0.0,2893.125,True,False,False
CCC,2014B,587179,Withdrawn,0.0,0.0,0.0,88.75,1210.5,0.0,2893.125,True,False,False
CCC,2014B,588059,Withdrawn,0.0,0.0,0.0,88.75,1210.5,0.0,2893.125,True,False,False
CCC,2014B,588175,Withdrawn,0.0,0.0,0.0,88.75,1210.5,0.0,2893.125,True,False,False
CCC,2014B,588694,Withdrawn,0.0,0.0,0.0,88.75,1210.5,0.0,2893.125,True,False,False
CCC,2014B,589018,Withdrawn,0.0,0.0,0.0,88.75,1210.5,0.0,2893.125,True,False,False
CCC,2014B,589023,Withdrawn,0.0,0.0,0.0,88.75,1210.5,0.0,2893.125,True,False,False
CCC,2014B,589108,Withdrawn,0.0,0.0,0.0,88.75,1210.5,0.0,2893.125,True,False,False
CCC,2014B,589517,Withdrawn,0.0,0.0,0.0,88.75,1210.5,0.0,2893.125,True,False,False
CCC,2014B,590744,Withdrawn,0.0,0.0,0.0,88.75,1210.5,0.0,2893.125,True,False,False
CCC,2014B,590881,Withdrawn,0.0,0.0,0.0,88.75,1210.5,0.0,2893.125,True,False,False
CCC,2014B,592284,Withdrawn,0.0,0.0,0.0,88.75,1210.5,0.0,2893.125,True,False,False
CCC,2014B,592429,Fail,0.0,0.0,0.0,88.75,1210.5,0.0,2893.125,True,False,False
CCC,2014B,592437,Withdrawn,0.0,0.0,0.0,88.75,1210.5,0.0,2893.125,True,False,False
CCC,2014B,592684,Withdrawn,0.0,0.0,0.0,88.75,1210.5,0.0,2893.125,True,False,False
CCC,2014B,594419,Withdrawn,0.0,0.0,0.0,88.75,1210.5,0.0,2893.125,True,False,False
CCC,2014B,594851,Fail,0.0,0.0,0.0,88.75,1210.5,0.0,2893.125,True,False,False
CCC,2014B,595324,Fail,0.0,0.0,0.0,88.75,1210.5,0.0,2893.125,True,False,False
CCC,2014B,596029,Withdrawn,0.0,0.0,0.0,88.75,1210.5,0.0,2893.125,True,False,False
CCC,2014B,596699,Withdrawn,0.0,0.0,0.0,88.75,1210.5,0.0,2893.125,True,False,False
CCC,2014B,597181,Fail,0.0,0.0,0.0,88.75,1210.5,0.0,2893.125,True,False,False
CCC,2014B,597560,Withdrawn,0.0,0.0,0.0,88.75,1210.5,0.0,2893.125,True,False,False
CCC,2014B,598666,Withdrawn,0.0,0.0,0.0,88.75,1210.5,0.0,2893.125,True,False,False
CCC,2014B,598757,Withdrawn,0.0,0.0,0.0,88.75,1210.5,0.0,2893.125,True,False,False
CCC,2014B,598924,Fail,0.0,0.0,0.0,88.75,1210.5,0.0,2893.125,True,False,False
CCC,2014B,599341,Withdrawn,0.0,0.0,0.0,88.75,1210.5,0.0,2893.125,True,False,False
CCC,2014B,599547,Withdrawn,0.0,0.0,0.0,88.75,1210.5,0.0,2893.125,True,False,False
CCC,2014B,599986,Withdrawn,0.0,0.0,0.0,88.75,1210.5,0.0,2893.125,True,False,False
CCC,2014B,600859,Withdrawn,0.0,0.0,0.0,88.75,1210.5,0.0,2893.125,True,False,False
CCC,2014B,600879,Withdrawn,0.0,0.0,0.0,88.75,1210.5,0.0,2893.125,True,False,False
CCC,2014B,603053,Fail,0.0,0.0,0.0,88.75,1210.5,0.0,2893.125,True,False,False
CCC,2014B,603239,Fail,0.0,0.0,0.0,88.75,1210.5,0.0,2893.125,True,False,False
CCC,2014B,603999,Withdrawn,0.0,0.0,0.0,88.75,1210.5,0.0,2893.125,True,False,False
CCC,2014B,604078,Withdrawn,0.0,0.0,0.0,88.75,1210.5,0.0,2893.125,True,False,False
CCC,2014B,604480,Withdrawn,0.0,0.0,0.0,88.75,1210.5,0.0,2893.125,True,False,False
CCC,2014B,604559,Withdrawn,0.0,0.0,0.0,88.75,1210.5,0.0,2893.125,True,False,False
CCC,2014B,604665,Withdrawn,0.0,0.0,0.0,88.75,1210.5,0.0,2893.125,True,False,False
CCC,2014B,605130,Withdrawn,0.0,0.0,0.0,88.75,1210.5,0.0,2893.125,True,False,False
CCC,2014B,605926,Withdrawn,0.0,0.0,0.0,88.75,1210.5,0.0,2893.125,True,False,False
CCC,2014B,606025,Withdrawn,0.0,0.0,0.0,88.75,1210.5,0.0,2893.125,True,False,False
CCC,2014B,606205,Withdrawn,0.0,0.0,0.0,88.75,1210.5,0.0,2893.125,True,False,False
CCC,2014B,606300,Withdrawn,0.0,0.0,0.0,88.75,1210.5,0.0,2893.125,True,False,False
CCC,2014B,606417,Withdrawn,0.0,0.0,0.0,88.75,1210.5,0.0,2893.125,True,False,False
CCC,2014B,606663,Withdrawn,0.0,0.0,0.0,88.75,1210.5,0.0,2893.125,True,False,False
CCC,2014B,607060,Withdrawn,0.0,0.0,0.0,88.75,1210.5,0.0,2893.125,True,False,False
CCC,2014B,607063,Withdrawn,0.0,0.0,0.0,88.75,1210.5,0.0,2893.125,True,False,False
CCC,2014B,607413,Withdrawn,0.0,0.0,0.0,88.75,1210.5,0.0,2893.125,True,False,False
CCC,2014B,607442,Withdrawn,0.0,0.0,0.0,88.75,1210.5,0.0,2893.125,True,False,False
CCC,2014B,607453,Withdrawn,0.0,0.0,0.0,88.75,1210.5,0.0,2893.125,True,False,False
CCC,2014B,607609,Withdrawn,0.0,0.0,0.0,88.75,1210.5,0.0,2893.125,True,False,False
CCC,2014B,607703,Withdrawn,0.0,0.0,0.0,88.75,1210.5,0.0,2893.125,True,False,False
CCC,2014B,607896,Withdrawn,0.0,0.0,0.0,88.75,1210.5,0.0,2893.125,True,False,False
CCC,2014B,608549,Withdrawn,0.0,0.0,0.0,88.75,1210.5,0.0,2893.125,True,False,False
CCC,2014B,609605,Withdrawn,0.0,0.0,0.0,88.75,1210.5,0.0,2893.125,True,False,False
CCC,2014B,609828,Withdrawn,0.0,0.0,0.0,88.75,1210.5,0.0,2893.125,True,False,False
CCC,2014B,610234,Withdrawn,0.0,0.0,0.0,88.75,1210.5,0.0,2893.125,True,False,False
CCC,2014B,610831,Withdrawn,0.0,0.0,0.0,88.75,1210.5,0.0,2893.125,True,False,False
CCC,2014B,611750,Withdrawn,0.0,0.0,0.0,88.75,1210.5,0.0,2893.125,True,False,False
CCC,2014B,612124,Withdrawn,0.0,0.0,0.0,88.75,1210.5,0.0,2893.125,True,False,False
CCC,2014B,612805,Withdrawn,0.0,0.0,0.0,88.75,1210.5,0.0,2893.125,True,False,False
CCC,2014B,612822,Withdrawn,0.0,0.0,0.0,88.75,1210.5,0.0,2893.125,True,False,False
CCC,2014B,612860,Withdrawn,0.0,0.0,0.0,88.75,1210.5,0.0,2893.125,True,False,False
CCC,2014B,613120,Withdrawn,0.0,0.0,0.0,88.75,1210.5,0.0,2893.125,True,False,False
CCC,2014B,613390,Withdrawn,0.0,0.0,0.0,88.75,1210.5,0.0,2893.125,True,False,False
CCC,2014B,613447,Withdrawn,0.0,0.0,0.0,88.75,1210.5,0.0,2893.125,True,False,False
CCC,2014B,613873,Withdrawn,0.0,0.0,0.0,88.75,1210.5,0.0,2893.125,True,False,False
CCC,2014B,614265,Withdrawn,0.0,0.0,0.0,88.75,1210.5,0.0,2893.125,True,False,False
CCC,2014B,616333,Fail,0.0,0.0,0.0,88.75,1210.5,0.0,2893.125,True,False,False
CCC,2014B,616439,Withdrawn,0.0,0.0,0.0,88.75,1210.5,0.0,2893.125,True,False,False
CCC,2014B,617307,Withdrawn,0.0,0.0,0.0,88.75,1210.5,0.0,2893.125,True,False,False
CCC,2014B,618078,Withdrawn,0.0,0.0,0.0,88.75,1210.5,0.0,2893.125,True,False,False
CCC,2014B,618171,Withdrawn,0.0,0.0,0.0,88.75,1210.5,0.0,2893.125,True,False,False
CCC,2014B,618514,Withdrawn,0.0,0.0,0.0,88.75,1210.5,0.0,2893.125,True,False,False
CCC,2014B,618590,Withdrawn,0.0,0.0,0.0,88.75,1210.5,0.0,2893.125,True,False,False
CCC,2014B,618649,Withdrawn,0.0,0.0,0.0,88.75,1210.5,0.0,2893.125,True,False,False
CCC,2014B,618744,Withdrawn,0.0,0.0,0.0,88.75,1210.5,0.0,2893.125,True,False,False
CCC,2014B,619524,Withdrawn,0.0,0.0,0.0,88.75,1210.5,0.0,2893.125,True,False,False
CCC,2014B,620243,Withdrawn,0.0,0.0,0.0,88.75,1210.5,0.0,2893.125,True,False,False
CCC,2014B,620320,Withdrawn,0.0,0.0,0.0,88.75,1210.5,0.0,2893.125,True,False,False
CCC,2014B,620713,Withdrawn,0.0,0.0,0.0,88.75,1210.5,0.0,2893.125,True,False,False
CCC,2014B,621300,Withdrawn,0.0,0.0,0.0,88.75,1210.5,0.0,2893.125,True,False,False
CCC,2014B,621696,Withdrawn,0.0,0.0,0.0,88.75,1210.5,0.0,2893.125,True,False,False
CCC,2014B,622015,Withdrawn,0.0,0.0,0.0,88.75,1210.5,0.0,2893.125,True,False,False
CCC,2014B,622130,Withdrawn,0.0,0.0,0.0,88.75,1210.5,0.0,2893.125,True,False,False
CCC,2014B,622430,Withdrawn,0.0,0.0,0.0,88.75,1210.5,0.0,2893.125,True,False,False
CCC,2014B,622897,Withdrawn,0.0,0.0,0.0,88.75,1210.5,0.0,2893.125,True,False,False
CCC,2014B,623190,Withdrawn,0.0,0.0,0.0,88.75,1210.5,0.0,2893.125,True,False,False
CCC,2014B,623619,Withdrawn,0.0,0.0,0.0,88.75,1210.5,0.0,2893.125,True,False,False
CCC,2014B,624354,Withdrawn,0.0,0.0,0.0,88.75,1210.5,0.0,2893.125,True,False,False
CCC,2014B,625267,Withdrawn,0.0,0.0,0.0,88.75,1210.5,0.0,2893.125,True,False,False
CCC,2014B,625568,Withdrawn,0.0,0.0,0.0,88.75,1210.5,0.0,2893.125,True,False,False
CCC,2014B,625774,Withdrawn,0.0,0.0,0.0,88.75,1210.5,0.0,2893.125,True,False,False
CCC,2014B,625785,Withdrawn,0.0,0.0,0.0,88.75,1210.5,0.0,2893.125,True,False,False
CCC,2014B,625884,Withdrawn,0.0,0.0,0.0,88.75,1210.5,0.0,2893.125,True,False,False
CCC,2014B,626296,Withdrawn,0.0,0.0,0.0,88.75,1210.5,0.0,2893.125,True,False,False
CCC,2014B,626349,Withdrawn,0.0,0.0,0.0,88.75,1210.5,0.0,2893.125,True,False,False
CCC,2014B,626469,Withdrawn,0.0,0.0,0.0,88.75,1210.5,0.0,2893.125,True,False,False
CCC,2014B,626518,Withdrawn,0.0,0.0,0.0,88.75,1210.5,0.0,2893.125,True,False,False
CCC,2014B,626625,Withdrawn,0.0,0.0,0.0,88.75,1210.5,0.0,2893.125,True,False,False
CCC,2014B,627395,Withdrawn,0.0,0.0,0.0,88.75,1210.5,0.0,2893.125,True,False,False
CCC,2014B,627516,Withdrawn,0.0,0.0,0.0,88.75,1210.5,0.0,2893.125,True,False,False
CCC,2014B,628141,Withdrawn,0.0,0.0,0.0,88.75,1210.5,0.0,2893.125,True,False,False
CCC,2014B,628677,Withdrawn,0.0,0.0,0.0,88.75,1210.5,0.0,2893.125,True,False,False
CCC,2014B,628718,Withdrawn,0.0,0.0,0.0,88.75,1210.5,0.0,2893.125,True,False,False
CCC,2014B,628803,Withdrawn,0.0,0.0,0.0,88.75,1210.5,0.0,2893.125,True,False,False
CCC,2014B,628993,Withdrawn,0.0,0.0,0.0,88.75,1210.5,0.0,2893.125,True,False,False
CCC,2014B,629209,Withdrawn,0.0,0.0,0.0,88.75,1210.5,0.0,2893.125,True,False,False
CCC,2014B,629445,Withdrawn,0.0,0.0,0.0,88.75,1210.5,0.0,2893.125,True,False,False
CCC,2014B,629601,Withdrawn,0.0,0.0,0.0,88.75,1210.5,0.0,2893.125,True,False,False
CCC,2014B,629893,Withdrawn,0.0,0.0,0.0,88.75,1210.5,0.0,2893.125,True,False,False
CCC,2014B,631365,Withdrawn,0.0,0.0,0.0,88.75,1210.5,0.0,2893.125,True,False,False
CCC,2014B,631657,Withdrawn,0.0,0.0,0.0,88.75,1210.5,0.0,2893.125,True,False,False
CCC,2014B,632260,Withdrawn,0.0,0.0,0.0,88.75,1210.5,0.0,2893.125,True,False,False
CCC,2014B,632332,Withdrawn,0.0,0.0,0.0,88.75,1210.5,0.0,2893.125,True,False,False
CCC,2014B,632903,Withdrawn,0.0,0.0,0.0,88.75,1210.5,0.0,2893.125,True,False,False
CCC,2014B,634083,Withdrawn,0.0,0.0,0.0,88.75,1210.5,0.0,2893.125,True,False,False
CCC,2014B,634139,Withdrawn,0.0,0.0,0.0,88.75,1210.5,0.0,2893.125,True,False,False
CCC,2014B,634655,Withdrawn,0.0,0.0,0.0,88.75,1210.5,0.0,2893.125,True,False,False
CCC,2014B,835603,Withdrawn,0.0,0.0,0.0,88.75,1210.5,0.0,2893.125,True,False,False
CCC,2014B,1398821,Withdrawn,0.0,0.0,0.0,88.75,1210.5,0.0,2893.125,True,False,False
CCC,2014B,1407549,Withdrawn,0.0,0.0,0.0,88.75,1210.5,0.0,2893.125,True,False,False
CCC,2014B,1514245,Withdrawn,0.0,0.0,0.0,88.75,1210.5,0.0,2893.125,True,False,False
CCC,2014B,1600062,Withdrawn,0.0,0.0,0.0,88.75,1210.5,0.0,2893.125,True,False,False
CCC,2014B,1649896,Withdrawn,0.0,0.0,0.0,88.75,1210.5,0.0,2893.125,True,False,False
CCC,2014B,1656486,Withdrawn,0.0,0.0,0.0,88.75,1210.5,0.0,2893.125,True,False,False
CCC,2014B,1664810,Withdrawn,0.0,0.0,0.0,88.75,1210.5,0.0,2893.125,True,False,False
CCC,2014B,1877732,Withdrawn,0.0,0.0,0.0,88.75,1210.5,0.0,2893.125,True,False,False
CCC,2014B,1908526,Fail,0.0,0.0,0.0,88.75,1210.5,0.0,2893.125,True,False,False
CCC,2014B,1938024,Withdrawn,0.0,0.0,0.0,88.75,1210.5,0.0,2893.125,True,False,False
CCC,2014B,2139273,Withdrawn,0.0,0.0,0.0,88.75,1210.5,0.0,2893.125,True,False,False
CCC,2014B,2198356,Withdrawn,0.0,0.0,0.0,88.75,1210.5,0.0,2893.125,True,False,False
CCC,2014B,2229583,Withdrawn,0.0,0.0,0.0,88.75,1210.5,0.0,2893.125,True,False,False
CCC,2014B,2355744,Withdrawn,0.0,0.0,0.0,88.75,1210.5,0.0,2893.125,True,False,False
CCC,2014B,2365009,Withdrawn,0.0,0.0,0.0,88.75,1210.5,0.0,2893.125,True,False,False
CCC,2014B,2383036,Withdrawn,0.0,0.0,0.0,88.75,1210.5,0.0,2893.125,True,False,False
CCC,2014B,2384615,Withdrawn,0.0,0.0,0.0,88.75,1210.5,0.0,2893.125,True,False,False
CCC,2014B,2394090,Withdrawn,0.0,0.0,0.0,88.75,1210.5,0.0,2893.125,True,False,False
CCC,2014B,2408651,Withdrawn,0.0,0.0,0.0,88.75,1210.5,0.0,2893.125,True,False,False
CCC,2014B,2464727,Withdrawn,0.0,0.0,0.0,88.75,1210.5,0.0,2893.125,True,False,False
CCC,2014B,2524572,Withdrawn,0.0,0.0,0.0,88.75,1210.5,0.0,2893.125,True,False,False
CCC,2014B,2530985,Withdrawn,0.0,0.0,0.0,88.75,1210.5,0.0,2893.125,True,False,False
CCC,2014B,2576298,Withdrawn,0.0,0.0,0.0,88.75,1210.5,0.0,2893.125,True,False,False
CCC,2014B,2591014,Withdrawn,0.0,0.0,0.0,88.75,1210.5,0.0,2893.125,True,False,False
CCC,2014B,2631547,Withdrawn,0.0,0.0,0.0,88.75,1210.5,0.0,2893.125,True,False,False
CCC,2014B,2634238,Fail,0.0,0.0,0.0,88.75,1210.5,0.0,2893.125,True,False,False
CCC,2014B,2691267,Withdrawn,0.0,0.0,0.0,88.75,1210.5,0.0,2893.125,True,False,False
CCC,2014B,2691780,Withdrawn,0.0,0.0,0.0,88.75,1210.5,0.0,2893.125,True,False,False
CCC,2014J,79461,Fail,0.0,0.0,0.0,146.0,1371.0,0.0,3208.5,True,False,False
CCC,2014J,80243,Withdrawn,0.0,0.0,0.0,146.0,1371.0,0.0,3208.5,True,False,False
CCC,2014J,101700,Withdrawn,0.0,0.0,0.0,146.0,1371.0,0.0,3208.5,True,False,False
CCC,2014J,153788,Withdrawn,0.0,0.0,0.0,146.0,1371.0,0.0,3208.5,True,False,False
CCC,2014J,185451,Withdrawn,0.0,0.0,0.0,146.0,1371.0,0.0,3208.5,True,False,False
CCC,2014J,205218,Withdrawn,0.0,0.0,0.0,146.0,1371.0,0.0,3208.5,True,False,False
CCC,2014J,301681,Withdrawn,0.0,0.0,0.0,146.0,1371.0,0.0,3208.5,True,False,False
CCC,2014J,307789,Withdrawn,0.0,0.0,0.0,146.0,1371.0,0.0,3208.5,True,False,False
CCC,2014J,314555,Withdrawn,0.0,0.0,0.0,146.0,1371.0,0.0,3208.5,True,False,False
CCC,2014J,316454,Withdrawn,0.0,0.0,0.0,146.0,1371.0,0.0,3208.5,True,False,False
CCC,2014J,319035,Withdrawn,0.0,0.0,0.0,146.0,1371.0,0.0,3208.5,True,False,False
CCC,2014J,320153,Withdrawn,0.0,0.0,0.0,146.0,1371.0,0.0,3208.5,True,False,False
CCC,2014J,324440,Withdrawn,0.0,0.0,0.0,146.0,1371.0,0.0,3208.5,True,False,False
CCC,2014J,364066,Withdrawn,0.0,0.0,0.0,146.0,1371.0,0.0,3208.5,True,False,False
CCC,2014J,382857,Withdrawn,0.0,0.0,0.0,146.0,1371.0,0.0,3208.5,True,False,False
CCC,2014J,394218,Withdrawn,0.0,0.0,0.0,146.0,1371.0,0.0,3208.5,True,False,False
CCC,2014J,406254,Withdrawn,0.0,0.0,0.0,146.0,1371.0,0.0,3208.5,True,False,False
CCC,2014J,442823,Withdrawn,0.0,0.0,0.0,146.0,1371.0,0.0,3208.5,True,False,False
CCC,2014J,464924,Withdrawn,0.0,0.0,0.0,146.0,1371.0,0.0,3208.5,True,False,False
CCC,2014J,465281,Withdrawn,0.0,0.0,0.0,146.0,1371.0,0.0,3208.5,True,False,False
CCC,2014J,466430,Withdrawn,0.0,0.0,0.0,146.0,1371.0,0.0,3208.5,True,False,False
CCC,2014J,471374,Withdrawn,0.0,0.0,0.0,146.0,1371.0,0.0,3208.5,True,False,False
CCC,2014J,471977,Withdrawn,0.0,0.0,0.0,146.0,1371.0,0.0,3208.5,True,False,False
CCC,2014J,474377,Withdrawn,0.0,0.0,0.0,146.0,1371.0,0.0,3208.5,True,False,False
CCC,2014J,477246,Withdrawn,0.0,0.0,0.0,146.0,1371.0,0.0,3208.5,True,False,False
CCC,2014J,477488,Withdrawn,0.0,0.0,0.0,146.0,1371.0,0.0,3208.5,True,False,False
CCC,2014J,485949,Withdrawn,0.0,0.0,0.0,146.0,1371.0,0.0,3208.5,True,False,False
CCC,2014J,488192,Withdrawn,0.0,0.0,0.0,146.0,1371.0,0.0,3208.5,True,False,False
CCC,2014J,488617,Fail,0.0,0.0,0.0,146.0,1371.0,0.0,3208.5,True,False,False
CCC,2014J,489990,Withdrawn,0.0,0.0,0.0,146.0,1371.0,0.0,3208.5,True,False,False
CCC,2014J,490542,Withdrawn,0.0,0.0,0.0,146.0,1371.0,0.0,3208.5,True,False,False
CCC,2014J,507671,Withdrawn,0.0,0.0,0.0,146.0,1371.0,0.0,3208.5,True,False,False
CCC,2014J,511859,Withdrawn,0.0,0.0,0.0,146.0,1371.0,0.0,3208.5,True,False,False
CCC,2014J,512861,Withdrawn,0.0,0.0,0.0,146.0,1371.0,0.0,3208.5,True,False,False
CCC,2014J,513918,Withdrawn,0.0,0.0,0.0,146.0,1371.0,0.0,3208.5,True,False,False
CCC,2014J,528021,Withdrawn,0.0,0.0,0.0,146.0,1371.0,0.0,3208.5,True,False,False
CCC,2014J,531674,Withdrawn,0.0,0.0,0.0,146.0,1371.0,0.0,3208.5,True,False,False
CCC,2014J,532744,Withdrawn,0.0,0.0,0.0,146.0,1371.0,0.0,3208.5,True,False,False
CCC,2014J,540885,Withdrawn,0.0,0.0,0.0,146.0,1371.0,0.0,3208.5,True,False,False
CCC,2014J,544271,Withdrawn,0.0,0.0,0.0,146.0,1371.0,0.0,3208.5,True,False,False
CCC,2014J,545493,Withdrawn,0.0,0.0,0.0,146.0,1371.0,0.0,3208.5,True,False,False
CCC,2014J,547128,Withdrawn,0.0,0.0,0.0,146.0,1371.0,0.0,3208.5,True,False,False
CCC,2014J,559672,Withdrawn,0.0,0.0,0.0,146.0,1371.0,0.0,3208.5,True,False,False
CCC,2014J,563967,Withdrawn,0.0,0.0,0.0,146.0,1371.0,0.0,3208.5,True,False,False
CCC,2014J,565707,Withdrawn,0.0,0.0,0.0,146.0,1371.0,0.0,3208.5,True,False,False
CCC,2014J,569132,Withdrawn,0.0,0.0,0.0,146.0,1371.0,0.0,3208.5,True,False,False
CCC,2014J,570717,Withdrawn,0.0,0.0,0.0,146.0,1371.0,0.0,3208.5,True,False,False
CCC,2014J,571950,Withdrawn,0.0,0.0,0.0,146.0,1371.0,0.0,3208.5,True,False,False
CCC,2014J,572659,Withdrawn,0.0,0.0,0.0,146.0,1371.0,0.0,3208.5,True,False,False
CCC,2014J,572754,Withdrawn,0.0,0.0,0.0,146.0,1371.0,0.0,3208.5,True,False,False
CCC,2014J,573153,Withdrawn,0.0,0.0,0.0,146.0,1371.0,0.0,3208.5,True,False,False
CCC,2014J,575258,Withdrawn,0.0,0.0,0.0,146.0,1371.0,0.0,3208.5,True,False,False
CCC,2014J,576876,Withdrawn,0.0,0.0,0.0,146.0,1371.0,0.0,3208.5,True,False,False
CCC,2014J,582340,Withdrawn,0.0,0.0,0.0,146.0,1371.0,0.0,3208.5,True,False,False
CCC,2014J,585433,Withdrawn,0.0,0.0,0.0,146.0,1371.0,0.0,3208.5,True,False,False
CCC,2014J,585911,Withdrawn,0.0,0.0,0.0,146.0,1371.0,0.0,3208.5,True,False,False
CCC,2014J,587793,Withdrawn,0.0,0.0,0.0,146.0,1371.0,0.0,3208.5,True,False,False
CCC,2014J,587900,Withdrawn,0.0,0.0,0.0,146.0,1371.0,0.0,3208.5,True,False,False
CCC,2014J,591593,Withdrawn,0.0,0.0,0.0,146.0,1371.0,0.0,3208.5,True,False,False
CCC,2014J,591619,Withdrawn,0.0,0.0,0.0,146.0,1371.0,0.0,3208.5,True,False,False
CCC,2014J,594052,Withdrawn,0.0,0.0,0.0,146.0,1371.0,0.0,3208.5,True,False,False
CCC,2014J,596245,Withdrawn,0.0,0.0,0.0,146.0,1371.0,0.0,3208.5,True,False,False
CCC,2014J,602806,Withdrawn,0.0,0.0,0.0,146.0,1371.0,0.0,3208.5,True,False,False
CCC,2014J,603728,Fail,0.0,0.0,0.0,146.0,1371.0,0.0,3208.5,True,False,False
CCC,2014J,604340,Withdrawn,0.0,0.0,0.0,146.0,1371.0,0.0,3208.5,True,False,False
CCC,2014J,611465,Withdrawn,0.0,0.0,0.0,146.0,1371.0,0.0,3208.5,True,False,False
CCC,2014J,611520,Withdrawn,0.0,0.0,0.0,146.0,1371.0,0.0,3208.5,True,False,False
CCC,2014J,614623,Withdrawn,0.0,0.0,0.0,146.0,1371.0,0.0,3208.5,True,False,False
CCC,2014J,615225,Withdrawn,0.0,0.0,0.0,146.0,1371.0,0.0,3208.5,True,False,False
CCC,2014J,615426,Withdrawn,0.0,0.0,0.0,146.0,1371.0,0.0,3208.5,True,False,False
CCC,2014J,620369,Fail,0.0,0.0,0.0,146.0,1371.0,0.0,3208.5,True,False,False
CCC,2014J,621001,Withdrawn,0.0,0.0,0.0,146.0,1371.0,0.0,3208.5,True,False,False
CCC,2014J,621699,Withdrawn,0.0,0.0,0.0,146.0,1371.0,0.0,3208.5,True,False,False
CCC,2014J,621906,Withdrawn,0.0,0.0,0.0,146.0,1371.0,0.0,3208.5,True,False,False
CCC,2014J,623002,Fail,0.0,0.0,0.0,146.0,1371.0,0.0,3208.5,True,False,False
CCC,2014J,623523,Withdrawn,0.0,0.0,0.0,146.0,1371.0,0.0,3208.5,True,False,False
CCC,2014J,624126,Withdrawn,0.0,0.0,0.0,146.0,1371.0,0.0,3208.5,True,False,False
CCC,2014J,625098,Fail,0.0,0.0,0.0,146.0,1371.0,0.0,3208.5,True,False,False
CCC,2014J,629014,Withdrawn,0.0,0.0,0.0,146.0,1371.0,0.0,3208.5,True,False,False
CCC,2014J,629400,Withdrawn,0.0,0.0,0.0,146.0,1371.0,0.0,3208.5,True,False,False
CCC,2014J,630510,Withdrawn,0.0,0.0,0.0,146.0,1371.0,0.0,3208.5,True,False,False
CCC,2014J,631023,Withdrawn,0.0,0.0,0.0,146.0,1371.0,0.0,3208.5,True,False,False
CCC,2014J,631356,Withdrawn,0.0,0.0,0.0,146.0,1371.0,0.0,3208.5,True,False,False
CCC,2014J,633157,Withdrawn,0.0,0.0,0.0,146.0,1371.0,0.0,3208.5,True,False,False
CCC,2014J,636743,Withdrawn,0.0,0.0,0.0,146.0,1371.0,0.0,3208.5,True,False,False
CCC,2014J,637086,Withdrawn,0.0,0.0,0.0,146.0,1371.0,0.0,3208.5,True,False,False
CCC,2014J,637939,Withdrawn,0.0,0.0,0.0,146.0,1371.0,0.0,3208.5,True,False,False
CCC,2014J,640443,Withdrawn,0.0,0.0,0.0,146.0,1371.0,0.0,3208.5,True,False,False
CCC,2014J,640662,Withdrawn,0.0,0.0,0.0,146.0,1371.0,0.0,3208.5,True,False,False
CCC,2014J,642066,Withdrawn,0.0,0.0,0.0,146.0,1371.0,0.0,3208.5,True,False,False
CCC,2014J,642627,Withdrawn,0.0,0.0,0.0,146.0,1371.0,0.0,3208.5,True,False,False
CCC,2014J,642744,Withdrawn,0.0,0.0,0.0,146.0,1371.0,0.0,3208.5,True,False,False
CCC,2014J,643114,Withdrawn,0.0,0.0,0.0,146.0,1371.0,0.0,3208.5,True,False,False
CCC,2014J,643200,Withdrawn,0.0,0.0,0.0,146.0,1371.0,0.0,3208.5,True,False,False
CCC,2014J,643269,Withdrawn,0.0,0.0,0.0,146.0,1371.0,0.0,3208.5,True,False,False
CCC,2014J,643278,Withdrawn,0.0,0.0,0.0,146.0,1371.0,0.0,3208.5,True,False,False
CCC,2014J,643357,Withdrawn,0.0,0.0,0.0,146.0,1371.0,0.0,3208.5,True,False,False
CCC,2014J,644453,Withdrawn,0.0,0.0,0.0,146.0,1371.0,0.0,3208.5,True,False,False
CCC,2014J,645219,Withdrawn,0.0,0.0,0.0,146.0,1371.0,0.0,3208.5,True,False,False
CCC,2014J,645481,Withdrawn,0.0,0.0,0.0,146.0,1371.0,0.0,3208.5,True,False,False
CCC,2014J,645710,Withdrawn,0.0,0.0,0.0,146.0,1371.0,0.0,3208.5,True,False,False
CCC,2014J,646459,Withdrawn,0.0,0.0,0.0,146.0,1371.0,0.0,3208.5,True,False,False
CCC,2014J,646547,Withdrawn,0.0,0.0,0.0,146.0,1371.0,0.0,3208.5,True,False,False
CCC,2014J,646739,Fail,0.0,0.0,0.0,146.0,1371.0,0.0,3208.5,True,False,False
CCC,2014J,646747,Withdrawn,0.0,0.0,0.0,146.0,1371.0,0.0,3208.5,True,False,False
CCC,2014J,646751,Withdrawn,0.0,0.0,0.0,146.0,1371.0,0.0,3208.5,True,False,False
CCC,2014J,646938,Withdrawn,0.0,0.0,0.0,146.0,1371.0,0.0,3208.5,True,False,False
CCC,2014J,647391,Withdrawn,0.0,0.0,0.0,146.0,1371.0,0.0,3208.5,True,False,False
CCC,2014J,648354,Withdrawn,0.0,0.0,0.0,146.0,1371.0,0.0,3208.5,True,False,False
CCC,2014J,648419,Withdrawn,0.0,0.0,0.0,146.0,1371.0,0.0,3208.5,True,False,False
CCC,2014J,648477,Withdrawn,0.0,0.0,0.0,146.0,1371.0,0.0,3208.5,True,False,False
CCC,2014J,648521,Withdrawn,0.0,0.0,0.0,146.0,1371.0,0.0,3208.5,True,False,False
CCC,2014J,648536,Withdrawn,0.0,0.0,0.0,146.0,1371.0,0.0,3208.5,True,False,False
CCC,2014J,648605,Withdrawn,0.0,0.0,0.0,146.0,1371.0,0.0,3208.5,True,False,False
CCC,2014J,648625,Withdrawn,0.0,0.0,0.0,146.0,1371.0,0.0,3208.5,True,False,False
CCC,2014J,649248,Withdrawn,0.0,0.0,0.0,146.0,1371.0,0.0,3208.5,True,False,False
CCC,2014J,649413,Withdrawn,0.0,0.0,0.0,146.0,1371.0,0.0,3208.5,True,False,False
CCC,2014J,649523,Withdrawn,0.0,0.0,0.0,146.0,1371.0,0.0,3208.5,True,False,False
CCC,2014J,650070,Withdrawn,0.0,0.0,0.0,146.0,1371.0,0.0,3208.5,True,False,False
CCC,2014J,650163,Withdrawn,0.0,0.0,0.0,146.0,1371.0,0.0,3208.5,True,False,False
CCC,2014J,650424,Withdrawn,0.0,0.0,0.0,146.0,1371.0,0.0,3208.5,True,False,False
CCC,2014J,651156,Withdrawn,0.0,0.0,0.0,146.0,1371.0,0.0,3208.5,True,False,False
CCC,2014J,651298,Withdrawn,0.0,0.0,0.0,146.0,1371.0,0.0,3208.5,True,False,False
CCC,2014J,651371,Withdrawn,0.0,0.0,0.0,146.0,1371.0,0.0,3208.5,True,False,False
CCC,2014J,651651,Withdrawn,0.0,0.0,0.0,146.0,1371.0,0.0,3208.5,True,False,False
CCC,2014J,652406,Withdrawn,0.0,0.0,0.0,146.0,1371.0,0.0,3208.5,True,False,False
CCC,2014J,652570,Withdrawn,0.0,0.0,0.0,146.0,1371.0,0.0,3208.5,True,False,False
CCC,2014J,652945,Withdrawn,0.0,0.0,0.0,146.0,1371.0,0.0,3208.5,True,False,False
CCC,2014J,653062,Withdrawn,0.0,0.0,0.0,146.0,1371.0,0.0,3208.5,True,False,False
CCC,2014J,653977,Withdrawn,0.0,0.0,0.0,146.0,1371.0,0.0,3208.5,True,False,False
CCC,2014J,654095,Fail,0.0,0.0,0.0,146.0,1371.0,0.0,3208.5,True,False,False
CCC,2014J,654828,Withdrawn,0.0,0.0,0.0,146.0,1371.0,0.0,3208.5,True,False,False
CCC,2014J,654960,Withdrawn,0.0,0.0,0.0,146.0,1371.0,0.0,3208.5,True,False,False
CCC,2014J,655627,Withdrawn,0.0,0.0,0.0,146.0,1371.0,0.0,3208.5,True,False,False
CCC,2014J,655761,Withdrawn,0.0,0.0,0.0,146.0,1371.0,0.0,3208.5,True,False,False
CCC,2014J,655953,Withdrawn,0.0,0.0,0.0,146.0,1371.0,0.0,3208.5,True,False,False
CCC,2014J,656068,Withdrawn,0.0,0.0,0.0,146.0,1371.0,0.0,3208.5,True,False,False
CCC,2014J,656535,Withdrawn,0.0,0.0,0.0,146.0,1371.0,0.0,3208.5,True,False,False
CCC,2014J,656878,Withdrawn,0.0,0.0,0.0,146.0,1371.0,0.0,3208.5,True,False,False
CCC,2014J,656978,Withdrawn,0.0,0.0,0.0,146.0,1371.0,0.0,3208.5,True,False,False
CCC,2014J,674814,Withdrawn,0.0,0.0,0.0,146.0,1371.0,0.0,3208.5,True,False,False
CCC,2014J,675116,Withdrawn,0.0,0.0,0.0,146.0,1371.0,0.0,3208.5,True,False,False
CCC,2014J,675450,Withdrawn,0.0,0.0,0.0,146.0,1371.0,0.0,3208.5,True,False,False
CCC,2014J,675758,Withdrawn,0.0,0.0,0.0,146.0,1371.0,0.0,3208.5,True,False,False
CCC,2014J,676366,Withdrawn,0.0,0.0,0.0,146.0,1371.0,0.0,3208.5,True,False,False
CCC,2014J,676736,Withdrawn,0.0,0.0,0.0,146.0,1371.0,0.0,3208.5,True,False,False
CCC,2014J,676884,Withdrawn,0.0,0.0,0.0,146.0,1371.0,0.0,3208.5,True,False,False
CCC,2014J,677323,Withdrawn,0.0,0.0,0.0,146.0,1371.0,0.0,3208.5,True,False,False
CCC,2014J,677382,Withdrawn,0.0,0.0,0.0,146.0,1371.0,0.0,3208.5,True,False,False
CCC,2014J,677566,Withdrawn,0.0,0.0,0.0,146.0,1371.0,0.0,3208.5,True,False,False
CCC,2014J,677721,Withdrawn,0.0,0.0,0.0,146.0,1371.0,0.0,3208.5,True,False,False
CCC,2014J,678088,Withdrawn,0.0,0.0,0.0,146.0,1371.0,0.0,3208.5,True,False,False
CCC,2014J,678382,Withdrawn,0.0,0.0,0.0,146.0,1371.0,0.0,3208.5,True,False,False
CCC,2014J,678811,Withdrawn,0.0,0.0,0.0,146.0,1371.0,0.0,3208.5,True,False,False
CCC,2014J,679037,Withdrawn,0.0,0.0,0.0,146.0,1371.0,0.0,3208.5,True,False,False
CCC,2014J,680333,Withdrawn,0.0,0.0,0.0,146.0,1371.0,0.0,3208.5,True,False,False
CCC,2014J,681704,Withdrawn,0.0,0.0,0.0,146.0,1371.0,0.0,3208.5,True,False,False
CCC,2014J,681789,Withdrawn,0.0,0.0,0.0,146.0,1371.0,0.0,3208.5,True,False,False
CCC,2014J,682212,Withdrawn,0.0,0.0,0.0,146.0,1371.0,0.0,3208.5,True,False,False
CCC,2014J,683073,Withdrawn,0.0,0.0,0.0,146.0,1371.0,0.0,3208.5,True,False,False
CCC,2014J,683203,Withdrawn,0.0,0.0,0.0,146.0,1371.0,0.0,3208.5,True,False,False
CCC,2014J,683449,Withdrawn,0.0,0.0,0.0,146.0,1371.0,0.0,3208.5,True,False,False
CCC,2014J,683912,Withdrawn,0.0,0.0,0.0,146.0,1371.0,0.0,3208.5,True,False,False
CCC,2014J,684313,Withdrawn,0.0,0.0,0.0,146.0,1371.0,0.0,3208.5,True,False,False
CCC,2014J,685663,Withdrawn,0.0,0.0,0.0,146.0,1371.0,0.0,3208.5,True,False,False
CCC,2014J,686071,Withdrawn,0.0,0.0,0.0,146.0,1371.0,0.0,3208.5,True,False,False
CCC,2014J,686877,Withdrawn,0.0,0.0,0.0,146.0,1371.0,0.0,3208.5,True,False,False
CCC,2014J,687283,Withdrawn,0.0,0.0,0.0,146.0,1371.0,0.0,3208.5,True,False,False
CCC,2014J,687319,Withdrawn,0.0,0.0,0.0,146.0,1371.0,0.0,3208.5,True,False,False
CCC,2014J,687953,Withdrawn,0.0,0.0,0.0,146.0,1371.0,0.0,3208.5,True,False,False
CCC,2014J,688297,Withdrawn,0.0,0.0,0.0,146.0,1371.0,0.0,3208.5,True,False,False
CCC,2014J,688672,Withdrawn,0.0,0.0,0.0,146.0,1371.0,0.0,3208.5,True,False,False
CCC,2014J,688776,Withdrawn,0.0,0.0,0.0,146.0,1371.0,0.0,3208.5,True,False,False
CCC,2014J,689264,Withdrawn,0.0,0.0,0.0,146.0,1371.0,0.0,3208.5,True,False,False
CCC,2014J,689807,Withdrawn,0.0,0.0,0.0,146.0,1371.0,0.0,3208.5,True,False,False
CCC,2014J,691008,Withdrawn,0.0,0.0,0.0,146.0,1371.0,0.0,3208.5,True,False,False
CCC,2014J,693456,Withdrawn,0.0,0.0,0.0,146.0,1371.0,0.0,3208.5,True,False,False
CCC,2014J,693836,Withdrawn,0.0,0.0,0.0,146.0,1371.0,0.0,3208.5,True,False,False
CCC,2014J,697120,Withdrawn,0.0,0.0,0.0,146.0,1371.0,0.0,3208.5,True,False,False
CCC,2014J,1307784,Withdrawn,0.0,0.0,0.0,146.0,1371.0,0.0,3208.5,True,False,False
CCC,2014J,1425806,Withdrawn,0.0,0.0,0.0,146.0,1371.0,0.0,3208.5,True,False,False
CCC,2014J,1639743,Withdrawn,0.0,0.0,0.0,146.0,1371.0,0.0,3208.5,True,False,False
CCC,2014J,1777834,Pass,0.0,0.0,0.0,146.0,1371.0,0.0,3208.5,True,False,False
CCC,2014J,1829051,Withdrawn,0.0,0.0,0.0,146.0,1371.0,0.0,3208.5,True,False,False
CCC,2014J,1881041,Withdrawn,0.0,0.0,0.0,146.0,1371.0,0.0,3208.5,True,False,False
CCC,2014J,1937511,Withdrawn,0.0,0.0,0.0,146.0,1371.0,0.0,3208.5,True,False,False
CCC,2014J,2030241,Withdrawn,0.0,0.0,0.0,146.0,1371.0,0.0,3208.5,True,False,False
CCC,2014J,2039190,Withdrawn,0.0,0.0,0.0,146.0,1371.0,0.0,3208.5,True,False,False
CCC,2014J,2377769,Withdrawn,0.0,0.0,0.0,146.0,1371.0,0.0,3208.5,True,False,False
CCC,2014J,2422258,Withdrawn,0.0,0.0,0.0,146.0,1371.0,0.0,3208.5,True,False,False
CCC,2014J,2480654,Withdrawn,0.0,0.0,0.0,146.0,1371.0,0.0,3208.5,True,False,False
CCC,2014J,2502882,Withdrawn,0.0,0.0,0.0,146.0,1371.0,0.0,3208.5,True,False,False
CCC,2014J,2504694,Withdrawn,0.0,0.0,0.0,146.0,1371.0,0.0,3208.5,True,False,False
CCC,2014J,2585270,Withdrawn,0.0,0.0,0.0,146.0,1371.0,0.0,3208.5,True,False,False
CCC,2014J,2619472,Withdrawn,0.0,0.0,0.0,146.0,1371.0,0.0,3208.5,True,False,False
CCC,2014J,2672114,Withdrawn,0.0,0.0,0.0,146.0,1371.0,0.0,3208.5,True,False,False
DDD,2013B,24213,Withdrawn,0.0,0.0,0.0,198.5,1442.0,0.0,3307.25,True,False,False
DDD,2013B,72451,Withdrawn,0.0,0.0,0.0,198.5,1442.0,0.0,3307.25,True,False,False
DDD,2013B,125677,Withdrawn,0.0,0.0,0.0,198.5,1442.0,0.0,3307.25,True,False,False
DDD,2013B,126912,Fail,0.0,0.0,0.0,198.5,1442.0,0.0,3307.25,True,False,False
DDD,2013B,128965,Withdrawn,0.0,0.0,0.0,198.5,1442.0,0.0,3307.25,True,False,False
DDD,2013B,142998,Withdrawn,0.0,0.0,0.0,198.5,1442.0,0.0,3307.25,True,False,False
DDD,2013B,167123,Withdrawn,0.0,0.0,0.0,198.5,1442.0,0.0,3307.25,True,False,False
DDD,2013B,178639,Fail,0.0,0.0,0.0,198.5,1442.0,0.0,3307.25,True,False,False
DDD,2013B,191491,Withdrawn,0.0,0.0,0.0,198.5,1442.0,0.0,3307.25,True,False,False
DDD,2013B,196902,Withdrawn,0.0,0.0,0.0,198.5,1442.0,0.0,3307.25,True,False,False
DDD,2013B,228543,Fail,0.0,0.0,0.0,198.5,1442.0,0.0,3307.25,True,False,False
DDD,2013B,241971,Withdrawn,0.0,0.0,0.0,198.5,1442.0,0.0,3307.25,True,False,False
DDD,2013B,257369,Withdrawn,0.0,0.0,0.0,198.5,1442.0,0.0,3307.25,True,False,False
DDD,2013B,297582,Withdrawn,0.0,0.0,0.0,198.5,1442.0,0.0,3307.25,True,False,False
DDD,2013B,316772,Withdrawn,0.0,0.0,0.0,198.5,1442.0,0.0,3307.25,True,False,False
DDD,2013B,337048,Withdrawn,0.0,0.0,0.0,198.5,1442.0,0.0,3307.25,True,False,False
DDD,2013B,343427,Withdrawn,0.0,0.0,0.0,198.5,1442.0,0.0,3307.25,True,False,False
DDD,2013B,357595,Withdrawn,0.0,0.0,0.0,198.5,1442.0,0.0,3307.25,True,False,False
DDD,2013B,364440,Withdrawn,0.0,0.0,0.0,198.5,1442.0,0.0,3307.25,True,False,False
DDD,2013B,387652,Withdrawn,0.0,0.0,0.0,198.5,1442.0,0.0,3307.25,True,False,False
DDD,2013B,404852,Withdrawn,0.0,0.0,0.0,198.5,1442.0,0.0,3307.25,True,False,False
DDD,2013B,412431,Withdrawn,0.0,0.0,0.0,198.5,1442.0,0.0,3307.25,True,False,False
DDD,2013B,416000,Withdrawn,0.0,0.0,0.0,198.5,1442.0,0.0,3307.25,True,False,False
DDD,2013B,421221,Withdrawn,0.0,0.0,0.0,198.5,1442.0,0.0,3307.25,True,False,False
DDD,2013B,423474,Withdrawn,0.0,0.0,0.0,198.5,1442.0,0.0,3307.25,True,False,False
DDD,2013B,428411,Withdrawn,0.0,0.0,0.0,198.5,1442.0,0.0,3307.25,True,False,False
DDD,2013B,432204,Withdrawn,0.0,0.0,0.0,198.5,1442.0,0.0,3307.25,True,False,False
DDD,2013B,437747,Withdrawn,0.0,0.0,0.0,198.5,1442.0,0.0,3307.25,True,False,False
DDD,2013B,446836,Fail,0.0,0.0,0.0,198.5,1442.0,0.0,3307.25,True,False,False
DDD,2013B,464596,Withdrawn,0.0,0.0,0.0,198.5,1442.0,0.0,3307.25,True,False,False
DDD,2013B,464615,Withdrawn,0.0,0.0,0.0,198.5,1442.0,0.0,3307.25,True,False,False
DDD,2013B,475604,Withdrawn,0.0,0.0,0.0,198.5,1442.0,0.0,3307.25,True,False,False
DDD,2013B,477160,Withdrawn,0.0,0.0,0.0,198.5,1442.0,0.0,3307.25,True,False,False
DDD,2013B,485532,Fail,0.0,0.0,0.0,198.5,1442.0,0.0,3307.25,True,False,False
DDD,2013B,485943,Withdrawn,0.0,0.0,0.0,198.5,1442.0,0.0,3307.25,True,False,False
DDD,2013B,493365,Withdrawn,0.0,0.0,0.0,198.5,1442.0,0.0,3307.25,True,False,False
DDD,2013B,497898,Withdrawn,0.0,0.0,0.0,198.5,1442.0,0.0,3307.25,True,False,False
DDD,2013B,502903,Withdrawn,0.0,0.0,0.0,198.5,1442.0,0.0,3307.25,True,False,False
DDD,2013B,504246,Withdrawn,0.0,0.0,0.0,198.5,1442.0,0.0,3307.25,True,False,False
DDD,2013B,511109,Fail,0.0,0.0,0.0,198.5,1442.0,0.0,3307.25,True,False,False
DDD,2013B,511514,Withdrawn,0.0,0.0,0.0,198.5,1442.0,0.0,3307.25,True,False,False
DDD,2013B,515812,Withdrawn,0.0,0.0,0.0,198.5,1442.0,0.0,3307.25,True,False,False
DDD,2013B,519491,Withdrawn,0.0,0.0,0.0,198.5,1442.0,0.0,3307.25,True,False,False
DDD,2013B,520026,Withdrawn,0.0,0.0,0.0,198.5,1442.0,0.0,3307.25,True,False,False
DDD,2013B,520092,Withdrawn,0.0,0.0,0.0,198.5,1442.0,0.0,3307.25,True,False,False
DDD,2013B,525854,Fail,0.0,0.0,0.0,198.5,1442.0,0.0,3307.25,True,False,False
DDD,2013B,527403,Withdrawn,0.0,0.0,0.0,198.5,1442.0,0.0,3307.25,True,False,False
DDD,2013B,527619,Withdrawn,0.0,0.0,0.0,198.5,1442.0,0.0,3307.25,True,False,False
DDD,2013B,529384,Withdrawn,0.0,0.0,0.0,198.5,1442.0,0.0,3307.25,True,False,False
DDD,2013B,529670,Withdrawn,0.0,0.0,0.0,198.5,1442.0,0.0,3307.25,True,False,False
DDD,2013B,530137,Withdrawn,0.0,0.0,0.0,198.5,1442.0,0.0,3307.25,True,False,False
DDD,2013B,530901,Withdrawn,0.0,0.0,0.0,198.5,1442.0,0.0,3307.25,True,False,False
DDD,2013B,532144,Withdrawn,0.0,0.0,0.0,198.5,1442.0,0.0,3307.25,True,False,False
DDD,2013B,534219,Fail,0.0,0.0,0.0,198.5,1442.0,0.0,3307.25,True,False,False
DDD,2013B,535169,Withdrawn,0.0,0.0,0.0,198.5,1442.0,0.0,3307.25,True,False,False
DDD,2013B,539224,Withdrawn,0.0,0.0,0.0,198.5,1442.0,0.0,3307.25,True,False,False
DDD,2013B,539302,Withdrawn,0.0,0.0,0.0,198.5,1442.0,0.0,3307.25,True,False,False
DDD,2013B,543845,Withdrawn,0.0,0.0,0.0,198.5,1442.0,0.0,3307.25,True,False,False
DDD,2013B,544556,Fail,0.0,0.0,0.0,198.5,1442.0,0.0,3307.25,True,False,False
DDD,2013B,545770,Withdrawn,0.0,0.0,0.0,198.5,1442.0,0.0,3307.25,True,False,False
DDD,2013B,546654,Withdrawn,0.0,0.0,0.0,198.5,1442.0,0.0,3307.25,True,False,False
DDD,2013B,547522,Fail,0.0,0.0,0.0,198.5,1442.0,0.0,3307.25,True,False,False
DDD,2013B,550205,Withdrawn,0.0,0.0,0.0,198.5,1442.0,0.0,3307.25,True,False,False
DDD,2013B,554046,Withdrawn,0.0,0.0,0.0,198.5,1442.0,0.0,3307.25,True,False,False
DDD,2013B,555830,Withdrawn,0.0,0.0,0.0,198.5,1442.0,0.0,3307.25,True,False,False
DDD,2013B,557083,Withdrawn,0.0,0.0,0.0,198.5,1442.0,0.0,3307.25,True,False,False
DDD,2013B,557706,Withdrawn,0.0,0.0,0.0,198.5,1442.0,0.0,3307.25,True,False,False
DDD,2013B,558954,Withdrawn,0.0,0.0,0.0,198.5,1442.0,0.0,3307.25,True,False,False
DDD,2013B,596620,Withdrawn,0.0,0.0,0.0,198.5,1442.0,0.0,3307.25,True,False,False
DDD,2013B,1060973,Withdrawn,0.0,0.0,0.0,198.5,1442.0,0.0,3307.25,True,False,False
DDD,2013B,1073372,Withdrawn,0.0,0.0,0.0,198.5,1442.0,0.0,3307.25,True,False,False
DDD,2013B,1587816,Fail,0.0,0.0,0.0,198.5,1442.0,0.0,3307.25,True,False,False
DDD,2013B,1766513,Withdrawn,0.0,0.0,0.0,198.5,1442.0,0.0,3307.25,True,False,False
DDD,2013B,1841753,Withdrawn,0.0,0.0,0.0,198.5,1442.0,0.0,3307.25,True,False,False
DDD,2013B,1922497,Withdrawn,0.0,0.0,0.0,198.5,1442.0,0.0,3307.25,True,False,False
DDD,2013B,2034000,Withdrawn,0.0,0.0,0.0,198.5,1442.0,0.0,3307.25,True,False,False
DDD,2013B,2141506,Withdrawn,0.0,0.0,0.0,198.5,1442.0,0.0,3307.25,True,False,False
DDD,2013B,2155857,Withdrawn,0.0,0.0,0.0,198.5,1442.0,0.0,3307.25,True,False,False
DDD,2013B,2283212,Withdrawn,0.0,0.0,0.0,198.5,1442.0,0.0,3307.25,True,False,False
DDD,2013B,2298696,Withdrawn,0.0,0.0,0.0,198.5,1442.0,0.0,3307.25,True,False,False
DDD,2013B,2375627,Withdrawn,0.0,0.0,0.0,198.5,1442.0,0.0,3307.25,True,False,False
DDD,2013B,2480562,Withdrawn,0.0,0.0,0.0,198.5,1442.0,0.0,3307.25,True,False,False
DDD,2013B,2535493,Withdrawn,0.0,0.0,0.0,198.5,1442.0,0.0,3307.25,True,False,False
DDD,2013B,2614272,Withdrawn,0.0,0.0,0.0,198.5,1442.0,0.0,3307.25,True,False,False
DDD,2013B,2629511,Withdrawn,0.0,0.0,0.0,198.5,1442.0,0.0,3307.25,True,False,False
DDD,2013B,2667605,Withdrawn,0.0,0.0,0.0,198.5,1442.0,0.0,3307.25,True,False,False
DDD,2013B,2685825,Fail,0.0,0.0,0.0,198.5,1442.0,0.0,3307.25,True,False,False
DDD,2013B,2707979,Fail,0.0,0.0,0.0,198.5,1442.0,0.0,3307.25,True,False,False
DDD,2013B,2710343,Fail,0.0,0.0,0.0,198.5,1442.0,0.0,3307.25,True,False,False
DDD,2013J,3733,Withdrawn,0.0,0.0,0.0,141.0,1218.5,0.0,2834.75,True,False,False
DDD,2013J,35859,Fail,0.0,0.0,0.0,141.0,1218.5,0.0,2834.75,True,False,False
DDD,2013J,46633,Withdrawn,0.0,0.0,0.0,141.0,1218.5,0.0,2834.75,True,False,False
DDD,2013J,49530,Withdrawn,0.0,0.0,0.0,141.0,1218.5,0.0,2834.75,True,False,False
DDD,2013J,52494,Withdrawn,0.0,0.0,0.0,141.0,1218.5,0.0,2834.75,True,False,False
DDD,2013J,74130,Withdrawn,0.0,0.0,0.0,141.0,1218.5,0.0,2834.75,True,False,False
DDD,2013J,83588,Fail,0.0,0.0,0.0,141.0,1218.5,0.0,2834.75,True,False,False
DDD,2013J,92166,Withdrawn,0.0,0.0,0.0,141.0,1218.5,0.0,2834.75,True,False,False
DDD,2013J,108275,Withdrawn,0.0,0.0,0.0,141.0,1218.5,0.0,2834.75,True,False,False
DDD,2013J,160178,Withdrawn,0.0,0.0,0.0,141.0,1218.5,0.0,2834.75,True,False,False
DDD,2013J,172965,Withdrawn,0.0,0.0,0.0,141.0,1218.5,0.0,2834.75,True,False,False
DDD,2013J,198953,Withdrawn,0.0,0.0,0.0,141.0,1218.5,0.0,2834.75,True,False,False
DDD,2013J,227491,Withdrawn,0.0,0.0,0.0,141.0,1218.5,0.0,2834.75,True,False,False
DDD,2013J,250456,Withdrawn,0.0,0.0,0.0,141.0,1218.5,0.0,2834.75,True,False,False
DDD,2013J,257359,Withdrawn,0.0,0.0,0.0,141.0,1218.5,0.0,2834.75,True,False,False
DDD,2013J,273106,Fail,0.0,0.0,0.0,141.0,1218.5,0.0,2834.75,True,False,False
DDD,2013J,281656,Withdrawn,0.0,0.0,0.0,141.0,1218.5,0.0,2834.75,True,False,False
DDD,2013J,283401,Withdrawn,0.0,0.0,0.0,141.0,1218.5,0.0,2834.75,True,False,False
DDD,2013J,296813,Withdrawn,0.0,0.0,0.0,141.0,1218.5,0.0,2834.75,True,False,False
DDD,2013J,308982,Withdrawn,0.0,0.0,0.0,141.0,1218.5,0.0,2834.75,True,False,False
DDD,2013J,314123,Withdrawn,0.0,0.0,0.0,141.0,1218.5,0.0,2834.75,True,False,False
DDD,2013J,314219,Withdrawn,0.0,0.0,0.0,141.0,1218.5,0.0,2834.75,True,False,False
DDD,2013J,335910,Withdrawn,0.0,0.0,0.0,141.0,1218.5,0.0,2834.75,True,False,False
DDD,2013J,337314,Withdrawn,0.0,0.0,0.0,141.0,1218.5,0.0,2834.75,True,False,False
DDD,2013J,342176,Withdrawn,0.0,0.0,0.0,141.0,1218.5,0.0,2834.75,True,False,False
DDD,2013J,387453,Withdrawn,0.0,0.0,0.0,141.0,1218.5,0.0,2834.75,True,False,False
DDD,2013J,399863,Withdrawn,0.0,0.0,0.0,141.0,1218.5,0.0,2834.75,True,False,False
DDD,2013J,419822,Withdrawn,0.0,0.0,0.0,141.0,1218.5,0.0,2834.75,True,False,False
DDD,2013J,420745,Withdrawn,0.0,0.0,0.0,141.0,1218.5,0.0,2834.75,True,False,False
DDD,2013J,423474,Withdrawn,0.0,0.0,0.0,141.0,1218.5,0.0,2834.75,True,False,False
DDD,2013J,426097,Withdrawn,0.0,0.0,0.0,141.0,1218.5,0.0,2834.75,True,False,False
DDD,2013J,465399,Withdrawn,0.0,0.0,0.0,141.0,1218.5,0.0,2834.75,True,False,False
DDD,2013J,465418,Withdrawn,0.0,0.0,0.0,141.0,1218.5,0.0,2834.75,True,False,False
DDD,2013J,466158,Withdrawn,0.0,0.0,0.0,141.0,1218.5,0.0,2834.75,True,False,False
DDD,2013J,470119,Withdrawn,0.0,0.0,0.0,141.0,1218.5,0.0,2834.75,True,False,False
DDD,2013J,473406,Withdrawn,0.0,0.0,0.0,141.0,1218.5,0.0,2834.75,True,False,False
DDD,2013J,476906,Withdrawn,0.0,0.0,0.0,141.0,1218.5,0.0,2834.75,True,False,False
DDD,2013J,478692,Withdrawn,0.0,0.0,0.0,141.0,1218.5,0.0,2834.75,True,False,False
DDD,2013J,484266,Withdrawn,0.0,0.0,0.0,141.0,1218.5,0.0,2834.75,True,False,False
DDD,2013J,485980,Withdrawn,0.0,0.0,0.0,141.0,1218.5,0.0,2834.75,True,False,False
DDD,2013J,489150,Withdrawn,0.0,0.0,0.0,141.0,1218.5,0.0,2834.75,True,False,False
DDD,2013J,491688,Withdrawn,0.0,0.0,0.0,141.0,1218.5,0.0,2834.75,True,False,False
DDD,2013J,491912,Withdrawn,0.0,0.0,0.0,141.0,1218.5,0.0,2834.75,True,False,False
DDD,2013J,492842,Withdrawn,0.0,0.0,0.0,141.0,1218.5,0.0,2834.75,True,False,False
DDD,2013J,495115,Withdrawn,0.0,0.0,0.0,141.0,1218.5,0.0,2834.75,True,False,False
DDD,2013J,496373,Withdrawn,0.0,0.0,0.0,141.0,1218.5,0.0,2834.75,True,False,False
DDD,2013J,498903,Withdrawn,0.0,0.0,0.0,141.0,1218.5,0.0,2834.75,True,False,False
DDD,2013J,506597,Withdrawn,0.0,0.0,0.0,141.0,1218.5,0.0,2834.75,True,False,False
DDD,2013J,508227,Withdrawn,0.0,0.0,0.0,141.0,1218.5,0.0,2834.75,True,False,False
DDD,2013J,514495,Withdrawn,0.0,0.0,0.0,141.0,1218.5,0.0,2834.75,True,False,False
DDD,2013J,516343,Fail,0.0,0.0,0.0,141.0,1218.5,0.0,2834.75,True,False,False
DDD,2013J,524730,Withdrawn,0.0,0.0,0.0,141.0,1218.5,0.0,2834.75,True,False,False
DDD,2013J,529670,Withdrawn,0.0,0.0,0.0,141.0,1218.5,0.0,2834.75,True,False,False
DDD,2013J,531888,Fail,0.0,0.0,0.0,141.0,1218.5,0.0,2834.75,True,False,False
DDD,2013J,537652,Withdrawn,0.0,0.0,0.0,141.0,1218.5,0.0,2834.75,True,False,False
DDD,2013J,542244,Withdrawn,0.0,0.0,0.0,141.0,1218.5,0.0,2834.75,True,False,False
DDD,2013J,542321,Withdrawn,0.0,0.0,0.0,141.0,1218.5,0.0,2834.75,True,False,False
DDD,2013J,544155,Withdrawn,0.0,0.0,0.0,141.0,1218.5,0.0,2834.75,True,False,False
DDD,2013J,546293,Fail,0.0,0.0,0.0,141.0,1218.5,0.0,2834.75,True,False,False
DDD,2013J,546403,Withdrawn,0.0,0.0,0.0,141.0,1218.5,0.0,2834.75,True,False,False
DDD,2013J,549160,Withdrawn,0.0,0.0,0.0,141.0,1218.5,0.0,2834.75,True,False,False
DDD,2013J,552003,Withdrawn,0.0,0.0,0.0,141.0,1218.5,0.0,2834.75,True,False,False
DDD,2013J,553992,Withdrawn,0.0,0.0,0.0,141.0,1218.5,0.0,2834.75,True,False,False
DDD,2013J,555636,Withdrawn,0.0,0.0,0.0,141.0,1218.5,0.0,2834.75,True,False,False
DDD,2013J,556821,Withdrawn,0.0,0.0,0.0,141.0,1218.5,0.0,2834.75,True,False,False
DDD,2013J,559547,Withdrawn,0.0,0.0,0.0,141.0,1218.5,0.0,2834.75,True,False,False
DDD,2013J,562096,Withdrawn,0.0,0.0,0.0,141.0,1218.5,0.0,2834.75,True,False,False
DDD,2013J,562287,Withdrawn,0.0,0.0,0.0,141.0,1218.5,0.0,2834.75,True,False,False
DDD,2013J,562548,Withdrawn,0.0,0.0,0.0,141.0,1218.5,0.0,2834.75,True,False,False
DDD,2013J,562758,Withdrawn,0.0,0.0,0.0,141.0,1218.5,0.0,2834.75,True,False,False
DDD,2013J,563503,Withdrawn,0.0,0.0,0.0,141.0,1218.5,0.0,2834.75,True,False,False
DDD,2013J,565662,Withdrawn,0.0,0.0,0.0,141.0,1218.5,0.0,2834.75,True,False,False
DDD,2013J,566445,Withdrawn,0.0,0.0,0.0,141.0,1218.5,0.0,2834.75,True,False,False
DDD,2013J,568043,Fail,0.0,0.0,0.0,141.0,1218.5,0.0,2834.75,True,False,False
DDD,2013J,568045,Withdrawn,0.0,0.0,0.0,141.0,1218.5,0.0,2834.75,True,False,False
DDD,2013J,568296,Withdrawn,0.0,0.0,0.0,141.0,1218.5,0.0,2834.75,True,False,False
DDD,2013J,568580,Withdrawn,0.0,0.0,0.0,141.0,1218.5,0.0,2834.75,True,False,False
DDD,2013J,569743,Withdrawn,0.0,0.0,0.0,141.0,1218.5,0.0,2834.75,True,False,False
DDD,2013J,570319,Withdrawn,0.0,0.0,0.0,141.0,1218.5,0.0,2834.75,True,False,False
DDD,2013J,570401,Withdrawn,0.0,0.0,0.0,141.0,1218.5,0.0,2834.75,True,False,False
DDD,2013J,571000,Withdrawn,0.0,0.0,0.0,141.0,1218.5,0.0,2834.75,True,False,False
DDD,2013J,571382,Withdrawn,0.0,0.0,0.0,141.0,1218.5,0.0,2834.75,True,False,False
DDD,2013J,571682,Withdrawn,0.0,0.0,0.0,141.0,1218.5,0.0,2834.75,True,False,False
DDD,2013J,572038,Withdrawn,0.0,0.0,0.0,141.0,1218.5,0.0,2834.75,True,False,False
DDD,2013J,572089,Withdrawn,0.0,0.0,0.0,141.0,1218.5,0.0,2834.75,True,False,False
DDD,2013J,572548,Withdrawn,0.0,0.0,0.0,141.0,1218.5,0.0,2834.75,True,False,False
DDD,2013J,572698,Withdrawn,0.0,0.0,0.0,141.0,1218.5,0.0,2834.75,True,False,False
DDD,2013J,572900,Withdrawn,0.0,0.0,0.0,141.0,1218.5,0.0,2834.75,True,False,False
DDD,2013J,573284,Withdrawn,0.0,0.0,0.0,141.0,1218.5,0.0,2834.75,True,False,False
DDD,2013J,573307,Withdrawn,0.0,0.0,0.0,141.0,1218.5,0.0,2834.75,True,False,False
DDD,2013J,573541,Withdrawn,0.0,0.0,0.0,141.0,1218.5,0.0,2834.75,True,False,False
DDD,2013J,573709,Withdrawn,0.0,0.0,0.0,141.0,1218.5,0.0,2834.75,True,False,False
DDD,2013J,573970,Withdrawn,0.0,0.0,0.0,141.0,1218.5,0.0,2834.75,True,False,False
DDD,2013J,574665,Withdrawn,0.0,0.0,0.0,141.0,1218.5,0.0,2834.75,True,False,False
DDD,2013J,575855,Withdrawn,0.0,0.0,0.0,141.0,1218.5,0.0,2834.75,True,False,False
DDD,2013J,576040,Withdrawn,0.0,0.0,0.0,141.0,1218.5,0.0,2834.75,True,False,False
DDD,2013J,576231,Withdrawn,0.0,0.0,0.0,141.0,1218.5,0.0,2834.75,True,False,False
DDD,2013J,577558,Withdrawn,0.0,0.0,0.0,141.0,1218.5,0.0,2834.75,True,False,False
DDD,2013J,577930,Withdrawn,0.0,0.0,0.0,141.0,1218.5,0.0,2834.75,True,False,False
DDD,2013J,578285,Withdrawn,0.0,0.0,0.0,141.0,1218.5,0.0,2834.75,True,False,False
DDD,2013J,580595,Withdrawn,0.0,0.0,0.0,141.0,1218.5,0.0,2834.75,True,False,False
DDD,2013J,581283,Withdrawn,0.0,0.0,0.0,141.0,1218.5,0.0,2834.75,True,False,False
DDD,2013J,581648,Withdrawn,0.0,0.0,0.0,141.0,1218.5,0.0,2834.75,True,False,False
DDD,2013J,583221,Withdrawn,0.0,0.0,0.0,141.0,1218.5,0.0,2834.75,True,False,False
DDD,2013J,584305,Withdrawn,0.0,0.0,0.0,141.0,1218.5,0.0,2834.75,True,False,False
DDD,2013J,584532,Withdrawn,0.0,0.0,0.0,141.0,1218.5,0.0,2834.75,True,False,False
DDD,2013J,584883,Withdrawn,0.0,0.0,0.0,141.0,1218.5,0.0,2834.75,True,False,False
DDD,2013J,585384,Withdrawn,0.0,0.0,0.0,141.0,1218.5,0.0,2834.75,True,False,False
DDD,2013J,585929,Withdrawn,0.0,0.0,0.0,141.0,1218.5,0.0,2834.75,True,False,False
DDD,2013J,586317,Withdrawn,0.0,0.0,0.0,141.0,1218.5,0.0,2834.75,True,False,False
DDD,2013J,586536,Withdrawn,0.0,0.0,0.0,141.0,1218.5,0.0,2834.75,True,False,False
DDD,2013J,587552,Withdrawn,0.0,0.0,0.0,141.0,1218.5,0.0,2834.75,True,False,False
DDD,2013J,588242,Withdrawn,0.0,0.0,0.0,141.0,1218.5,0.0,2834.75,True,False,False
DDD,2013J,588658,Withdrawn,0.0,0.0,0.0,141.0,1218.5,0.0,2834.75,True,False,False
DDD,2013J,588815,Withdrawn,0.0,0.0,0.0,141.0,1218.5,0.0,2834.75,True,False,False
DDD,2013J,589569,Withdrawn,0.0,0.0,0.0,141.0,1218.5,0.0,2834.75,True,False,False
DDD,2013J,589630,Withdrawn,0.0,0.0,0.0,141.0,1218.5,0.0,2834.75,True,False,False
DDD,2013J,590235,Withdrawn,0.0,0.0,0.0,141.0,1218.5,0.0,2834.75,True,False,False
DDD,2013J,590380,Withdrawn,0.0,0.0,0.0,141.0,1218.5,0.0,2834.75,True,False,False
DDD,2013J,590464,Withdrawn,0.0,0.0,0.0,141.0,1218.5,0.0,2834.75,True,False,False
DDD,2013J,591852,Withdrawn,0.0,0.0,0.0,141.0,1218.5,0.0,2834.75,True,False,False
DDD,2013J,592173,Withdrawn,0.0,0.0,0.0,141.0,1218.5,0.0,2834.75,True,False,False
DDD,2013J,592299,Withdrawn,0.0,0.0,0.0,141.0,1218.5,0.0,2834.75,True,False,False
DDD,2013J,592486,Fail,0.0,0.0,0.0,141.0,1218.5,0.0,2834.75,True,False,False
DDD,2013J,592658,Withdrawn,0.0,0.0,0.0,141.0,1218.5,0.0,2834.75,True,False,False
DDD,2013J,592804,Withdrawn,0.0,0.0,0.0,141.0,1218.5,0.0,2834.75,True,False,False
DDD,2013J,593075,Withdrawn,0.0,0.0,0.0,141.0,1218.5,0.0,2834.75,True,False,False
DDD,2013J,594079,Withdrawn,0.0,0.0,0.0,141.0,1218.5,0.0,2834.75,True,False,False
DDD,2013J,594599,Withdrawn,0.0,0.0,0.0,141.0,1218.5,0.0,2834.75,True,False,False
DDD,2013J,596473,Fail,0.0,0.0,0.0,141.0,1218.5,0.0,2834.75,True,False,False
DDD,2013J,596978,Withdrawn,0.0,0.0,0.0,141.0,1218.5,0.0,2834.75,True,False,False
DDD,2013J,597192,Withdrawn,0.0,0.0,0.0,141.0,1218.5,0.0,2834.75,True,False,False
DDD,2013J,597308,Withdrawn,0.0,0.0,0.0,141.0,1218.5,0.0,2834.75,True,False,False
DDD,2013J,597453,Withdrawn,0.0,0.0,0.0,141.0,1218.5,0.0,2834.75,True,False,False
DDD,2013J,597504,Withdrawn,0.0,0.0,0.0,141.0,1218.5,0.0,2834.75,True,False,False
DDD,2013J,597561,Withdrawn,0.0,0.0,0.0,141.0,1218.5,0.0,2834.75,True,False,False
DDD,2013J,598650,Fail,0.0,0.0,0.0,141.0,1218.5,0.0,2834.75,True,False,False
DDD,2013J,599876,Withdrawn,0.0,0.0,0.0,141.0,1218.5,0.0,2834.75,True,False,False
DDD,2013J,600289,Withdrawn,0.0,0.0,0.0,141.0,1218.5,0.0,2834.75,True,False,False
DDD,2013J,600525,Withdrawn,0.0,0.0,0.0,141.0,1218.5,0.0,2834.75,True,False,False
DDD,2013J,600753,Withdrawn,0.0,0.0,0.0,141.0,1218.5,0.0,2834.75,True,False,False
DDD,2013J,602692,Withdrawn,0.0,0.0,0.0,141.0,1218.5,0.0,2834.75,True,False,False
DDD,2013J,602706,Withdrawn,0.0,0.0,0.0,141.0,1218.5,0.0,2834.75,True,False,False
DDD,2013J,603749,Withdrawn,0.0,0.0,0.0,141.0,1218.5,0.0,2834.75,True,False,False
DDD,2013J,603931,Withdrawn,0.0,0.0,0.0,141.0,1218.5,0.0,2834.75,True,False,False
DDD,2013J,603953,Withdrawn,0.0,0.0,0.0,141.0,1218.5,0.0,2834.75,True,False,False
DDD,2013J,604729,Withdrawn,0.0,0.0,0.0,141.0,1218.5,0.0,2834.75,True,False,False
DDD,2013J,605191,Fail,0.0,0.0,0.0,141.0,1218.5,0.0,2834.75,True,False,False
DDD,2013J,606270,Fail,0.0,0.0,0.0,141.0,1218.5,0.0,2834.75,True,False,False
DDD,2013J,606719,Withdrawn,0.0,0.0,0.0,141.0,1218.5,0.0,2834.75,True,False,False
DDD,2013J,608848,Withdrawn,0.0,0.0,0.0,141.0,1218.5,0.0,2834.75,True,False,False
DDD,2013J,835603,Withdrawn,0.0,0.0,0.0,141.0,1218.5,0.0,2834.75,True,False,False
DDD,2013J,997948,Withdrawn,0.0,0.0,0.0,141.0,1218.5,0.0,2834.75,True,False,False
DDD,2013J,1517755,Withdrawn,0.0,0.0,0.0,141.0,1218.5,0.0,2834.75,True,False,False
DDD,2013J,1833308,Withdrawn,0.0,0.0,0.0,141.0,1218.5,0.0,2834.75,True,False,False
DDD,2013J,1840610,Withdrawn,0.0,0.0,0.0,141.0,1218.5,0.0,2834.75,True,False,False
DDD,2013J,2194777,Withdrawn,0.0,0.0,0.0,141.0,1218.5,0.0,2834.75,True,False,False
DDD,2013J,2339150,Fail,0.0,0.0,0.0,141.0,1218.5,0.0,2834.75,True,False,False
DDD,2013J,2365438,Fail,0.0,0.0,0.0,141.0,1218.5,0.0,2834.75,True,False,False
DDD,2013J,2367887,Withdrawn,0.0,0.0,0.0,141.0,1218.5,0.0,2834.75,True,False,False
DDD,2013J,2410364,Withdrawn,0.0,0.0,0.0,141.0,1218.5,0.0,2834.75,True,False,False
DDD,2013J,2445016,Withdrawn,0.0,0.0,0.0,141.0,1218.5,0.0,2834.75,True,False,False
DDD,2013J,2485856,Withdrawn,0.0,0.0,0.0,141.0,1218.5,0.0,2834.75,True,False,False
DDD,2013J,2505413,Withdrawn,0.0,0.0,0.0,141.0,1218.5,0.0,2834.75,True,False,False
DDD,2013J,2608420,Withdrawn,0.0,0.0,0.0,141.0,1218.5,0.0,2834.75,True,False,False
DDD,2013J,2630796,Withdrawn,0.0,0.0,0.0,141.0,1218.5,0.0,2834.75,True,False,False
DDD,2013J,2649310,Withdrawn,0.0,0.0,0.0,141.0,1218.5,0.0,2834.75,True,False,False
DDD,2013J,2683696,Withdrawn,0.0,0.0,0.0,141.0,1218.5,0.0,2834.75,True,False,False
DDD,2013J,2685827,Withdrawn,0.0,0.0,0.0,141.0,1218.5,0.0,2834.75,True,False,False
DDD,2013J,2697921,Withdrawn,0.0,0.0,0.0,141.0,1218.5,0.0,2834.75,True,False,False
DDD,2014B,28149,Withdrawn,0.0,0.0,0.0,124.0,1086.25,0.0,2529.625,True,False,False
DDD,2014B,50309,Withdrawn,0.0,0.0,0.0,124.0,1086.25,0.0,2529.625,True,False,False
DDD,2014B,50619,Withdrawn,0.0,0.0,0.0,124.0,1086.25,0.0,2529.625,True,False,False
DDD,2014B,75469,Withdrawn,0.0,0.0,0.0,124.0,1086.25,0.0,2529.625,True,False,False
DDD,2014B,85216,Fail,0.0,0.0,0.0,124.0,1086.25,0.0,2529.625,True,False,False
DDD,2014B,103891,Withdrawn,0.0,0.0,0.0,124.0,1086.25,0.0,2529.625,True,False,False
DDD,2014B,117435,Fail,0.0,0.0,0.0,124.0,1086.25,0.0,2529.625,True,False,False
DDD,2014B,118578,Withdrawn,0.0,0.0,0.0,124.0,1086.25,0.0,2529.625,True,False,False
DDD,2014B,124847,Withdrawn,0.0,0.0,0.0,124.0,1086.25,0.0,2529.625,True,False,False
DDD,2014B,141301,Withdrawn,0.0,0.0,0.0,124.0,1086.25,0.0,2529.625,True,False,False
DDD,2014B,157310,Withdrawn,0.0,0.0,0.0,124.0,1086.25,0.0,2529.625,True,False,False
DDD,2014B,161286,Withdrawn,0.0,0.0,0.0,124.0,1086.25,0.0,2529.625,True,False,False
DDD,2014B,196264,Withdrawn,0.0,0.0,0.0,124.0,1086.25,0.0,2529.625,True,False,False
DDD,2014B,237969,Withdrawn,0.0,0.0,0.0,124.0,1086.25,0.0,2529.625,True,False,False
DDD,2014B,250058,Withdrawn,0.0,0.0,0.0,124.0,1086.25,0.0,2529.625,True,False,False
DDD,2014B,255622,Withdrawn,0.0,0.0,0.0,124.0,1086.25,0.0,2529.625,True,False,False
DDD,2014B,260367,Withdrawn,0.0,0.0,0.0,124.0,1086.25,0.0,2529.625,True,False,False
DDD,2014B,263022,Withdrawn,0.0,0.0,0.0,124.0,1086.25,0.0,2529.625,True,False,False
DDD,2014B,287499,Withdrawn,0.0,0.0,0.0,124.0,1086.25,0.0,2529.625,True,False,False
DDD,2014B,315633,Withdrawn,0.0,0.0,0.0,124.0,1086.25,0.0,2529.625,True,False,False
DDD,2014B,352600,Withdrawn,0.0,0.0,0.0,124.0,1086.25,0.0,2529.625,True,False,False
DDD,2014B,421242,Withdrawn,0.0,0.0,0.0,124.0,1086.25,0.0,2529.625,True,False,False
DDD,2014B,466158,Withdrawn,0.0,0.0,0.0,124.0,1086.25,0.0,2529.625,True,False,False
DDD,2014B,479921,Withdrawn,0.0,0.0,0.0,124.0,1086.25,0.0,2529.625,True,False,False
DDD,2014B,491792,Withdrawn,0.0,0.0,0.0,124.0,1086.25,0.0,2529.625,True,False,False
DDD,2014B,491912,Withdrawn,0.0,0.0,0.0,124.0,1086.25,0.0,2529.625,True,False,False
DDD,2014B,493793,Withdrawn,0.0,0.0,0.0,124.0,1086.25,0.0,2529.625,True,False,False
DDD,2014B,498438,Withdrawn,0.0,0.0,0.0,124.0,1086.25,0.0,2529.625,True,False,False
DDD,2014B,504089,Fail,0.0,0.0,0.0,124.0,1086.25,0.0,2529.625,True,False,False
DDD,2014B,509100,Withdrawn,0.0,0.0,0.0,124.0,1086.25,0.0,2529.625,True,False,False
DDD,2014B,511869,Withdrawn,0.0,0.0,0.0,124.0,1086.25,0.0,2529.625,True,False,False
DDD,2014B,522690,Withdrawn,0.0,0.0,0.0,124.0,1086.25,0.0,2529.625,True,False,False
DDD,2014B,526098,Withdrawn,0.0,0.0,0.0,124.0,1086.25,0.0,2529.625,True,False,False
DDD,2014B,532988,Fail,0.0,0.0,0.0,124.0,1086.25,0.0,2529.625,True,False,False
DDD,2014B,536794,Withdrawn,0.0,0.0,0.0,124.0,1086.25,0.0,2529.625,True,False,False
DDD,2014B,537238,Withdrawn,0.0,0.0,0.0,124.0,1086.25,0.0,2529.625,True,False,False
DDD,2014B,543356,Withdrawn,0.0,0.0,0.0,124.0,1086.25,0.0,2529.625,True,False,False
DDD,2014B,547860,Withdrawn,0.0,0.0,0.0,124.0,1086.25,0.0,2529.625,True,False,False
DDD,2014B,549785,Withdrawn,0.0,0.0,0.0,124.0,1086.25,0.0,2529.625,True,False,False
DDD,2014B,556836,Withdrawn,0.0,0.0,0.0,124.0,1086.25,0.0,2529.625,True,False,False
DDD,2014B,557751,Withdrawn,0.0,0.0,0.0,124.0,1086.25,0.0,2529.625,True,False,False
DDD,2014B,564944,Withdrawn,0.0,0.0,0.0,124.0,1086.25,0.0,2529.625,True,False,False
DDD,2014B,576869,Withdrawn,0.0,0.0,0.0,124.0,1086.25,0.0,2529.625,True,False,False
DDD,2014B,577977,Withdrawn,0.0,0.0,0.0,124.0,1086.25,0.0,2529.625,True,False,False
DDD,2014B,581409,Withdrawn,0.0,0.0,0.0,124.0,1086.25,0.0,2529.625,True,False,False
DDD,2014B,582366,Fail,0.0,0.0,0.0,124.0,1086.25,0.0,2529.625,True,False,False
DDD,2014B,583348,Withdrawn,0.0,0.0,0.0,124.0,1086.25,0.0,2529.625,True,False,False
DDD,2014B,584952,Withdrawn,0.0,0.0,0.0,124.0,1086.25,0.0,2529.625,True,False,False
DDD,2014B,585384,Withdrawn,0.0,0.0,0.0,124.0,1086.25,0.0,2529.625,True,False,False
DDD,2014B,585485,Withdrawn,0.0,0.0,0.0,124.0,1086.25,0.0,2529.625,True,False,False
DDD,2014B,587310,Withdrawn,0.0,0.0,0.0,124.0,1086.25,0.0,2529.625,True,False,False
DDD,2014B,588560,Withdrawn,0.0,0.0,0.0,124.0,1086.25,0.0,2529.625,True,False,False
DDD,2014B,589445,Withdrawn,0.0,0.0,0.0,124.0,1086.25,0.0,2529.625,True,False,False
DDD,2014B,591100,Withdrawn,0.0,0.0,0.0,124.0,1086.25,0.0,2529.625,True,False,False
DDD,2014B,591648,Withdrawn,0.0,0.0,0.0,124.0,1086.25,0.0,2529.625,True,False,False
DDD,2014B,591742,Withdrawn,0.0,0.0,0.0,124.0,1086.25,0.0,2529.625,True,False,False
DDD,2014B,591852,Withdrawn,0.0,0.0,0.0,124.0,1086.25,0.0,2529.625,True,False,False
DDD,2014B,593099,Withdrawn,0.0,0.0,0.0,124.0,1086.25,0.0,2529.625,True,False,False
DDD,2014B,597379,Withdrawn,0.0,0.0,0.0,124.0,1086.25,0.0,2529.625,True,False,False
DDD,2014B,600814,Withdrawn,0.0,0.0,0.0,124.0,1086.25,0.0,2529.625,True,False,False
DDD,2014B,601731,Fail,0.0,0.0,0.0,124.0,1086.25,0.0,2529.625,True,False,False
DDD,2014B,603241,Withdrawn,0.0,0.0,0.0,124.0,1086.25,0.0,2529.625,True,False,False
DDD,2014B,604398,Withdrawn,0.0,0.0,0.0,124.0,1086.25,0.0,2529.625,True,False,False
DDD,2014B,604480,Withdrawn,0.0,0.0,0.0,124.0,1086.25,0.0,2529.625,True,False,False
DDD,2014B,607214,Withdrawn,0.0,0.0,0.0,124.0,1086.25,0.0,2529.625,True,False,False
DDD,2014B,607946,Withdrawn,0.0,0.0,0.0,124.0,1086.25,0.0,2529.625,True,False,False
DDD,2014B,609267,Withdrawn,0.0,0.0,0.0,124.0,1086.25,0.0,2529.625,True,False,False
DDD,2014B,610129,Withdrawn,0.0,0.0,0.0,124.0,1086.25,0.0,2529.625,True,False,False
DDD,2014B,611988,Withdrawn,0.0,0.0,0.0,124.0,1086.25,0.0,2529.625,True,False,False
DDD,2014B,612111,Withdrawn,0.0,0.0,0.0,124.0,1086.25,0.0,2529.625,True,False,False
DDD,2014B,612805,Withdrawn,0.0,0.0,0.0,124.0,1086.25,0.0,2529.625,True,False,False
DDD,2014B,613617,Withdrawn,0.0,0.0,0.0,124.0,1086.25,0.0,2529.625,True,False,False
DDD,2014B,614879,Withdrawn,0.0,0.0,0.0,124.0,1086.25,0.0,2529.625,True,False,False
DDD,2014B,616388,Withdrawn,0.0,0.0,0.0,124.0,1086.25,0.0,2529.625,True,False,False
DDD,2014B,616874,Withdrawn,0.0,0.0,0.0,124.0,1086.25,0.0,2529.625,True,False,False
DDD,2014B,618300,Withdrawn,0.0,0.0,0.0,124.0,1086.25,0.0,2529.625,True,False,False
DDD,2014B,618583,Withdrawn,0.0,0.0,0.0,124.0,1086.25,0.0,2529.625,True,False,False
DDD,2014B,619908,Withdrawn,0.0,0.0,0.0,124.0,1086.25,0.0,2529.625,True,False,False
DDD,2014B,620508,Withdrawn,0.0,0.0,0.0,124.0,1086.25,0.0,2529.625,True,False,False
DDD,2014B,622256,Withdrawn,0.0,0.0,0.0,124.0,1086.25,0.0,2529.625,True,False,False
DDD,2014B,622333,Withdrawn,0.0,0.0,0.0,124.0,1086.25,0.0,2529.625,True,False,False
DDD,2014B,622626,Withdrawn,0.0,0.0,0.0,124.0,1086.25,0.0,2529.625,True,False,False
DDD,2014B,622968,Withdrawn,0.0,0.0,0.0,124.0,1086.25,0.0,2529.625,True,False,False
DDD,2014B,623601,Withdrawn,0.0,0.0,0.0,124.0,1086.25,0.0,2529.625,True,False,False
DDD,2014B,623997,Withdrawn,0.0,0.0,0.0,124.0,1086.25,0.0,2529.625,True,False,False
DDD,2014B,624492,Withdrawn,0.0,0.0,0.0,124.0,1086.25,0.0,2529.625,True,False,False
DDD,2014B,625568,Withdrawn,0.0,0.0,0.0,124.0,1086.25,0.0,2529.625,True,False,False
DDD,2014B,625913,Withdrawn,0.0,0.0,0.0,124.0,1086.25,0.0,2529.625,True,False,False
DDD,2014B,627690,Withdrawn,0.0,0.0,0.0,124.0,1086.25,0.0,2529.625,True,False,False
DDD,2014B,628150,Withdrawn,0.0,0.0,0.0,124.0,1086.25,0.0,2529.625,True,False,False
DDD,2014B,628437,Withdrawn,0.0,0.0,0.0,124.0,1086.25,0.0,2529.625,True,False,False
DDD,2014B,628858,Withdrawn,0.0,0.0,0.0,124.0,1086.25,0.0,2529.625,True,False,False
DDD,2014B,629442,Withdrawn,0.0,0.0,0.0,124.0,1086.25,0.0,2529.625,True,False,False
DDD,2014B,629673,Fail,0.0,0.0,0.0,124.0,1086.25,0.0,2529.625,True,False,False
DDD,2014B,629707,Withdrawn,0.0,0.0,0.0,124.0,1086.25,0.0,2529.625,True,False,False
DDD,2014B,629713,Withdrawn,0.0,0.0,0.0,124.0,1086.25,0.0,2529.625,True,False,False
DDD,2014B,631560,Withdrawn,0.0,0.0,0.0,124.0,1086.25,0.0,2529.625,True,False,False
DDD,2014B,631630,Withdrawn,0.0,0.0,0.0,124.0,1086.25,0.0,2529.625,True,False,False
DDD,2014B,632260,Withdrawn,0.0,0.0,0.0,124.0,1086.25,0.0,2529.625,True,False,False
DDD,2014B,632879,Withdrawn,0.0,0.0,0.0,124.0,1086.25,0.0,2529.625,True,False,False
DDD,2014B,632975,Withdrawn,0.0,0.0,0.0,124.0,1086.25,0.0,2529.625,True,False,False
DDD,2014B,835603,Withdrawn,0.0,0.0,0.0,124.0,1086.25,0.0,2529.625,True,False,False
DDD,2014B,1614808,Withdrawn,0.0,0.0,0.0,124.0,1086.25,0.0,2529.625,True,False,False
DDD,2014B,1845093,Withdrawn,0.0,0.0,0.0,124.0,1086.25,0.0,2529.625,True,False,False
DDD,2014B,2365009,Withdrawn,0.0,0.0,0.0,124.0,1086.25,0.0,2529.625,True,False,False
DDD,2014B,2485856,Fail,0.0,0.0,0.0,124.0,1086.25,0.0,2529.625,True,False,False
DDD,2014B,2499850,Withdrawn,0.0,0.0,0.0,124.0,1086.25,0.0,2529.625,True,False,False
DDD,2014B,2599201,Withdrawn,0.0,0.0,0.0,124.0,1086.25,0.0,2529.625,True,False,False
DDD,2014B,2621984,Withdrawn,0.0,0.0,0.0,124.0,1086.25,0.0,2529.625,True,False,False
DDD,2014B,2640853,Fail,0.0,0.0,0.0,124.0,1086.25,0.0,2529.625,True,False,False
DDD,2014B,2683696,Withdrawn,0.0,0.0,0.0,124.0,1086.25,0.0,2529.625,True,False,False
DDD,2014B,2710343,Fail,0.0,0.0,0.0,124.0,1086.25,0.0,2529.625,True,False,False
DDD,2014J,33387,Fail,0.0,0.0,0.0,111.0,936.0,0.0,2173.5,True,False,False
DDD,2014J,33897,Withdrawn,0.0,0.0,0.0,111.0,936.0,0.0,2173.5,True,False,False
DDD,2014J,36385,Withdrawn,0.0,0.0,0.0,111.0,936.0,0.0,2173.5,True,False,False
DDD,2014J,39208,Withdrawn,0.0,0.0,0.0,111.0,936.0,0.0,2173.5,True,False,False
DDD,2014J,51253,Withdrawn,0.0,0.0,0.0,111.0,936.0,0.0,2173.5,True,False,False
DDD,2014J,69239,Withdrawn,0.0,0.0,0.0,111.0,936.0,0.0,2173.5,True,False,False
DDD,2014J,75309,Withdrawn,0.0,0.0,0.0,111.0,936.0,0.0,2173.5,True,False,False
DDD,2014J,101187,Withdrawn,0.0,0.0,0.0,111.0,936.0,0.0,2173.5,True,False,False
DDD,2014J,104215,Withdrawn,0.0,0.0,0.0,111.0,936.0,0.0,2173.5,True,False,False
DDD,2014J,111415,Withdrawn,0.0,0.0,0.0,111.0,936.0,0.0,2173.5,True,False,False
DDD,2014J,124210,Withdrawn,0.0,0.0,0.0,111.0,936.0,0.0,2173.5,True,False,False
DDD,2014J,236150,Withdrawn,0.0,0.0,0.0,111.0,936.0,0.0,2173.5,True,False,False
DDD,2014J,260639,Withdrawn,0.0,0.0,0.0,111.0,936.0,0.0,2173.5,True,False,False
DDD,2014J,264601,Withdrawn,0.0,0.0,0.0,111.0,936.0,0.0,2173.5,True,False,False
DDD,2014J,288762,Withdrawn,0.0,0.0,0.0,111.0,936.0,0.0,2173.5,True,False,False
DDD,2014J,306754,Withdrawn,0.0,0.0,0.0,111.0,936.0,0.0,2173.5,True,False,False
DDD,2014J,309258,Withdrawn,0.0,0.0,0.0,111.0,936.0,0.0,2173.5,True,False,False
DDD,2014J,323025,Withdrawn,0.0,0.0,0.0,111.0,936.0,0.0,2173.5,True,False,False
DDD,2014J,333823,Fail,0.0,0.0,0.0,111.0,936.0,0.0,2173.5,True,False,False
DDD,2014J,350361,Withdrawn,0.0,0.0,0.0,111.0,936.0,0.0,2173.5,True,False,False
DDD,2014J,373795,Withdrawn,0.0,0.0,0.0,111.0,936.0,0.0,2173.5,True,False,False
DDD,2014J,392250,Withdrawn,0.0,0.0,0.0,111.0,936.0,0.0,2173.5,True,False,False
DDD,2014J,402829,Withdrawn,0.0,0.0,0.0,111.0,936.0,0.0,2173.5,True,False,False
DDD,2014J,417157,Withdrawn,0.0,0.0,0.0,111.0,936.0,0.0,2173.5,True,False,False
DDD,2014J,421242,Withdrawn,0.0,0.0,0.0,111.0,936.0,0.0,2173.5,True,False,False
DDD,2014J,423650,Withdrawn,0.0,0.0,0.0,111.0,936.0,0.0,2173.5,True,False,False
DDD,2014J,425393,Withdrawn,0.0,0.0,0.0,111.0,936.0,0.0,2173.5,True,False,False
DDD,2014J,435536,Withdrawn,0.0,0.0,0.0,111.0,936.0,0.0,2173.5,True,False,False
DDD,2014J,442191,Withdrawn,0.0,0.0,0.0,111.0,936.0,0.0,2173.5,True,False,False
DDD,2014J,444388,Withdrawn,0.0,0.0,0.0,111.0,936.0,0.0,2173.5,True,False,False
DDD,2014J,444625,Withdrawn,0.0,0.0,0.0,111.0,936.0,0.0,2173.5,True,False,False
DDD,2014J,445474,Withdrawn,0.0,0.0,0.0,111.0,936.0,0.0,2173.5,True,False,False
DDD,2014J,445595,Withdrawn,0.0,0.0,0.0,111.0,936.0,0.0,2173.5,True,False,False
DDD,2014J,447393,Withdrawn,0.0,0.0,0.0,111.0,936.0,0.0,2173.5,True,False,False
DDD,2014J,466956,Withdrawn,0.0,0.0,0.0,111.0,936.0,0.0,2173.5,True,False,False
DDD,2014J,471781,Withdrawn,0.0,0.0,0.0,111.0,936.0,0.0,2173.5,True,False,False
DDD,2014J,472649,Withdrawn,0.0,0.0,0.0,111.0,936.0,0.0,2173.5,True,False,False
DDD,2014J,483343,Withdrawn,0.0,0.0,0.0,111.0,936.0,0.0,2173.5,True,False,False
DDD,2014J,484171,Withdrawn,0.0,0.0,0.0,111.0,936.0,0.0,2173.5,True,False,False
DDD,2014J,486539,Withdrawn,0.0,0.0,0.0,111.0,936.0,0.0,2173.5,True,False,False
DDD,2014J,492254,Withdrawn,0.0,0.0,0.0,111.0,936.0,0.0,2173.5,True,False,False
DDD,2014J,495762,Withdrawn,0.0,0.0,0.0,111.0,936.0,0.0,2173.5,True,False,False
DDD,2014J,498326,Withdrawn,0.0,0.0,0.0,111.0,936.0,0.0,2173.5,True,False,False
DDD,2014J,500339,Withdrawn,0.0,0.0,0.0,111.0,936.0,0.0,2173.5,True,False,False
DDD,2014J,513356,Withdrawn,0.0,0.0,0.0,111.0,936.0,0.0,2173.5,True,False,False
DDD,2014J,524020,Withdrawn,0.0,0.0,0.0,111.0,936.0,0.0,2173.5,True,False,False
DDD,2014J,530807,Withdrawn,0.0,0.0,0.0,111.0,936.0,0.0,2173.5,True,False,False
DDD,2014J,540885,Withdrawn,0.0,0.0,0.0,111.0,936.0,0.0,2173.5,True,False,False
DDD,2014J,547464,Withdrawn,0.0,0.0,0.0,111.0,936.0,0.0,2173.5,True,False,False
DDD,2014J,549337,Fail,0.0,0.0,0.0,111.0,936.0,0.0,2173.5,True,False,False
DDD,2014J,559882,Withdrawn,0.0,0.0,0.0,111.0,936.0,0.0,2173.5,True,False,False
DDD,2014J,566560,Withdrawn,0.0,0.0,0.0,111.0,936.0,0.0,2173.5,True,False,False
DDD,2014J,567597,Withdrawn,0.0,0.0,0.0,111.0,936.0,0.0,2173.5,True,False,False
DDD,2014J,572043,Withdrawn,0.0,0.0,0.0,111.0,936.0,0.0,2173.5,True,False,False
DDD,2014J,572413,Withdrawn,0.0,0.0,0.0,111.0,936.0,0.0,2173.5,True,False,False
DDD,2014J,575272,Withdrawn,0.0,0.0,0.0,111.0,936.0,0.0,2173.5,True,False,False
DDD,2014J,588383,Withdrawn,0.0,0.0,0.0,111.0,936.0,0.0,2173.5,True,False,False
DDD,2014J,594164,Withdrawn,0.0,0.0,0.0,111.0,936.0,0.0,2173.5,True,False,False
DDD,2014J,599742,Withdrawn,0.0,0.0,0.0,111.0,936.0,0.0,2173.5,True,False,False
DDD,2014J,599877,Withdrawn,0.0,0.0,0.0,111.0,936.0,0.0,2173.5,True,False,False
DDD,2014J,606247,Withdrawn,0.0,0.0,0.0,111.0,936.0,0.0,2173.5,True,False,False
DDD,2014J,607110,Fail,0.0,0.0,0.0,111.0,936.0,0.0,2173.5,True,False,False
DDD,2014J,609681,Withdrawn,0.0,0.0,0.0,111.0,936.0,0.0,2173.5,True,False,False
DDD,2014J,614499,Withdrawn,0.0,0.0,0.0,111.0,936.0,0.0,2173.5,True,False,False
DDD,2014J,618825,Withdrawn,0.0,0.0,0.0,111.0,936.0,0.0,2173.5,True,False,False
DDD,2014J,620676,Withdrawn,0.0,0.0,0.0,111.0,936.0,0.0,2173.5,True,False,False
DDD,2014J,623224,Withdrawn,0.0,0.0,0.0,111.0,936.0,0.0,2173.5,True,False,False
DDD,2014J,623586,Withdrawn,0.0,0.0,0.0,111.0,936.0,0.0,2173.5,True,False,False
DDD,2014J,624631,Withdrawn,0.0,0.0,0.0,111.0,936.0,0.0,2173.5,True,False,False
DDD,2014J,625012,Withdrawn,0.0,0.0,0.0,111.0,936.0,0.0,2173.5,True,False,False
DDD,2014J,625013,Withdrawn,0.0,0.0,0.0,111.0,936.0,0.0,2173.5,True,False,False
DDD,2014J,626151,Withdrawn,0.0,0.0,0.0,111.0,936.0,0.0,2173.5,True,False,False
DDD,2014J,626552,Withdrawn,0.0,0.0,0.0,111.0,936.0,0.0,2173.5,True,False,False
DDD,2014J,626799,Withdrawn,0.0,0.0,0.0,111.0,936.0,0.0,2173.5,True,False,False
DDD,2014J,628685,Withdrawn,0.0,0.0,0.0,111.0,936.0,0.0,2173.5,True,False,False
DDD,2014J,632473,Withdrawn,0.0,0.0,0.0,111.0,936.0,0.0,2173.5,True,False,False
DDD,2014J,633525,Withdrawn,0.0,0.0,0.0,111.0,936.0,0.0,2173.5,True,False,False
DDD,2014J,635071,Withdrawn,0.0,0.0,0.0,111.0,936.0,0.0,2173.5,True,False,False
DDD,2014J,636590,Withdrawn,0.0,0.0,0.0,111.0,936.0,0.0,2173.5,True,False,False
DDD,2014J,636712,Withdrawn,0.0,0.0,0.0,111.0,936.0,0.0,2173.5,True,False,False
DDD,2014J,638358,Withdrawn,0.0,0.0,0.0,111.0,936.0,0.0,2173.5,True,False,False
DDD,2014J,638657,Withdrawn,0.0,0.0,0.0,111.0,936.0,0.0,2173.5,True,False,False
DDD,2014J,640054,Withdrawn,0.0,0.0,0.0,111.0,936.0,0.0,2173.5,True,False,False
DDD,2014J,641613,Withdrawn,0.0,0.0,0.0,111.0,936.0,0.0,2173.5,True,False,False
DDD,2014J,642785,Withdrawn,0.0,0.0,0.0,111.0,936.0,0.0,2173.5,True,False,False
DDD,2014J,643021,Withdrawn,0.0,0.0,0.0,111.0,936.0,0.0,2173.5,True,False,False
DDD,2014J,644881,Withdrawn,0.0,0.0,0.0,111.0,936.0,0.0,2173.5,True,False,False
DDD,2014J,645710,Withdrawn,0.0,0.0,0.0,111.0,936.0,0.0,2173.5,True,False,False
DDD,2014J,645738,Withdrawn,0.0,0.0,0.0,111.0,936.0,0.0,2173.5,True,False,False
DDD,2014J,645850,Withdrawn,0.0,0.0,0.0,111.0,936.0,0.0,2173.5,True,False,False
DDD,2014J,645906,Withdrawn,0.0,0.0,0.0,111.0,936.0,0.0,2173.5,True,False,False
DDD,2014J,646020,Withdrawn,0.0,0.0,0.0,111.0,936.0,0.0,2173.5,True,False,False
DDD,2014J,646027,Withdrawn,0.0,0.0,0.0,111.0,936.0,0.0,2173.5,True,False,False
DDD,2014J,646086,Withdrawn,0.0,0.0,0.0,111.0,936.0,0.0,2173.5,True,False,False
DDD,2014J,646755,Withdrawn,0.0,0.0,0.0,111.0,936.0,0.0,2173.5,True,False,False
DDD,2014J,647468,Withdrawn,0.0,0.0,0.0,111.0,936.0,0.0,2173.5,True,False,False
DDD,2014J,647953,Withdrawn,0.0,0.0,0.0,111.0,936.0,0.0,2173.5,True,False,False
DDD,2014J,648237,Fail,0.0,0.0,0.0,111.0,936.0,0.0,2173.5,True,False,False
DDD,2014J,648888,Withdrawn,0.0,0.0,0.0,111.0,936.0,0.0,2173.5,True,False,False
DDD,2014J,648966,Withdrawn,0.0,0.0,0.0,111.0,936.0,0.0,2173.5,True,False,False
DDD,2014J,649230,Withdrawn,0.0,0.0,0.0,111.0,936.0,0.0,2173.5,True,False,False
DDD,2014J,649689,Withdrawn,0.0,0.0,0.0,111.0,936.0,0.0,2173.5,True,False,False
DDD,2014J,650829,Withdrawn,0.0,0.0,0.0,111.0,936.0,0.0,2173.5,True,False,False
DDD,2014J,651651,Withdrawn,0.0,0.0,0.0,111.0,936.0,0.0,2173.5,True,False,False
DDD,2014J,652406,Withdrawn,0.0,0.0,0.0,111.0,936.0,0.0,2173.5,True,False,False
DDD,2014J,652531,Withdrawn,0.0,0.0,0.0,111.0,936.0,0.0,2173.5,True,False,False
DDD,2014J,653723,Withdrawn,0.0,0.0,0.0,111.0,936.0,0.0,2173.5,True,False,False
DDD,2014J,653770,Withdrawn,0.0,0.0,0.0,111.0,936.0,0.0,2173.5,True,False,False
DDD,2014J,653771,Withdrawn,0.0,0.0,0.0,111.0,936.0,0.0,2173.5,True,False,False
DDD,2014J,653977,Withdrawn,0.0,0.0,0.0,111.0,936.0,0.0,2173.5,True,False,False
DDD,2014J,654828,Withdrawn,0.0,0.0,0.0,111.0,936.0,0.0,2173.5,True,False,False
DDD,2014J,655254,Withdrawn,0.0,0.0,0.0,111.0,936.0,0.0,2173.5,True,False,False
DDD,2014J,655761,Withdrawn,0.0,0.0,0.0,111.0,936.0,0.0,2173.5,True,False,False
DDD,2014J,656009,Withdrawn,0.0,0.0,0.0,111.0,936.0,0.0,2173.5,True,False,False
DDD,2014J,657161,Withdrawn,0.0,0.0,0.0,111.0,936.0,0.0,2173.5,True,False,False
DDD,2014J,674219,Withdrawn,0.0,0.0,0.0,111.0,936.0,0.0,2173.5,True,False,False
DDD,2014J,674361,Withdrawn,0.0,0.0,0.0,111.0,936.0,0.0,2173.5,True,False,False
DDD,2014J,677012,Withdrawn,0.0,0.0,0.0,111.0,936.0,0.0,2173.5,True,False,False
DDD,2014J,677449,Withdrawn,0.0,0.0,0.0,111.0,936.0,0.0,2173.5,True,False,False
DDD,2014J,678246,Withdrawn,0.0,0.0,0.0,111.0,936.0,0.0,2173.5,True,False,False
DDD,2014J,678382,Withdrawn,0.0,0.0,0.0,111.0,936.0,0.0,2173.5,True,False,False
DDD,2014J,679234,Withdrawn,0.0,0.0,0.0,111.0,936.0,0.0,2173.5,True,False,False
DDD,2014J,680846,Withdrawn,0.0,0.0,0.0,111.0,936.0,0.0,2173.5,True,False,False
DDD,2014J,681638,Withdrawn,0.0,0.0,0.0,111.0,936.0,0.0,2173.5,True,False,False
DDD,2014J,681960,Withdrawn,0.0,0.0,0.0,111.0,936.0,0.0,2173.5,True,False,False
DDD,2014J,682242,Fail,0.0,0.0,0.0,111.0,936.0,0.0,2173.5,True,False,False
DDD,2014J,683340,Withdrawn,0.0,0.0,0.0,111.0,936.0,0.0,2173.5,True,False,False
DDD,2014J,684215,Withdrawn,0.0,0.0,0.0,111.0,936.0,0.0,2173.5,True,False,False
DDD,2014J,684886,Withdrawn,0.0,0.0,0.0,111.0,936.0,0.0,2173.5,True,False,False
DDD,2014J,684887,Withdrawn,0.0,0.0,0.0,111.0,936.0,0.0,2173.5,True,False,False
DDD,2014J,685403,Withdrawn,0.0,0.0,0.0,111.0,936.0,0.0,2173.5,True,False,False
DDD,2014J,685661,Withdrawn,0.0,0.0,0.0,111.0,936.0,0.0,2173.5,True,False,False
DDD,2014J,688285,Withdrawn,0.0,0.0,0.0,111.0,936.0,0.0,2173.5,True,False,False
DDD,2014J,688615,Withdrawn,0.0,0.0,0.0,111.0,936.0,0.0,2173.5,True,False,False
DDD,2014J,688672,Withdrawn,0.0,0.0,0.0,111.0,936.0,0.0,2173.5,True,False,False
DDD,2014J,688805,Withdrawn,0.0,0.0,0.0,111.0,936.0,0.0,2173.5,True,False,False
DDD,2014J,691008,Withdrawn,0.0,0.0,0.0,111.0,936.0,0.0,2173.5,True,False,False
DDD,2014J,692664,Withdrawn,0.0,0.0,0.0,111.0,936.0,0.0,2173.5,True,False,False
DDD,2014J,693926,Withdrawn,0.0,0.0,0.0,111.0,936.0,0.0,2173.5,True,False,False
DDD,2014J,694802,Withdrawn,0.0,0.0,0.0,111.0,936.0,0.0,2173.5,True,False,False
DDD,2014J,695473,Withdrawn,0.0,0.0,0.0,111.0,936.0,0.0,2173.5,True,False,False
DDD,2014J,697390,Withdrawn,0.0,0.0,0.0,111.0,936.0,0.0,2173.5,True,False,False
DDD,2014J,1373661,Withdrawn,0.0,0.0,0.0,111.0,936.0,0.0,2173.5,True,False,False
DDD,2014J,1794309,Withdrawn,0.0,0.0,0.0,111.0,936.0,0.0,2173.5,True,False,False
DDD,2014J,1811098,Withdrawn,0.0,0.0,0.0,111.0,936.0,0.0,2173.5,True,False,False
DDD,2014J,2014252,Withdrawn,0.0,0.0,0.0,111.0,936.0,0.0,2173.5,True,False,False
DDD,2014J,2106468,Withdrawn,0.0,0.0,0.0,111.0,936.0,0.0,2173.5,True,False,False
DDD,2014J,2348143,Withdrawn,0.0,0.0,0.0,111.0,936.0,0.0,2173.5,True,False,False
DDD,2014J,2369962,Withdrawn,0.0,0.0,0.0,111.0,936.0,0.0,2173.5,True,False,False
DDD,2014J,2524969,Withdrawn,0.0,0.0,0.0,111.0,936.0,0.0,2173.5,True,False,False
DDD,2014J,2599883,Withdrawn,0.0,0.0,0.0,111.0,936.0,0.0,2173.5,True,False,False
DDD,2014J,2600000,Withdrawn,0.0,0.0,0.0,111.0,936.0,0.0,2173.5,True,False,False
DDD,2014J,2639205,Withdrawn,0.0,0.0,0.0,111.0,936.0,0.0,2173.5,True,False,False
DDD,2014J,2672908,Withdrawn,0.0,0.0,0.0,111.0,936.0,0.0,2173.5,True,False,False
DDD,2014J,2698109,Withdrawn,0.0,0.0,0.0,111.0,936.0,0.0,2173.5,True,False,False
DDD,2014J,2716795,Withdrawn,0.0,0.0,0.0,111.0,936.0,0.0,2173.5,True,False,False
EEE,2013J,32553,Withdrawn,0.0,0.0,0.0,400.0,2044.5,0.0,4511.25,True,False,False
EEE,2013J,100758,Withdrawn,0.0,0.0,0.0,400.0,2044.5,0.0,4511.25,True,False,False
EEE,2013J,101414,Withdrawn,0.0,0.0,0.0,400.0,2044.5,0.0,4511.25,True,False,False
EEE,2013J,111383,Withdrawn,0.0,0.0,0.0,400.0,2044.5,0.0,4511.25,True,False,False
EEE,2013J,125619,Withdrawn,0.0,0.0,0.0,400.0,2044.5,0.0,4511.25,True,False,False
EEE,2013J,141301,Withdrawn,0.0,0.0,0.0,400.0,2044.5,0.0,4511.25,True,False,False
EEE,2013J,171107,Withdrawn,0.0,0.0,0.0,400.0,2044.5,0.0,4511.25,True,False,False
EEE,2013J,197730,Withdrawn,0.0,0.0,0.0,400.0,2044.5,0.0,4511.25,True,False,False
EEE,2013J,227811,Withdrawn,0.0,0.0,0.0,400.0,2044.5,0.0,4511.25,True,False,False
EEE,2013J,231673,Withdrawn,0.0,0.0,0.0,400.0,2044.5,0.0,4511.25,True,False,False
EEE,2013J,238249,Fail,0.0,0.0,0.0,400.0,2044.5,0.0,4511.25,True,False,False
EEE,2013J,248734,Withdrawn,0.0,0.0,0.0,400.0,2044.5,0.0,4511.25,True,False,False
EEE,2013J,278786,Withdrawn,0.0,0.0,0.0,400.0,2044.5,0.0,4511.25,True,False,False
EEE,2013J,283811,Withdrawn,0.0,0.0,0.0,400.0,2044.5,0.0,4511.25,True,False,False
EEE,2013J,330354,Withdrawn,0.0,0.0,0.0,400.0,2044.5,0.0,4511.25,True,False,False
EEE,2013J,339353,Withdrawn,0.0,0.0,0.0,400.0,2044.5,0.0,4511.25,True,False,False
EEE,2013J,355205,Withdrawn,0.0,0.0,0.0,400.0,2044.5,0.0,4511.25,True,False,False
EEE,2013J,357493,Fail,0.0,0.0,0.0,400.0,2044.5,0.0,4511.25,True,False,False
EEE,2013J,392250,Withdrawn,0.0,0.0,0.0,400.0,2044.5,0.0,4511.25,True,False,False
EEE,2013J,413190,Fail,0.0,0.0,0.0,400.0,2044.5,0.0,4511.25,True,False,False
EEE,2013J,466430,Withdrawn,0.0,0.0,0.0,400.0,2044.5,0.0,4511.25,True,False,False
EEE,2013J,470002,Withdrawn,0.0,0.0,0.0,400.0,2044.5,0.0,4511.25,True,False,False
EEE,2013J,470674,Withdrawn,0.0,0.0,0.0,400.0,2044.5,0.0,4511.25,True,False,False
EEE,2013J,481934,Withdrawn,0.0,0.0,0.0,400.0,2044.5,0.0,4511.25,True,False,False
EEE,2013J,484361,Fail,0.0,0.0,0.0,400.0,2044.5,0.0,4511.25,True,False,False
EEE,2013J,493743,Withdrawn,0.0,0.0,0.0,400.0,2044.5,0.0,4511.25,True,False,False
EEE,2013J,494383,Withdrawn,0.0,0.0,0.0,400.0,2044.5,0.0,4511.25,True,False,False
EEE,2013J,520337,Withdrawn,0.0,0.0,0.0,400.0,2044.5,0.0,4511.25,True,False,False
EEE,2013J,555020,Withdrawn,0.0,0.0,0.0,400.0,2044.5,0.0,4511.25,True,False,False
EEE,2013J,555925,Withdrawn,0.0,0.0,0.0,400.0,2044.5,0.0,4511.25,True,False,False
EEE,2013J,556836,Withdrawn,0.0,0.0,0.0,400.0,2044.5,0.0,4511.25,True,False,False
EEE,2013J,562675,Withdrawn,0.0,0.0,0.0,400.0,2044.5,0.0,4511.25,True,False,False
EEE,2013J,565275,Withdrawn,0.0,0.0,0.0,400.0,2044.5,0.0,4511.25,True,False,False
EEE,2013J,566306,Withdrawn,0.0,0.0,0.0,400.0,2044.5,0.0,4511.25,True,False,False
EEE,2013J,566970,Withdrawn,0.0,0.0,0.0,400.0,2044.5,0.0,4511.25,True,False,False
EEE,2013J,568751,Withdrawn,0.0,0.0,0.0,400.0,2044.5,0.0,4511.25,True,False,False
EEE,2013J,571617,Withdrawn,0.0,0.0,0.0,400.0,2044.5,0.0,4511.25,True,False,False
EEE,2013J,571754,Withdrawn,0.0,0.0,0.0,400.0,2044.5,0.0,4511.25,True,False,False
EEE,2013J,572186,Withdrawn,0.0,0.0,0.0,400.0,2044.5,0.0,4511.25,True,False,False
EEE,2013J,572658,Withdrawn,0.0,0.0,0.0,400.0,2044.5,0.0,4511.25,True,False,False
EEE,2013J,573110,Withdrawn,0.0,0.0,0.0,400.0,2044.5,0.0,4511.25,True,False,False
EEE,2013J,573242,Withdrawn,0.0,0.0,0.0,400.0,2044.5,0.0,4511.25,True,False,False
EEE,2013J,573244,Withdrawn,0.0,0.0,0.0,400.0,2044.5,0.0,4511.25,True,False,False
EEE,2013J,574399,Fail,0.0,0.0,0.0,400.0,2044.5,0.0,4511.25,True,False,False
EEE,2013J,575469,Withdrawn,0.0,0.0,0.0,400.0,2044.5,0.0,4511.25,True,False,False
EEE,2013J,576298,Withdrawn,0.0,0.0,0.0,400.0,2044.5,0.0,4511.25,True,False,False
EEE,2013J,577352,Withdrawn,0.0,0.0,0.0,400.0,2044.5,0.0,4511.25,True,False,False
EEE,2013J,577603,Withdrawn,0.0,0.0,0.0,400.0,2044.5,0.0,4511.25,True,False,False
EEE,2013J,578722,Withdrawn,0.0,0.0,0.0,400.0,2044.5,0.0,4511.25,True,False,False
EEE,2013J,579098,Withdrawn,0.0,0.0,0.0,400.0,2044.5,0.0,4511.25,True,False,False
EEE,2013J,579321,Withdrawn,0.0,0.0,0.0,400.0,2044.5,0.0,4511.25,True,False,False
EEE,2013J,579604,Fail,0.0,0.0,0.0,400.0,2044.5,0.0,4511.25,True,False,False
EEE,2013J,581047,Withdrawn,0.0,0.0,0.0,400.0,2044.5,0.0,4511.25,True,False,False
EEE,2013J,581453,Withdrawn,0.0,0.0,0.0,400.0,2044.5,0.0,4511.25,True,False,False
EEE,2013J,583427,Withdrawn,0.0,0.0,0.0,400.0,2044.5,0.0,4511.25,True,False,False
EEE,2013J,583844,Withdrawn,0.0,0.0,0.0,400.0,2044.5,0.0,4511.25,True,False,False
EEE,2013J,585056,Withdrawn,0.0,0.0,0.0,400.0,2044.5,0.0,4511.25,True,False,False
EEE,2013J,585758,Fail,0.0,0.0,0.0,400.0,2044.5,0.0,4511.25,True,False,False
EEE,2013J,586314,Fail,0.0,0.0,0.0,400.0,2044.5,0.0,4511.25,True,False,False
EEE,2013J,586587,Withdrawn,0.0,0.0,0.0,400.0,2044.5,0.0,4511.25,True,False,False
EEE,2013J,587226,Fail,0.0,0.0,0.0,400.0,2044.5,0.0,4511.25,True,False,False
EEE,2013J,588383,Withdrawn,0.0,0.0,0.0,400.0,2044.5,0.0,4511.25,True,False,False
EEE,2013J,588694,Withdrawn,0.0,0.0,0.0,400.0,2044.5,0.0,4511.25,True,False,False
EEE,2013J,588852,Withdrawn,0.0,0.0,0.0,400.0,2044.5,0.0,4511.25,True,False,False
EEE,2013J,589472,Withdrawn,0.0,0.0,0.0,400.0,2044.5,0.0,4511.25,True,False,False
EEE,2013J,589484,Withdrawn,0.0,0.0,0.0,400.0,2044.5,0.0,4511.25,True,False,False
EEE,2013J,590942,Withdrawn,0.0,0.0,0.0,400.0,2044.5,0.0,4511.25,True,False,False
EEE,2013J,591178,Withdrawn,0.0,0.0,0.0,400.0,2044.5,0.0,4511.25,True,False,False
EEE,2013J,594458,Fail,0.0,0.0,0.0,400.0,2044.5,0.0,4511.25,True,False,False
EEE,2013J,595077,Withdrawn,0.0,0.0,0.0,400.0,2044.5,0.0,4511.25,True,False,False
EEE,2013J,595453,Withdrawn,0.0,0.0,0.0,400.0,2044.5,0.0,4511.25,True,False,False
EEE,2013J,599263,Withdrawn,0.0,0.0,0.0,400.0,2044.5,0.0,4511.25,True,False,False
EEE,2013J,599520,Withdrawn,0.0,0.0,0.0,400.0,2044.5,0.0,4511.25,True,False,False
EEE,2013J,600077,Fail,0.0,0.0,0.0,400.0,2044.5,0.0,4511.25,True,False,False
EEE,2013J,600623,Withdrawn,0.0,0.0,0.0,400.0,2044.5,0.0,4511.25,True,False,False
EEE,2013J,602659,Withdrawn,0.0,0.0,0.0,400.0,2044.5,0.0,4511.25,True,False,False
EEE,2013J,603053,Fail,0.0,0.0,0.0,400.0,2044.5,0.0,4511.25,True,False,False
EEE,2013J,605262,Withdrawn,0.0,0.0,0.0,400.0,2044.5,0.0,4511.25,True,False,False
EEE,2013J,605926,Withdrawn,0.0,0.0,0.0,400.0,2044.5,0.0,4511.25,True,False,False
EEE,2013J,606303,Withdrawn,0.0,0.0,0.0,400.0,2044.5,0.0,4511.25,True,False,False
EEE,2013J,607883,Withdrawn,0.0,0.0,0.0,400.0,2044.5,0.0,4511.25,True,False,False
EEE,2013J,609490,Withdrawn,0.0,0.0,0.0,400.0,2044.5,0.0,4511.25,True,False,False
EEE,2013J,611565,Withdrawn,0.0,0.0,0.0,400.0,2044.5,0.0,4511.25,True,False,False
EEE,2013J,2128283,Withdrawn,0.0,0.0,0.0,400.0,2044.5,0.0,4511.25,True,False,False
EEE,2013J,2198356,Withdrawn,0.0,0.0,0.0,400.0,2044.5,0.0,4511.25,True,False,False
EEE,2013J,2384615,Withdrawn,0.0,0.0,0.0,400.0,2044.5,0.0,4511.25,True,False,False
EEE,2013J,2435050,Withdrawn,0.0,0.0,0.0,400.0,2044.5,0.0,4511.25,True,False,False
EEE,2013J,2518880,Fail,0.0,0.0,0.0,400.0,2044.5,0.0,4511.25,True,False,False
EEE,2014B,69239,Withdrawn,0.0,0.0,0.0,258.25,1732.75,0.0,3944.5,True,False,False
EEE,2014B,121574,Fail,0.0,0.0,0.0,258.25,1732.75,0.0,3944.5,True,False,False
EEE,2014B,174512,Withdrawn,0.0,0.0,0.0,258.25,1732.75,0.0,3944.5,True,False,False
EEE,2014B,261042,Fail,0.0,0.0,0.0,258.25,1732.75,0.0,3944.5,True,False,False
EEE,2014B,272103,Fail,0.0,0.0,0.0,258.25,1732.75,0.0,3944.5,True,False,False
EEE,2014B,294578,Withdrawn,0.0,0.0,0.0,258.25,1732.75,0.0,3944.5,True,False,False
EEE,2014B,303774,Withdrawn,0.0,0.0,0.0,258.25,1732.75,0.0,3944.5,True,False,False
EEE,2014B,321112,Withdrawn,0.0,0.0,0.0,258.25,1732.75,0.0,3944.5,True,False,False
EEE,2014B,339353,Withdrawn,0.0,0.0,0.0,258.25,1732.75,0.0,3944.5,True,False,False
EEE,2014B,488828,Fail,0.0,0.0,0.0,258.25,1732.75,0.0,3944.5,True,False,False
EEE,2014B,497047,Withdrawn,0.0,0.0,0.0,258.25,1732.75,0.0,3944.5,True,False,False
EEE,2014B,498261,Withdrawn,0.0,0.0,0.0,258.25,1732.75,0.0,3944.5,True,False,False
EEE,2014B,505333,Fail,0.0,0.0,0.0,258.25,1732.75,0.0,3944.5,True,False,False
EEE,2014B,510545,Withdrawn,0.0,0.0,0.0,258.25,1732.75,0.0,3944.5,True,False,False
EEE,2014B,532570,Withdrawn,0.0,0.0,0.0,258.25,1732.75,0.0,3944.5,True,False,False
EEE,2014B,547100,Fail,0.0,0.0,0.0,258.25,1732.75,0.0,3944.5,True,False,False
EEE,2014B,553914,Withdrawn,0.0,0.0,0.0,258.25,1732.75,0.0,3944.5,True,False,False
EEE,2014B,558342,Withdrawn,0.0,0.0,0.0,258.25,1732.75,0.0,3944.5,True,False,False
EEE,2014B,565275,Withdrawn,0.0,0.0,0.0,258.25,1732.75,0.0,3944.5,True,False,False
EEE,2014B,569342,Withdrawn,0.0,0.0,0.0,258.25,1732.75,0.0,3944.5,True,False,False
EEE,2014B,571946,Withdrawn,0.0,0.0,0.0,258.25,1732.75,0.0,3944.5,True,False,False
EEE,2014B,573072,Withdrawn,0.0,0.0,0.0,258.25,1732.75,0.0,3944.5,True,False,False
EEE,2014B,577352,Fail,0.0,0.0,0.0,258.25,1732.75,0.0,3944.5,True,False,False
EEE,2014B,589083,Withdrawn,0.0,0.0,0.0,258.25,1732.75,0.0,3944.5,True,False,False
EEE,2014B,592080,Withdrawn,0.0,0.0,0.0,258.25,1732.75,0.0,3944.5,True,False,False
EEE,2014B,593941,Withdrawn,0.0,0.0,0.0,258.25,1732.75,0.0,3944.5,True,False,False
EEE,2014B,600879,Withdrawn,0.0,0.0,0.0,258.25,1732.75,0.0,3944.5,True,False,False
EEE,2014B,601248,Fail,0.0,0.0,0.0,258.25,1732.75,0.0,3944.5,True,False,False
EEE,2014B,604078,Withdrawn,0.0,0.0,0.0,258.25,1732.75,0.0,3944.5,True,False,False
EEE,2014B,604665,Withdrawn,0.0,0.0,0.0,258.25,1732.75,0.0,3944.5,True,False,False
EEE,2014B,605130,Withdrawn,0.0,0.0,0.0,258.25,1732.75,0.0,3944.5,True,False,False
EEE,2014B,605136,Withdrawn,0.0,0.0,0.0,258.25,1732.75,0.0,3944.5,True,False,False
EEE,2014B,606025,Withdrawn,0.0,0.0,0.0,258.25,1732.75,0.0,3944.5,True,False,False
EEE,2014B,606290,Withdrawn,0.0,0.0,0.0,258.25,1732.75,0.0,3944.5,True,False,False
EEE,2014B,607703,Withdrawn,0.0,0.0,0.0,258.25,1732.75,0.0,3944.5,True,False,False
EEE,2014B,608694,Withdrawn,0.0,0.0,0.0,258.25,1732.75,0.0,3944.5,True,False,False
EEE,2014B,609241,Withdrawn,0.0,0.0,0.0,258.25,1732.75,0.0,3944.5,True,False,False
EEE,2014B,609605,Withdrawn,0.0,0.0,0.0,258.25,1732.75,0.0,3944.5,True,False,False
EEE,2014B,612124,Withdrawn,0.0,0.0,0.0,258.25,1732.75,0.0,3944.5,True,False,False
EEE,2014B,613120,Withdrawn,0.0,0.0,0.0,258.25,1732.75,0.0,3944.5,True,False,False
EEE,2014B,616976,Withdrawn,0.0,0.0,0.0,258.25,1732.75,0.0,3944.5,True,False,False
EEE,2014B,617309,Withdrawn,0.0,0.0,0.0,258.25,1732.75,0.0,3944.5,True,False,False
EEE,2014B,618514,Withdrawn,0.0,0.0,0.0,258.25,1732.75,0.0,3944.5,True,False,False
EEE,2014B,618701,Withdrawn,0.0,0.0,0.0,258.25,1732.75,0.0,3944.5,True,False,False
EEE,2014B,618768,Withdrawn,0.0,0.0,0.0,258.25,1732.75,0.0,3944.5,True,False,False
EEE,2014B,619887,Withdrawn,0.0,0.0,0.0,258.25,1732.75,0.0,3944.5,True,False,False
EEE,2014B,620434,Withdrawn,0.0,0.0,0.0,258.25,1732.75,0.0,3944.5,True,False,False
EEE,2014B,620713,Withdrawn,0.0,0.0,0.0,258.25,1732.75,0.0,3944.5,True,False,False
EEE,2014B,621853,Withdrawn,0.0,0.0,0.0,258.25,1732.75,0.0,3944.5,True,False,False
EEE,2014B,623111,Withdrawn,0.0,0.0,0.0,258.25,1732.75,0.0,3944.5,True,False,False
EEE,2014B,625207,Withdrawn,0.0,0.0,0.0,258.25,1732.75,0.0,3944.5,True,False,False
EEE,2014B,625774,Withdrawn,0.0,0.0,0.0,258.25,1732.75,0.0,3944.5,True,False,False
EEE,2014B,626789,Withdrawn,0.0,0.0,0.0,258.25,1732.75,0.0,3944.5,True,False,False
EEE,2014B,628686,Withdrawn,0.0,0.0,0.0,258.25,1732.75,0.0,3944.5,True,False,False
EEE,2014B,628993,Withdrawn,0.0,0.0,0.0,258.25,1732.75,0.0,3944.5,True,False,False
EEE,2014B,629234,Withdrawn,0.0,0.0,0.0,258.25,1732.75,0.0,3944.5,True,False,False
EEE,2014B,629421,Withdrawn,0.0,0.0,0.0,258.25,1732.75,0.0,3944.5,True,False,False
EEE,2014B,629765,Withdrawn,0.0,0.0,0.0,258.25,1732.75,0.0,3944.5,True,False,False
EEE,2014B,629893,Withdrawn,0.0,0.0,0.0,258.25,1732.75,0.0,3944.5,True,False,False
EEE,2014B,630120,Withdrawn,0.0,0.0,0.0,258.25,1732.75,0.0,3944.5,True,False,False
EEE,2014B,631657,Withdrawn,0.0,0.0,0.0,258.25,1732.75,0.0,3944.5,True,False,False
EEE,2014B,634083,Withdrawn,0.0,0.0,0.0,258.25,1732.75,0.0,3944.5,True,False,False
EEE,2014B,1664810,Withdrawn,0.0,0.0,0.0,258.25,1732.75,0.0,3944.5,True,False,False
EEE,2014B,1683692,Withdrawn,0.0,0.0,0.0,258.25,1732.75,0.0,3944.5,True,False,False
EEE,2014B,1863564,Withdrawn,0.0,0.0,0.0,258.25,1732.75,0.0,3944.5,True,False,False
EEE,2014B,1878160,Withdrawn,0.0,0.0,0.0,258.25,1732.75,0.0,3944.5,True,False,False
EEE,2014B,1908526,Fail,0.0,0.0,0.0,258.25,1732.75,0.0,3944.5,True,False,False
EEE,2014B,2295254,Withdrawn,0.0,0.0,0.0,258.25,1732.75,0.0,3944.5,True,False,False
EEE,2014B,2384615,Withdrawn,0.0,0.0,0.0,258.25,1732.75,0.0,3944.5,True,False,False
EEE,2014B,2619011,Withdrawn,0.0,0.0,0.0,258.25,1732.75,0.0,3944.5,True,False,False
EEE,2014J,28770,Fail,0.0,0.0,0.0,283.5,1877.25,0.0,4267.875,True,False,False
EEE,2014J,174512,Withdrawn,0.0,0.0,0.0,283.5,1877.25,0.0,4267.875,True,False,False
EEE,2014J,191000,Fail,0.0,0.0,0.0,283.5,1877.25,0.0,4267.875,True,False,False
EEE,2014J,293321,Withdrawn,0.0,0.0,0.0,283.5,1877.25,0.0,4267.875,True,False,False
EEE,2014J,316454,Withdrawn,0.0,0.0,0.0,283.5,1877.25,0.0,4267.875,True,False,False
EEE,2014J,337741,Withdrawn,0.0,0.0,0.0,283.5,1877.25,0.0,4267.875,True,False,False
EEE,2014J,388252,Withdrawn,0.0,0.0,0.0,283.5,1877.25,0.0,4267.875,True,False,False
EEE,2014J,402906,Withdrawn,0.0,0.0,0.0,283.5,1877.25,0.0,4267.875,True,False,False
EEE,2014J,446397,Fail,0.0,0.0,0.0,283.5,1877.25,0.0,4267.875,True,False,False
EEE,2014J,466430,Withdrawn,0.0,0.0,0.0,283.5,1877.25,0.0,4267.875,True,False,False
EEE,2014J,472845,Fail,0.0,0.0,0.0,283.5,1877.25,0.0,4267.875,True,False,False
EEE,2014J,542167,Withdrawn,0.0,0.0,0.0,283.5,1877.25,0.0,4267.875,True,False,False
EEE,2014J,558342,Withdrawn,0.0,0.0,0.0,283.5,1877.25,0.0,4267.875,True,False,False
EEE,2014J,567926,Withdrawn,0.0,0.0,0.0,283.5,1877.25,0.0,4267.875,True,False,False
EEE,2014J,572659,Withdrawn,0.0,0.0,0.0,283.5,1877.25,0.0,4267.875,True,False,False
EEE,2014J,573922,Withdrawn,0.0,0.0,0.0,283.5,1877.25,0.0,4267.875,True,False,False
EEE,2014J,582340,Withdrawn,0.0,0.0,0.0,283.5,1877.25,0.0,4267.875,True,False,False
EEE,2014J,596423,Withdrawn,0.0,0.0,0.0,283.5,1877.25,0.0,4267.875,True,False,False
EEE,2014J,612157,Fail,0.0,0.0,0.0,283.5,1877.25,0.0,4267.875,True,False,False
EEE,2014J,623002,Fail,0.0,0.0,0.0,283.5,1877.25,0.0,4267.875,True,False,False
EEE,2014J,627500,Fail,0.0,0.0,0.0,283.5,1877.25,0.0,4267.875,True,False,False
EEE,2014J,629421,Withdrawn,0.0,0.0,0.0,283.5,1877.25,0.0,4267.875,True,False,False
EEE,2014J,631807,Fail,0.0,0.0,0.0,283.5,1877.25,0.0,4267.875,True,False,False
EEE,2014J,635552,Fail,0.0,0.0,0.0,283.5,1877.25,0.0,4267.875,True,False,False
EEE,2014J,637292,Withdrawn,0.0,0.0,0.0,283.5,1877.25,0.0,4267.875,True,False,False
EEE,2014J,637846,Withdrawn,0.0,0.0,0.0,283.5,1877.25,0.0,4267.875,True,False,False
EEE,2014J,639232,Withdrawn,0.0,0.0,0.0,283.5,1877.25,0.0,4267.875,True,False,False
EEE,2014J,640443,Withdrawn,0.0,0.0,0.0,283.5,1877.25,0.0,4267.875,True,False,False
EEE,2014J,641716,Withdrawn,0.0,0.0,0.0,283.5,1877.25,0.0,4267.875,True,False,False
EEE,2014J,643269,Withdrawn,0.0,0.0,0.0,283.5,1877.25,0.0,4267.875,True,False,False
EEE,2014J,645045,Withdrawn,0.0,0.0,0.0,283.5,1877.25,0.0,4267.875,True,False,False
EEE,2014J,645151,Withdrawn,0.0,0.0,0.0,283.5,1877.25,0.0,4267.875,True,False,False
EEE,2014J,645462,Withdrawn,0.0,0.0,0.0,283.5,1877.25,0.0,4267.875,True,False,False
EEE,2014J,645481,Withdrawn,0.0,0.0,0.0,283.5,1877.25,0.0,4267.875,True,False,False
EEE,2014J,645867,Withdrawn,0.0,0.0,0.0,283.5,1877.25,0.0,4267.875,True,False,False
EEE,2014J,646722,Withdrawn,0.0,0.0,0.0,283.5,1877.25,0.0,4267.875,True,False,False
EEE,2014J,646747,Withdrawn,0.0,0.0,0.0,283.5,1877.25,0.0,4267.875,True,False,False
EEE,2014J,647184,Withdrawn,0.0,0.0,0.0,283.5,1877.25,0.0,4267.875,True,False,False
EEE,2014J,647405,Withdrawn,0.0,0.0,0.0,283.5,1877.25,0.0,4267.875,True,False,False
EEE,2014J,649755,Withdrawn,0.0,0.0,0.0,283.5,1877.25,0.0,4267.875,True,False,False
EEE,2014J,650137,Withdrawn,0.0,0.0,0.0,283.5,1877.25,0.0,4267.875,True,False,False
EEE,2014J,650192,Withdrawn,0.0,0.0,0.0,283.5,1877.25,0.0,4267.875,True,False,False
EEE,2014J,650223,Withdrawn,0.0,0.0,0.0,283.5,1877.25,0.0,4267.875,True,False,False
EEE,2014J,650334,Withdrawn,0.0,0.0,0.0,283.5,1877.25,0.0,4267.875,True,False,False
EEE,2014J,650384,Withdrawn,0.0,0.0,0.0,283.5,1877.25,0.0,4267.875,True,False,False
EEE,2014J,651086,Withdrawn,0.0,0.0,0.0,283.5,1877.25,0.0,4267.875,True,False,False
EEE,2014J,651191,Withdrawn,0.0,0.0,0.0,283.5,1877.25,0.0,4267.875,True,False,False
EEE,2014J,651298,Withdrawn,0.0,0.0,0.0,283.5,1877.25,0.0,4267.875,True,False,False
EEE,2014J,651361,Withdrawn,0.0,0.0,0.0,283.5,1877.25,0.0,4267.875,True,False,False
EEE,2014J,651371,Withdrawn,0.0,0.0,0.0,283.5,1877.25,0.0,4267.875,True,False,False
EEE,2014J,652571,Withdrawn,0.0,0.0,0.0,283.5,1877.25,0.0,4267.875,True,False,False
EEE,2014J,652606,Withdrawn,0.0,0.0,0.0,283.5,1877.25,0.0,4267.875,True,False,False
EEE,2014J,653090,Fail,0.0,0.0,0.0,283.5,1877.25,0.0,4267.875,True,False,False
EEE,2014J,654570,Withdrawn,0.0,0.0,0.0,283.5,1877.25,0.0,4267.875,True,False,False
EEE,2014J,654579,Withdrawn,0.0,0.0,0.0,283.5,1877.25,0.0,4267.875,True,False,False
EEE,2014J,654888,Withdrawn,0.0,0.0,0.0,283.5,1877.25,0.0,4267.875,True,False,False
EEE,2014J,655383,Withdrawn,0.0,0.0,0.0,283.5,1877.25,0.0,4267.875,True,False,False
EEE,2014J,655634,Withdrawn,0.0,0.0,0.0,283.5,1877.25,0.0,4267.875,True,False,False
EEE,2014J,656928,Withdrawn,0.0,0.0,0.0,283.5,1877.25,0.0,4267.875,True,False,False
EEE,2014J,674965,Withdrawn,0.0,0.0,0.0,283.5,1877.25,0.0,4267.875,True,False,False
EEE,2014J,675104,Withdrawn,0.0,0.0,0.0,283.5,1877.25,0.0,4267.875,True,False,False
EEE,2014J,676181,Withdrawn,0.0,0.0,0.0,283.5,1877.25,0.0,4267.875,True,False,False
EEE,2014J,677416,Withdrawn,0.0,0.0,0.0,283.5,1877.25,0.0,4267.875,True,False,False
EEE,2014J,677721,Withdrawn,0.0,0.0,0.0,283.5,1877.25,0.0,4267.875,True,False,False
EEE,2014J,678811,Withdrawn,0.0,0.0,0.0,283.5,1877.25,0.0,4267.875,True,False,False
EEE,2014J,679037,Withdrawn,0.0,0.0,0.0,283.5,1877.25,0.0,4267.875,True,False,False
EEE,2014J,680333,Withdrawn,0.0,0.0,0.0,283.5,1877.25,0.0,4267.875,True,False,False
EEE,2014J,682041,Withdrawn,0.0,0.0,0.0,283.5,1877.25,0.0,4267.875,True,False,False
EEE,2014J,682673,Withdrawn,0.0,0.0,0.0,283.5,1877.25,0.0,4267.875,True,False,False
EEE,2014J,683170,Fail,0.0,0.0,0.0,283.5,1877.25,0.0,4267.875,True,False,False
EEE,2014J,685913,Withdrawn,0.0,0.0,0.0,283.5,1877.25,0.0,4267.875,True,False,False
EEE,2014J,685991,Withdrawn,0.0,0.0,0.0,283.5,1877.25,0.0,4267.875,True,False,False
EEE,2014J,686877,Withdrawn,0.0,0.0,0.0,283.5,1877.25,0.0,4267.875,True,False,False
EEE,2014J,687283,Withdrawn,0.0,0.0,0.0,283.5,1877.25,0.0,4267.875,True,False,False
EEE,2014J,687953,Withdrawn,0.0,0.0,0.0,283.5,1877.25,0.0,4267.875,True,False,False
EEE,2014J,688942,Withdrawn,0.0,0.0,0.0,283.5,1877.25,0.0,4267.875,True,False,False
EEE,2014J,689618,Withdrawn,0.0,0.0,0.0,283.5,1877.25,0.0,4267.875,True,False,False
EEE,2014J,689807,Withdrawn,0.0,0.0,0.0,283.5,1877.25,0.0,4267.875,True,False,False
EEE,2014J,689944,Withdrawn,0.0,0.0,0.0,283.5,1877.25,0.0,4267.875,True,False,False
EEE,2014J,694106,Withdrawn,0.0,0.0,0.0,283.5,1877.25,0.0,4267.875,True,False,False
EEE,2014J,694658,Withdrawn,0.0,0.0,0.0,283.5,1877.25,0.0,4267.875,True,False,False
EEE,2014J,695921,Fail,0.0,0.0,0.0,283.5,1877.25,0.0,4267.875,True,False,False
EEE,2014J,697120,Withdrawn,0.0,0.0,0.0,283.5,1877.25,0.0,4267.875,True,False,False
EEE,2014J,698717,Fail,0.0,0.0,0.0,283.5,1877.25,0.0,4267.875,True,False,False
EEE,2014J,699049,Withdrawn,0.0,0.0,0.0,283.5,1877.25,0.0,4267.875,True,False,False
EEE,2014J,699050,Withdrawn,0.0,0.0,0.0,283.5,1877.25,0.0,4267.875,True,False,False
EEE,2014J,1895399,Withdrawn,0.0,0.0,0.0,283.5,1877.25,0.0,4267.875,True,False,False
EEE,2014J,1953275,Withdrawn,0.0,0.0,0.0,283.5,1877.25,0.0,4267.875,True,False,False
EEE,2014J,2395505,Withdrawn,0.0,0.0,0.0,283.5,1877.25,0.0,4267.875,True,False,False
EEE,2014J,2501127,Withdrawn,0.0,0.0,0.0,283.5,1877.25,0.0,4267.875,True,False,False
EEE,2014J,2566474,Withdrawn,0.0,0.0,0.0,283.5,1877.25,0.0,4267.875,True,False,False
FFF,2013B,36842,Withdrawn,0.0,0.0,0.0,570.25,3795.75,0.0,8634.0,True,False,False
FFF,2013B,43011,Withdrawn,0.0,0.0,0.0,570.25,3795.75,0.0,8634.0,True,False,False
FFF,2013B,49095,Withdrawn,0.0,0.0,0.0,570.25,3795.75,0.0,8634.0,True,False,False
FFF,2013B,71275,Fail,0.0,0.0,0.0,570.25,3795.75,0.0,8634.0,True,False,False
FFF,2013B,88957,Withdrawn,0.0,0.0,0.0,570.25,3795.75,0.0,8634.0,True,False,False
FFF,2013B,107955,Withdrawn,0.0,0.0,0.0,570.25,3795.75,0.0,8634.0,True,False,False
FFF,2013B,112010,Withdrawn,0.0,0.0,0.0,570.25,3795.75,0.0,8634.0,True,False,False
FFF,2013B,228635,Withdrawn,0.0,0.0,0.0,570.25,3795.75,0.0,8634.0,True,False,False
FFF,2013B,271168,Fail,0.0,0.0,0.0,570.25,3795.75,0.0,8634.0,True,False,False
FFF,2013B,274237,Withdrawn,0.0,0.0,0.0,570.25,3795.75,0.0,8634.0,True,False,False
FFF,2013B,276846,Withdrawn,0.0,0.0,0.0,570.25,3795.75,0.0,8634.0,True,False,False
FFF,2013B,281785,Withdrawn,0.0,0.0,0.0,570.25,3795.75,0.0,8634.0,True,False,False
FFF,2013B,284395,Withdrawn,0.0,0.0,0.0,570.25,3795.75,0.0,8634.0,True,False,False
FFF,2013B,311401,Withdrawn,0.0,0.0,0.0,570.25,3795.75,0.0,8634.0,True,False,False
FFF,2013B,320764,Fail,0.0,0.0,0.0,570.25,3795.75,0.0,8634.0,True,False,False
FFF,2013B,331104,Withdrawn,0.0,0.0,0.0,570.25,3795.75,0.0,8634.0,True,False,False
FFF,2013B,347410,Withdrawn,0.0,0.0,0.0,570.25,3795.75,0.0,8634.0,True,False,False
FFF,2013B,355149,Withdrawn,0.0,0.0,0.0,570.25,3795.75,0.0,8634.0,True,False,False
FFF,2013B,362356,Withdrawn,0.0,0.0,0.0,570.25,3795.75,0.0,8634.0,True,False,False
FFF,2013B,382086,Withdrawn,0.0,0.0,0.0,570.25,3795.75,0.0,8634.0,True,False,False
FFF,2013B,392217,Withdrawn,0.0,0.0,0.0,570.25,3795.75,0.0,8634.0,True,False,False
FFF,2013B,397297,Withdrawn,0.0,0.0,0.0,570.25,3795.75,0.0,8634.0,True,False,False
FFF,2013B,408762,Withdrawn,0.0,0.0,0.0,570.25,3795.75,0.0,8634.0,True,False,False
FFF,2013B,427228,Withdrawn,0.0,0.0,0.0,570.25,3795.75,0.0,8634.0,True,False,False
FFF,2013B,446825,Withdrawn,0.0,0.0,0.0,570.25,3795.75,0.0,8634.0,True,False,False
FFF,2013B,464616,Withdrawn,0.0,0.0,0.0,570.25,3795.75,0.0,8634.0,True,False,False
FFF,2013B,474256,Withdrawn,0.0,0.0,0.0,570.25,3795.75,0.0,8634.0,True,False,False
FFF,2013B,483117,Withdrawn,0.0,0.0,0.0,570.25,3795.75,0.0,8634.0,True,False,False
FFF,2013B,485412,Withdrawn,0.0,0.0,0.0,570.25,3795.75,0.0,8634.0,True,False,False
FFF,2013B,490156,Fail,0.0,0.0,0.0,570.25,3795.75,0.0,8634.0,True,False,False
FFF,2013B,490542,Withdrawn,0.0,0.0,0.0,570.25,3795.75,0.0,8634.0,True,False,False
FFF,2013B,491011,Withdrawn,0.0,0.0,0.0,570.25,3795.75,0.0,8634.0,True,False,False
FFF,2013B,492111,Withdrawn,0.0,0.0,0.0,570.25,3795.75,0.0,8634.0,True,False,False
FFF,2013B,495318,Withdrawn,0.0,0.0,0.0,570.25,3795.75,0.0,8634.0,True,False,False
FFF,2013B,495776,Fail,0.0,0.0,0.0,570.25,3795.75,0.0,8634.0,True,False,False
FFF,2013B,497891,Withdrawn,0.0,0.0,0.0,570.25,3795.75,0.0,8634.0,True,False,False
FFF,2013B,499419,Withdrawn,0.0,0.0,0.0,570.25,3795.75,0.0,8634.0,True,False,False
FFF,2013B,501302,Withdrawn,0.0,0.0,0.0,570.25,3795.75,0.0,8634.0,True,False,False
FFF,2013B,501411,Withdrawn,0.0,0.0,0.0,570.25,3795.75,0.0,8634.0,True,False,False
FFF,2013B,502361,Withdrawn,0.0,0.0,0.0,570.25,3795.75,0.0,8634.0,True,False,False
FFF,2013B,502517,Withdrawn,0.0,0.0,0.0,570.25,3795.75,0.0,8634.0,True,False,False
FFF,2013B,502973,Fail,0.0,0.0,0.0,570.25,3795.75,0.0,8634.0,True,False,False
FFF,2013B,504741,Withdrawn,0.0,0.0,0.0,570.25,3795.75,0.0,8634.0,True,False,False
FFF,2013B,514605,Withdrawn,0.0,0.0,0.0,570.25,3795.75,0.0,8634.0,True,False,False
FFF,2013B,515370,Withdrawn,0.0,0.0,0.0,570.25,3795.75,0.0,8634.0,True,False,False
FFF,2013B,516519,Withdrawn,0.0,0.0,0.0,570.25,3795.75,0.0,8634.0,True,False,False
FFF,2013B,519500,Withdrawn,0.0,0.0,0.0,570.25,3795.75,0.0,8634.0,True,False,False
FFF,2013B,520061,Withdrawn,0.0,0.0,0.0,570.25,3795.75,0.0,8634.0,True,False,False
FFF,2013B,520525,Withdrawn,0.0,0.0,0.0,570.25,3795.75,0.0,8634.0,True,False,False
FFF,2013B,524609,Withdrawn,0.0,0.0,0.0,570.25,3795.75,0.0,8634.0,True,False,False
FFF,2013B,525353,Withdrawn,0.0,0.0,0.0,570.25,3795.75,0.0,8634.0,True,False,False
FFF,2013B,526420,Withdrawn,0.0,0.0,0.0,570.25,3795.75,0.0,8634.0,True,False,False
FFF,2013B,528879,Withdrawn,0.0,0.0,0.0,570.25,3795.75,0.0,8634.0,True,False,False
FFF,2013B,529277,Withdrawn,0.0,0.0,0.0,570.25,3795.75,0.0,8634.0,True,False,False
FFF,2013B,531251,Withdrawn,0.0,0.0,0.0,570.25,3795.75,0.0,8634.0,True,False,False
FFF,2013B,531667,Withdrawn,0.0,0.0,0.0,570.25,3795.75,0.0,8634.0,True,False,False
FFF,2013B,531866,Withdrawn,0.0,0.0,0.0,570.25,3795.75,0.0,8634.0,True,False,False
FFF,2013B,532476,Withdrawn,0.0,0.0,0.0,570.25,3795.75,0.0,8634.0,True,False,False
FFF,2013B,535761,Withdrawn,0.0,0.0,0.0,570.25,3795.75,0.0,8634.0,True,False,False
FFF,2013B,535981,Withdrawn,0.0,0.0,0.0,570.25,3795.75,0.0,8634.0,True,False,False
FFF,2013B,536454,Withdrawn,0.0,0.0,0.0,570.25,3795.75,0.0,8634.0,True,False,False
FFF,2013B,537000,Withdrawn,0.0,0.0,0.0,570.25,3795.75,0.0,8634.0,True,False,False
FFF,2013B,537728,Withdrawn,0.0,0.0,0.0,570.25,3795.75,0.0,8634.0,True,False,False
FFF,2013B,539128,Withdrawn,0.0,0.0,0.0,570.25,3795.75,0.0,8634.0,True,False,False
FFF,2013B,539668,Withdrawn,0.0,0.0,0.0,570.25,3795.75,0.0,8634.0,True,False,False
FFF,2013B,540637,Withdrawn,0.0,0.0,0.0,570.25,3795.75,0.0,8634.0,True,False,False
FFF,2013B,542062,Withdrawn,0.0,0.0,0.0,570.25,3795.75,0.0,8634.0,True,False,False
FFF,2013B,543604,Withdrawn,0.0,0.0,0.0,570.25,3795.75,0.0,8634.0,True,False,False
FFF,2013B,544802,Withdrawn,0.0,0.0,0.0,570.25,3795.75,0.0,8634.0,True,False,False
FFF,2013B,544955,Withdrawn,0.0,0.0,0.0,570.25,3795.75,0.0,8634.0,True,False,False
FFF,2013B,545485,Withdrawn,0.0,0.0,0.0,570.25,3795.75,0.0,8634.0,True,False,False
FFF,2013B,545522,Withdrawn,0.0,0.0,0.0,570.25,3795.75,0.0,8634.0,True,False,False
FFF,2013B,545600,Withdrawn,0.0,0.0,0.0,570.25,3795.75,0.0,8634.0,True,False,False
FFF,2013B,546863,Withdrawn,0.0,0.0,0.0,570.25,3795.75,0.0,8634.0,True,False,False
FFF,2013B,547267,Withdrawn,0.0,0.0,0.0,570.25,3795.75,0.0,8634.0,True,False,False
FFF,2013B,547667,Withdrawn,0.0,0.0,0.0,570.25,3795.75,0.0,8634.0,True,False,False
FFF,2013B,548331,Withdrawn,0.0,0.0,0.0,570.25,3795.75,0.0,8634.0,True,False,False
FFF,2013B,548608,Withdrawn,0.0,0.0,0.0,570.25,3795.75,0.0,8634.0,True,False,False
FFF,2013B,551492,Withdrawn,0.0,0.0,0.0,570.25,3795.75,0.0,8634.0,True,False,False
FFF,2013B,552041,Withdrawn,0.0,0.0,0.0,570.25,3795.75,0.0,8634.0,True,False,False
FFF,2013B,552228,Fail,0.0,0.0,0.0,570.25,3795.75,0.0,8634.0,True,False,False
FFF,2013B,552614,Withdrawn,0.0,0.0,0.0,570.25,3795.75,0.0,8634.0,True,False,False
FFF,2013B,553131,Fail,0.0,0.0,0.0,570.25,3795.75,0.0,8634.0,True,False,False
FFF,2013B,553240,Withdrawn,0.0,0.0,0.0,570.25,3795.75,0.0,8634.0,True,False,False
FFF,2013B,553631,Withdrawn,0.0,0.0,0.0,570.25,3795.75,0.0,8634.0,True,False,False
FFF,2013B,555110,Withdrawn,0.0,0.0,0.0,570.25,3795.75,0.0,8634.0,True,False,False
FFF,2013B,556134,Withdrawn,0.0,0.0,0.0,570.25,3795.75,0.0,8634.0,True,False,False
FFF,2013B,556203,Withdrawn,0.0,0.0,0.0,570.25,3795.75,0.0,8634.0,True,False,False
FFF,2013B,556927,Withdrawn,0.0,0.0,0.0,570.25,3795.75,0.0,8634.0,True,False,False
FFF,2013B,557588,Withdrawn,0.0,0.0,0.0,570.25,3795.75,0.0,8634.0,True,False,False
FFF,2013B,558199,Withdrawn,0.0,0.0,0.0,570.25,3795.75,0.0,8634.0,True,False,False
FFF,2013B,558354,Withdrawn,0.0,0.0,0.0,570.25,3795.75,0.0,8634.0,True,False,False
FFF,2013B,558957,Withdrawn,0.0,0.0,0.0,570.25,3795.75,0.0,8634.0,True,False,False
FFF,2013B,1494901,Withdrawn,0.0,0.0,0.0,570.25,3795.75,0.0,8634.0,True,False,False
FFF,2013B,1559365,Withdrawn,0.0,0.0,0.0,570.25,3795.75,0.0,8634.0,True,False,False
FFF,2013B,1824428,Withdrawn,0.0,0.0,0.0,570.25,3795.75,0.0,8634.0,True,False,False
FFF,2013B,1855249,Withdrawn,0.0,0.0,0.0,570.25,3795.75,0.0,8634.0,True,False,False
FFF,2013B,1936935,Withdrawn,0.0,0.0,0.0,570.25,3795.75,0.0,8634.0,True,False,False
FFF,2013B,2102658,Fail,0.0,0.0,0.0,570.25,3795.75,0.0,8634.0,True,False,False
FFF,2013B,2288493,Withdrawn,0.0,0.0,0.0,570.25,3795.75,0.0,8634.0,True,False,False
FFF,2013B,2446784,Withdrawn,0.0,0.0,0.0,570.25,3795.75,0.0,8634.0,True,False,False
FFF,2013B,2610837,Withdrawn,0.0,0.0,0.0,570.25,3795.75,0.0,8634.0,True,False,False
FFF,2013B,2644664,Withdrawn,0.0,0.0,0.0,570.25,3795.75,0.0,8634.0,True,False,False
FFF,2013B,2650929,Withdrawn,0.0,0.0,0.0,570.25,3795.75,0.0,8634.0,True,False,False
FFF,2013J,39882,Withdrawn,0.0,0.0,0.0,330.5,3300.5,0.0,7755.5,True,False,False
FFF,2013J,54739,Withdrawn,0.0,0.0,0.0,330.5,3300.5,0.0,7755.5,True,False,False
FFF,2013J,87042,Withdrawn,0.0,0.0,0.0,330.5,3300.5,0.0,7755.5,True,False,False
FFF,2013J,112010,Withdrawn,0.0,0.0,0.0,330.5,3300.5,0.0,7755.5,True,False,False
FFF,2013J,113487,Withdrawn,0.0,0.0,0.0,330.5,3300.5,0.0,7755.5,True,False,False
FFF,2013J,143752,Withdrawn,0.0,0.0,0.0,330.5,3300.5,0.0,7755.5,True,False,False
FFF,2013J,150121,Withdrawn,0.0,0.0,0.0,330.5,3300.5,0.0,7755.5,True,False,False
FFF,2013J,152037,Withdrawn,0.0,0.0,0.0,330.5,3300.5,0.0,7755.5,True,False,False
FFF,2013J,156755,Withdrawn,0.0,0.0,0.0,330.5,3300.5,0.0,7755.5,True,False,False
FFF,2013J,178258,Withdrawn,0.0,0.0,0.0,330.5,3300.5,0.0,7755.5,True,False,False
FFF,2013J,184925,Withdrawn,0.0,0.0,0.0,330.5,3300.5,0.0,7755.5,True,False,False
FFF,2013J,229191,Withdrawn,0.0,0.0,0.0,330.5,3300.5,0.0,7755.5,True,False,False
FFF,2013J,236150,Withdrawn,0.0,0.0,0.0,330.5,3300.5,0.0,7755.5,True,False,False
FFF,2013J,243351,Withdrawn,0.0,0.0,0.0,330.5,3300.5,0.0,7755.5,True,False,False
FFF,2013J,253516,Fail,0.0,0.0,0.0,330.5,3300.5,0.0,7755.5,True,False,False
FFF,2013J,259609,Withdrawn,0.0,0.0,0.0,330.5,3300.5,0.0,7755.5,True,False,False
FFF,2013J,264924,Withdrawn,0.0,0.0,0.0,330.5,3300.5,0.0,7755.5,True,False,False
FFF,2013J,271702,Withdrawn,0.0,0.0,0.0,330.5,3300.5,0.0,7755.5,True,False,False
FFF,2013J,279069,Withdrawn,0.0,0.0,0.0,330.5,3300.5,0.0,7755.5,True,False,False
FFF,2013J,301128,Withdrawn,0.0,0.0,0.0,330.5,3300.5,0.0,7755.5,True,False,False
FFF,2013J,310899,Withdrawn,0.0,0.0,0.0,330.5,3300.5,0.0,7755.5,True,False,False
FFF,2013J,330669,Withdrawn,0.0,0.0,0.0,330.5,3300.5,0.0,7755.5,True,False,False
FFF,2013J,342208,Withdrawn,0.0,0.0,0.0,330.5,3300.5,0.0,7755.5,True,False,False
FFF,2013J,352083,Withdrawn,0.0,0.0,0.0,330.5,3300.5,0.0,7755.5,True,False,False
FFF,2013J,353066,Withdrawn,0.0,0.0,0.0,330.5,3300.5,0.0,7755.5,True,False,False
FFF,2013J,369826,Withdrawn,0.0,0.0,0.0,330.5,3300.5,0.0,7755.5,True,False,False
FFF,2013J,370934,Withdrawn,0.0,0.0,0.0,330.5,3300.5,0.0,7755.5,True,False,False
FFF,2013J,372619,Withdrawn,0.0,0.0,0.0,330.5,3300.5,0.0,7755.5,True,False,False
FFF,2013J,380161,Withdrawn,0.0,0.0,0.0,330.5,3300.5,0.0,7755.5,True,False,False
FFF,2013J,410666,Withdrawn,0.0,0.0,0.0,330.5,3300.5,0.0,7755.5,True,False,False
FFF,2013J,413259,Withdrawn,0.0,0.0,0.0,330.5,3300.5,0.0,7755.5,True,False,False
FFF,2013J,413950,Fail,0.0,0.0,0.0,330.5,3300.5,0.0,7755.5,True,False,False
FFF,2013J,416426,Withdrawn,0.0,0.0,0.0,330.5,3300.5,0.0,7755.5,True,False,False
FFF,2013J,423544,Withdrawn,0.0,0.0,0.0,330.5,3300.5,0.0,7755.5,True,False,False
FFF,2013J,429194,Withdrawn,0.0,0.0,0.0,330.5,3300.5,0.0,7755.5,True,False,False
FFF,2013J,447374,Withdrawn,0.0,0.0,0.0,330.5,3300.5,0.0,7755.5,True,False,False
FFF,2013J,464522,Withdrawn,0.0,0.0,0.0,330.5,3300.5,0.0,7755.5,True,False,False
FFF,2013J,467291,Withdrawn,0.0,0.0,0.0,330.5,3300.5,0.0,7755.5,True,False,False
FFF,2013J,473896,Fail,0.0,0.0,0.0,330.5,3300.5,0.0,7755.5,True,False,False
FFF,2013J,480910,Withdrawn,0.0,0.0,0.0,330.5,3300.5,0.0,7755.5,True,False,False
FFF,2013J,482554,Withdrawn,0.0,0.0,0.0,330.5,3300.5,0.0,7755.5,True,False,False
FFF,2013J,486473,Withdrawn,0.0,0.0,0.0,330.5,3300.5,0.0,7755.5,True,False,False
FFF,2013J,493067,Withdrawn,0.0,0.0,0.0,330.5,3300.5,0.0,7755.5,True,False,False
FFF,2013J,494191,Withdrawn,0.0,0.0,0.0,330.5,3300.5,0.0,7755.5,True,False,False
FFF,2013J,494414,Withdrawn,0.0,0.0,0.0,330.5,3300.5,0.0,7755.5,True,False,False
FFF,2013J,503401,Withdrawn,0.0,0.0,0.0,330.5,3300.5,0.0,7755.5,True,False,False
FFF,2013J,504700,Withdrawn,0.0,0.0,0.0,330.5,3300.5,0.0,7755.5,True,False,False
FFF,2013J,504899,Withdrawn,0.0,0.0,0.0,330.5,3300.5,0.0,7755.5,True,False,False
FFF,2013J,508469,Withdrawn,0.0,0.0,0.0,330.5,3300.5,0.0,7755.5,True,False,False
FFF,2013J,510112,Withdrawn,0.0,0.0,0.0,330.5,3300.5,0.0,7755.5,True,False,False
FFF,2013J,511432,Withdrawn,0.0,0.0,0.0,330.5,3300.5,0.0,7755.5,True,False,False
FFF,2013J,525694,Withdrawn,0.0,0.0,0.0,330.5,3300.5,0.0,7755.5,True,False,False
FFF,2013J,525781,Withdrawn,0.0,0.0,0.0,330.5,3300.5,0.0,7755.5,True,False,False
FFF,2013J,526948,Withdrawn,0.0,0.0,0.0,330.5,3300.5,0.0,7755.5,True,False,False
FFF,2013J,540909,Withdrawn,0.0,0.0,0.0,330.5,3300.5,0.0,7755.5,True,False,False
FFF,2013J,547442,Withdrawn,0.0,0.0,0.0,330.5,3300.5,0.0,7755.5,True,False,False
FFF,2013J,548080,Withdrawn,0.0,0.0,0.0,330.5,3300.5,0.0,7755.5,True,False,False
FFF,2013J,551373,Withdrawn,0.0,0.0,0.0,330.5,3300.5,0.0,7755.5,True,False,False
FFF,2013J,551500,Withdrawn,0.0,0.0,0.0,330.5,3300.5,0.0,7755.5,True,False,False
FFF,2013J,551823,Withdrawn,0.0,0.0,0.0,330.5,3300.5,0.0,7755.5,True,False,False
FFF,2013J,556275,Withdrawn,0.0,0.0,0.0,330.5,3300.5,0.0,7755.5,True,False,False
FFF,2013J,559599,Withdrawn,0.0,0.0,0.0,330.5,3300.5,0.0,7755.5,True,False,False
FFF,2013J,559902,Fail,0.0,0.0,0.0,330.5,3300.5,0.0,7755.5,True,False,False
FFF,2013J,560496,Withdrawn,0.0,0.0,0.0,330.5,3300.5,0.0,7755.5,True,False,False
FFF,2013J,561878,Fail,0.0,0.0,0.0,330.5,3300.5,0.0,7755.5,True,False,False
FFF,2013J,562428,Withdrawn,0.0,0.0,0.0,330.5,3300.5,0.0,7755.5,True,False,False
FFF,2013J,563239,Withdrawn,0.0,0.0,0.0,330.5,3300.5,0.0,7755.5,True,False,False
FFF,2013J,565608,Withdrawn,0.0,0.0,0.0,330.5,3300.5,0.0,7755.5,True,False,False
FFF,2013J,565977,Withdrawn,0.0,0.0,0.0,330.5,3300.5,0.0,7755.5,True,False,False
FFF,2013J,568444,Withdrawn,0.0,0.0,0.0,330.5,3300.5,0.0,7755.5,True,False,False
FFF,2013J,568857,Withdrawn,0.0,0.0,0.0,330.5,3300.5,0.0,7755.5,True,False,False
FFF,2013J,569070,Withdrawn,0.0,0.0,0.0,330.5,3300.5,0.0,7755.5,True,False,False
FFF,2013J,571044,Withdrawn,0.0,0.0,0.0,330.5,3300.5,0.0,7755.5,True,False,False
FFF,2013J,571935,Withdrawn,0.0,0.0,0.0,330.5,3300.5,0.0,7755.5,True,False,False
FFF,2013J,571994,Withdrawn,0.0,0.0,0.0,330.5,3300.5,0.0,7755.5,True,False,False
FFF,2013J,572910,Withdrawn,0.0,0.0,0.0,330.5,3300.5,0.0,7755.5,True,False,False
FFF,2013J,572981,Withdrawn,0.0,0.0,0.0,330.5,3300.5,0.0,7755.5,True,False,False
FFF,2013J,573922,Withdrawn,0.0,0.0,0.0,330.5,3300.5,0.0,7755.5,True,False,False
FFF,2013J,574232,Withdrawn,0.0,0.0,0.0,330.5,3300.5,0.0,7755.5,True,False,False
FFF,2013J,574237,Withdrawn,0.0,0.0,0.0,330.5,3300.5,0.0,7755.5,True,False,False
FFF,2013J,574305,Withdrawn,0.0,0.0,0.0,330.5,3300.5,0.0,7755.5,True,False,False
FFF,2013J,574737,Withdrawn,0.0,0.0,0.0,330.5,3300.5,0.0,7755.5,True,False,False
FFF,2013J,574950,Withdrawn,0.0,0.0,0.0,330.5,3300.5,0.0,7755.5,True,False,False
FFF,2013J,575655,Withdrawn,0.0,0.0,0.0,330.5,3300.5,0.0,7755.5,True,False,False
FFF,2013J,576032,Fail,0.0,0.0,0.0,330.5,3300.5,0.0,7755.5,True,False,False
FFF,2013J,576417,Fail,0.0,0.0,0.0,330.5,3300.5,0.0,7755.5,True,False,False
FFF,2013J,576670,Withdrawn,0.0,0.0,0.0,330.5,3300.5,0.0,7755.5,True,False,False
FFF,2013J,576681,Withdrawn,0.0,0.0,0.0,330.5,3300.5,0.0,7755.5,True,False,False
FFF,2013J,576943,Withdrawn,0.0,0.0,0.0,330.5,3300.5,0.0,7755.5,True,False,False
FFF,2013J,577371,Withdrawn,0.0,0.0,0.0,330.5,3300.5,0.0,7755.5,True,False,False
FFF,2013J,577673,Withdrawn,0.0,0.0,0.0,330.5,3300.5,0.0,7755.5,True,False,False
FFF,2013J,577688,Withdrawn,0.0,0.0,0.0,330.5,3300.5,0.0,7755.5,True,False,False
FFF,2013J,578259,Withdrawn,0.0,0.0,0.0,330.5,3300.5,0.0,7755.5,True,False,False
FFF,2013J,578649,Withdrawn,0.0,0.0,0.0,330.5,3300.5,0.0,7755.5,True,False,False
FFF,2013J,579361,Withdrawn,0.0,0.0,0.0,330.5,3300.5,0.0,7755.5,True,False,False
FFF,2013J,580358,Withdrawn,0.0,0.0,0.0,330.5,3300.5,0.0,7755.5,True,False,False
FFF,2013J,580658,Withdrawn,0.0,0.0,0.0,330.5,3300.5,0.0,7755.5,True,False,False
FFF,2013J,580755,Withdrawn,0.0,0.0,0.0,330.5,3300.5,0.0,7755.5,True,False,False
FFF,2013J,581716,Withdrawn,0.0,0.0,0.0,330.5,3300.5,0.0,7755.5,True,False,False
FFF,2013J,581897,Withdrawn,0.0,0.0,0.0,330.5,3300.5,0.0,7755.5,True,False,False
FFF,2013J,582181,Withdrawn,0.0,0.0,0.0,330.5,3300.5,0.0,7755.5,True,False,False
FFF,2013J,582679,Withdrawn,0.0,0.0,0.0,330.5,3300.5,0.0,7755.5,True,False,False
FFF,2013J,582690,Withdrawn,0.0,0.0,0.0,330.5,3300.5,0.0,7755.5,True,False,False
FFF,2013J,582842,Withdrawn,0.0,0.0,0.0,330.5,3300.5,0.0,7755.5,True,False,False
FFF,2013J,583033,Withdrawn,0.0,0.0,0.0,330.5,3300.5,0.0,7755.5,True,False,False
FFF,2013J,583081,Withdrawn,0.0,0.0,0.0,330.5,3300.5,0.0,7755.5,True,False,False
FFF,2013J,583826,Withdrawn,0.0,0.0,0.0,330.5,3300.5,0.0,7755.5,True,False,False
FFF,2013J,583840,Withdrawn,0.0,0.0,0.0,330.5,3300.5,0.0,7755.5,True,False,False
FFF,2013J,584362,Withdrawn,0.0,0.0,0.0,330.5,3300.5,0.0,7755.5,True,False,False
FFF,2013J,585389,Withdrawn,0.0,0.0,0.0,330.5,3300.5,0.0,7755.5,True,False,False
FFF,2013J,585454,Withdrawn,0.0,0.0,0.0,330.5,3300.5,0.0,7755.5,True,False,False
FFF,2013J,586112,Withdrawn,0.0,0.0,0.0,330.5,3300.5,0.0,7755.5,True,False,False
FFF,2013J,586249,Withdrawn,0.0,0.0,0.0,330.5,3300.5,0.0,7755.5,True,False,False
FFF,2013J,586445,Withdrawn,0.0,0.0,0.0,330.5,3300.5,0.0,7755.5,True,False,False
FFF,2013J,587659,Withdrawn,0.0,0.0,0.0,330.5,3300.5,0.0,7755.5,True,False,False
FFF,2013J,587934,Withdrawn,0.0,0.0,0.0,330.5,3300.5,0.0,7755.5,True,False,False
FFF,2013J,588360,Withdrawn,0.0,0.0,0.0,330.5,3300.5,0.0,7755.5,True,False,False
FFF,2013J,588539,Withdrawn,0.0,0.0,0.0,330.5,3300.5,0.0,7755.5,True,False,False
FFF,2013J,589017,Withdrawn,0.0,0.0,0.0,330.5,3300.5,0.0,7755.5,True,False,False
FFF,2013J,589196,Withdrawn,0.0,0.0,0.0,330.5,3300.5,0.0,7755.5,True,False,False
FFF,2013J,589665,Withdrawn,0.0,0.0,0.0,330.5,3300.5,0.0,7755.5,True,False,False
FFF,2013J,590466,Withdrawn,0.0,0.0,0.0,330.5,3300.5,0.0,7755.5,True,False,False
FFF,2013J,590494,Withdrawn,0.0,0.0,0.0,330.5,3300.5,0.0,7755.5,True,False,False
FFF,2013J,590545,Withdrawn,0.0,0.0,0.0,330.5,3300.5,0.0,7755.5,True,False,False
FFF,2013J,590555,Withdrawn,0.0,0.0,0.0,330.5,3300.5,0.0,7755.5,True,False,False
FFF,2013J,590571,Withdrawn,0.0,0.0,0.0,330.5,3300.5,0.0,7755.5,True,False,False
FFF,2013J,590815,Withdrawn,0.0,0.0,0.0,330.5,3300.5,0.0,7755.5,True,False,False
FFF,2013J,591057,Withdrawn,0.0,0.0,0.0,330.5,3300.5,0.0,7755.5,True,False,False
FFF,2013J,591620,Withdrawn,0.0,0.0,0.0,330.5,3300.5,0.0,7755.5,True,False,False
FFF,2013J,591638,Withdrawn,0.0,0.0,0.0,330.5,3300.5,0.0,7755.5,True,False,False
FFF,2013J,591677,Withdrawn,0.0,0.0,0.0,330.5,3300.5,0.0,7755.5,True,False,False
FFF,2013J,592458,Withdrawn,0.0,0.0,0.0,330.5,3300.5,0.0,7755.5,True,False,False
FFF,2013J,592563,Withdrawn,0.0,0.0,0.0,330.5,3300.5,0.0,7755.5,True,False,False
FFF,2013J,592939,Withdrawn,0.0,0.0,0.0,330.5,3300.5,0.0,7755.5,True,False,False
FFF,2013J,593511,Withdrawn,0.0,0.0,0.0,330.5,3300.5,0.0,7755.5,True,False,False
FFF,2013J,593865,Withdrawn,0.0,0.0,0.0,330.5,3300.5,0.0,7755.5,True,False,False
FFF,2013J,594221,Withdrawn,0.0,0.0,0.0,330.5,3300.5,0.0,7755.5,True,False,False
FFF,2013J,594341,Withdrawn,0.0,0.0,0.0,330.5,3300.5,0.0,7755.5,True,False,False
FFF,2013J,594603,Withdrawn,0.0,0.0,0.0,330.5,3300.5,0.0,7755.5,True,False,False
FFF,2013J,594737,Withdrawn,0.0,0.0,0.0,330.5,3300.5,0.0,7755.5,True,False,False
FFF,2013J,594881,Withdrawn,0.0,0.0,0.0,330.5,3300.5,0.0,7755.5,True,False,False
FFF,2013J,595359,Withdrawn,0.0,0.0,0.0,330.5,3300.5,0.0,7755.5,True,False,False
FFF,2013J,596601,Withdrawn,0.0,0.0,0.0,330.5,3300.5,0.0,7755.5,True,False,False
FFF,2013J,596774,Withdrawn,0.0,0.0,0.0,330.5,3300.5,0.0,7755.5,True,False,False
FFF,2013J,597190,Withdrawn,0.0,0.0,0.0,330.5,3300.5,0.0,7755.5,True,False,False
FFF,2013J,597555,Withdrawn,0.0,0.0,0.0,330.5,3300.5,0.0,7755.5,True,False,False
FFF,2013J,597761,Withdrawn,0.0,0.0,0.0,330.5,3300.5,0.0,7755.5,True,False,False
FFF,2013J,598259,Withdrawn,0.0,0.0,0.0,330.5,3300.5,0.0,7755.5,True,False,False
FFF,2013J,598268,Withdrawn,0.0,0.0,0.0,330.5,3300.5,0.0,7755.5,True,False,False
FFF,2013J,599464,Withdrawn,0.0,0.0,0.0,330.5,3300.5,0.0,7755.5,True,False,False
FFF,2013J,599776,Withdrawn,0.0,0.0,0.0,330.5,3300.5,0.0,7755.5,True,False,False
FFF,2013J,600037,Withdrawn,0.0,0.0,0.0,330.5,3300.5,0.0,7755.5,True,False,False
FFF,2013J,600955,Withdrawn,0.0,0.0,0.0,330.5,3300.5,0.0,7755.5,True,False,False
FFF,2013J,601783,Withdrawn,0.0,0.0,0.0,330.5,3300.5,0.0,7755.5,True,False,False
FFF,2013J,601855,Withdrawn,0.0,0.0,0.0,330.5,3300.5,0.0,7755.5,True,False,False
FFF,2013J,602152,Withdrawn,0.0,0.0,0.0,330.5,3300.5,0.0,7755.5,True,False,False
FFF,2013J,603204,Withdrawn,0.0,0.0,0.0,330.5,3300.5,0.0,7755.5,True,False,False
FFF,2013J,603575,Withdrawn,0.0,0.0,0.0,330.5,3300.5,0.0,7755.5,True,False,False
FFF,2013J,604619,Withdrawn,0.0,0.0,0.0,330.5,3300.5,0.0,7755.5,True,False,False
FFF,2013J,605108,Withdrawn,0.0,0.0,0.0,330.5,3300.5,0.0,7755.5,True,False,False
FFF,2013J,606189,Withdrawn,0.0,0.0,0.0,330.5,3300.5,0.0,7755.5,True,False,False
FFF,2013J,606369,Withdrawn,0.0,0.0,0.0,330.5,3300.5,0.0,7755.5,True,False,False
FFF,2013J,607613,Withdrawn,0.0,0.0,0.0,330.5,3300.5,0.0,7755.5,True,False,False
FFF,2013J,607629,Withdrawn,0.0,0.0,0.0,330.5,3300.5,0.0,7755.5,True,False,False
FFF,2013J,608606,Withdrawn,0.0,0.0,0.0,330.5,3300.5,0.0,7755.5,True,False,False
FFF,2013J,608727,Withdrawn,0.0,0.0,0.0,330.5,3300.5,0.0,7755.5,True,False,False
FFF,2013J,609891,Withdrawn,0.0,0.0,0.0,330.5,3300.5,0.0,7755.5,True,False,False
FFF,2013J,610335,Withdrawn,0.0,0.0,0.0,330.5,3300.5,0.0,7755.5,True,False,False
FFF,2013J,1107596,Withdrawn,0.0,0.0,0.0,330.5,3300.5,0.0,7755.5,True,False,False
FFF,2013J,1559959,Withdrawn,0.0,0.0,0.0,330.5,3300.5,0.0,7755.5,True,False,False
FFF,2013J,1763186,Withdrawn,0.0,0.0,0.0,330.5,3300.5,0.0,7755.5,True,False,False
FFF,2013J,1891977,Withdrawn,0.0,0.0,0.0,330.5,3300.5,0.0,7755.5,True,False,False
FFF,2013J,1902283,Withdrawn,0.0,0.0,0.0,330.5,3300.5,0.0,7755.5,True,False,False
FFF,2013J,1910111,Withdrawn,0.0,0.0,0.0,330.5,3300.5,0.0,7755.5,True,False,False
FFF,2013J,1929219,Withdrawn,0.0,0.0,0.0,330.5,3300.5,0.0,7755.5,True,False,False
FFF,2013J,1941149,Withdrawn,0.0,0.0,0.0,330.5,3300.5,0.0,7755.5,True,False,False
FFF,2013J,2305237,Withdrawn,0.0,0.0,0.0,330.5,3300.5,0.0,7755.5,True,False,False
FFF,2013J,2366574,Withdrawn,0.0,0.0,0.0,330.5,3300.5,0.0,7755.5,True,False,False
FFF,2013J,2383169,Withdrawn,0.0,0.0,0.0,330.5,3300.5,0.0,7755.5,True,False,False
FFF,2013J,2410687,Withdrawn,0.0,0.0,0.0,330.5,3300.5,0.0,7755.5,True,False,False
FFF,2013J,2414552,Withdrawn,0.0,0.0,0.0,330.5,3300.5,0.0,7755.5,True,False,False
FFF,2013J,2471302,Withdrawn,0.0,0.0,0.0,330.5,3300.5,0.0,7755.5,True,False,False
FFF,2013J,2586313,Withdrawn,0.0,0.0,0.0,330.5,3300.5,0.0,7755.5,True,False,False
FFF,2013J,2657185,Withdrawn,0.0,0.0,0.0,330.5,3300.5,0.0,7755.5,True,False,False
FFF,2013J,2678373,Withdrawn,0.0,0.0,0.0,330.5,3300.5,0.0,7755.5,True,False,False
FFF,2014B,26269,Withdrawn,0.0,0.0,0.0,287.0,2992.0,0.0,7049.5,True,False,False
FFF,2014B,33600,Withdrawn,0.0,0.0,0.0,287.0,2992.0,0.0,7049.5,True,False,False
FFF,2014B,58221,Withdrawn,0.0,0.0,0.0,287.0,2992.0,0.0,7049.5,True,False,False
FFF,2014B,106747,Withdrawn,0.0,0.0,0.0,287.0,2992.0,0.0,7049.5,True,False,False
FFF,2014B,115875,Withdrawn,0.0,0.0,0.0,287.0,2992.0,0.0,7049.5,True,False,False
FFF,2014B,174155,Withdrawn,0.0,0.0,0.0,287.0,2992.0,0.0,7049.5,True,False,False
FFF,2014B,190829,Withdrawn,0.0,0.0,0.0,287.0,2992.0,0.0,7049.5,True,False,False
FFF,2014B,195552,Withdrawn,0.0,0.0,0.0,287.0,2992.0,0.0,7049.5,True,False,False
FFF,2014B,197097,Withdrawn,0.0,0.0,0.0,287.0,2992.0,0.0,7049.5,True,False,False
FFF,2014B,247714,Withdrawn,0.0,0.0,0.0,287.0,2992.0,0.0,7049.5,True,False,False
FFF,2014B,271702,Withdrawn,0.0,0.0,0.0,287.0,2992.0,0.0,7049.5,True,False,False
FFF,2014B,289180,Withdrawn,0.0,0.0,0.0,287.0,2992.0,0.0,7049.5,True,False,False
FFF,2014B,301128,Withdrawn,0.0,0.0,0.0,287.0,2992.0,0.0,7049.5,True,False,False
FFF,2014B,302363,Withdrawn,0.0,0.0,0.0,287.0,2992.0,0.0,7049.5,True,False,False
FFF,2014B,323688,Withdrawn,0.0,0.0,0.0,287.0,2992.0,0.0,7049.5,True,False,False
FFF,2014B,326995,Withdrawn,0.0,0.0,0.0,287.0,2992.0,0.0,7049.5,True,False,False
FFF,2014B,328797,Withdrawn,0.0,0.0,0.0,287.0,2992.0,0.0,7049.5,True,False,False
FFF,2014B,330669,Withdrawn,0.0,0.0,0.0,287.0,2992.0,0.0,7049.5,True,False,False
FFF,2014B,335996,Withdrawn,0.0,0.0,0.0,287.0,2992.0,0.0,7049.5,True,False,False
FFF,2014B,347257,Withdrawn,0.0,0.0,0.0,287.0,2992.0,0.0,7049.5,True,False,False
FFF,2014B,356535,Withdrawn,0.0,0.0,0.0,287.0,2992.0,0.0,7049.5,True,False,False
FFF,2014B,385547,Withdrawn,0.0,0.0,0.0,287.0,2992.0,0.0,7049.5,True,False,False
FFF,2014B,406116,Withdrawn,0.0,0.0,0.0,287.0,2992.0,0.0,7049.5,True,False,False
FFF,2014B,417805,Fail,0.0,0.0,0.0,287.0,2992.0,0.0,7049.5,True,False,False
FFF,2014B,421989,Withdrawn,0.0,0.0,0.0,287.0,2992.0,0.0,7049.5,True,False,False
FFF,2014B,426782,Withdrawn,0.0,0.0,0.0,287.0,2992.0,0.0,7049.5,True,False,False
FFF,2014B,427276,Withdrawn,0.0,0.0,0.0,287.0,2992.0,0.0,7049.5,True,False,False
FFF,2014B,437303,Withdrawn,0.0,0.0,0.0,287.0,2992.0,0.0,7049.5,True,False,False
FFF,2014B,442819,Withdrawn,0.0,0.0,0.0,287.0,2992.0,0.0,7049.5,True,False,False
FFF,2014B,447036,Withdrawn,0.0,0.0,0.0,287.0,2992.0,0.0,7049.5,True,False,False
FFF,2014B,480531,Withdrawn,0.0,0.0,0.0,287.0,2992.0,0.0,7049.5,True,False,False
FFF,2014B,483195,Withdrawn,0.0,0.0,0.0,287.0,2992.0,0.0,7049.5,True,False,False
FFF,2014B,484292,Withdrawn,0.0,0.0,0.0,287.0,2992.0,0.0,7049.5,True,False,False
FFF,2014B,494495,Withdrawn,0.0,0.0,0.0,287.0,2992.0,0.0,7049.5,True,False,False
FFF,2014B,499244,Withdrawn,0.0,0.0,0.0,287.0,2992.0,0.0,7049.5,True,False,False
FFF,2014B,499404,Withdrawn,0.0,0.0,0.0,287.0,2992.0,0.0,7049.5,True,False,False
FFF,2014B,503024,Withdrawn,0.0,0.0,0.0,287.0,2992.0,0.0,7049.5,True,False,False
FFF,2014B,505900,Withdrawn,0.0,0.0,0.0,287.0,2992.0,0.0,7049.5,True,False,False
FFF,2014B,513796,Withdrawn,0.0,0.0,0.0,287.0,2992.0,0.0,7049.5,True,False,False
FFF,2014B,521032,Withdrawn,0.0,0.0,0.0,287.0,2992.0,0.0,7049.5,True,False,False
FFF,2014B,521073,Withdrawn,0.0,0.0,0.0,287.0,2992.0,0.0,7049.5,True,False,False
FFF,2014B,524379,Withdrawn,0.0,0.0,0.0,287.0,2992.0,0.0,7049.5,True,False,False
FFF,2014B,536711,Withdrawn,0.0,0.0,0.0,287.0,2992.0,0.0,7049.5,True,False,False
FFF,2014B,541478,Withdrawn,0.0,0.0,0.0,287.0,2992.0,0.0,7049.5,True,False,False
FFF,2014B,543785,Withdrawn,0.0,0.0,0.0,287.0,2992.0,0.0,7049.5,True,False,False
FFF,2014B,544276,Withdrawn,0.0,0.0,0.0,287.0,2992.0,0.0,7049.5,True,False,False
FFF,2014B,548332,Withdrawn,0.0,0.0,0.0,287.0,2992.0,0.0,7049.5,True,False,False
FFF,2014B,554597,Withdrawn,0.0,0.0,0.0,287.0,2992.0,0.0,7049.5,True,False,False
FFF,2014B,557141,Withdrawn,0.0,0.0,0.0,287.0,2992.0,0.0,7049.5,True,False,False
FFF,2014B,561796,Withdrawn,0.0,0.0,0.0,287.0,2992.0,0.0,7049.5,True,False,False
FFF,2014B,565257,Withdrawn,0.0,0.0,0.0,287.0,2992.0,0.0,7049.5,True,False,False
FFF,2014B,569729,Fail,0.0,0.0,0.0,287.0,2992.0,0.0,7049.5,True,False,False
FFF,2014B,572952,Withdrawn,0.0,0.0,0.0,287.0,2992.0,0.0,7049.5,True,False,False
FFF,2014B,575855,Withdrawn,0.0,0.0,0.0,287.0,2992.0,0.0,7049.5,True,False,False
FFF,2014B,576557,Withdrawn,0.0,0.0,0.0,287.0,2992.0,0.0,7049.5,True,False,False
FFF,2014B,577600,Fail,0.0,0.0,0.0,287.0,2992.0,0.0,7049.5,True,False,False
FFF,2014B,577795,Withdrawn,0.0,0.0,0.0,287.0,2992.0,0.0,7049.5,True,False,False
FFF,2014B,578258,Fail,0.0,0.0,0.0,287.0,2992.0,0.0,7049.5,True,False,False
FFF,2014B,582629,Fail,0.0,0.0,0.0,287.0,2992.0,0.0,7049.5,True,False,False
FFF,2014B,587248,Withdrawn,0.0,0.0,0.0,287.0,2992.0,0.0,7049.5,True,False,False
FFF,2014B,593004,Withdrawn,0.0,0.0,0.0,287.0,2992.0,0.0,7049.5,True,False,False
FFF,2014B,594122,Withdrawn,0.0,0.0,0.0,287.0,2992.0,0.0,7049.5,True,False,False
FFF,2014B,595481,Withdrawn,0.0,0.0,0.0,287.0,2992.0,0.0,7049.5,True,False,False
FFF,2014B,596637,Withdrawn,0.0,0.0,0.0,287.0,2992.0,0.0,7049.5,True,False,False
FFF,2014B,599105,Withdrawn,0.0,0.0,0.0,287.0,2992.0,0.0,7049.5,True,False,False
FFF,2014B,600397,Fail,0.0,0.0,0.0,287.0,2992.0,0.0,7049.5,True,False,False
FFF,2014B,601649,Withdrawn,0.0,0.0,0.0,287.0,2992.0,0.0,7049.5,True,False,False
FFF,2014B,601678,Withdrawn,0.0,0.0,0.0,287.0,2992.0,0.0,7049.5,True,False,False
FFF,2014B,604614,Withdrawn,0.0,0.0,0.0,287.0,2992.0,0.0,7049.5,True,False,False
FFF,2014B,604678,Withdrawn,0.0,0.0,0.0,287.0,2992.0,0.0,7049.5,True,False,False
FFF,2014B,604946,Withdrawn,0.0,0.0,0.0,287.0,2992.0,0.0,7049.5,True,False,False
FFF,2014B,606300,Withdrawn,0.0,0.0,0.0,287.0,2992.0,0.0,7049.5,True,False,False
FFF,2014B,608618,Withdrawn,0.0,0.0,0.0,287.0,2992.0,0.0,7049.5,True,False,False
FFF,2014B,611581,Withdrawn,0.0,0.0,0.0,287.0,2992.0,0.0,7049.5,True,False,False
FFF,2014B,612254,Withdrawn,0.0,0.0,0.0,287.0,2992.0,0.0,7049.5,True,False,False
FFF,2014B,612338,Withdrawn,0.0,0.0,0.0,287.0,2992.0,0.0,7049.5,True,False,False
FFF,2014B,612506,Fail,0.0,0.0,0.0,287.0,2992.0,0.0,7049.5,True,False,False
FFF,2014B,613106,Withdrawn,0.0,0.0,0.0,287.0,2992.0,0.0,7049.5,True,False,False
FFF,2014B,614661,Withdrawn,0.0,0.0,0.0,287.0,2992.0,0.0,7049.5,True,False,False
FFF,2014B,616557,Withdrawn,0.0,0.0,0.0,287.0,2992.0,0.0,7049.5,True,False,False
FFF,2014B,617015,Withdrawn,0.0,0.0,0.0,287.0,2992.0,0.0,7049.5,True,False,False
FFF,2014B,617255,Withdrawn,0.0,0.0,0.0,287.0,2992.0,0.0,7049.5,True,False,False
FFF,2014B,617307,Withdrawn,0.0,0.0,0.0,287.0,2992.0,0.0,7049.5,True,False,False
FFF,2014B,617557,Withdrawn,0.0,0.0,0.0,287.0,2992.0,0.0,7049.5,True,False,False
FFF,2014B,617647,Withdrawn,0.0,0.0,0.0,287.0,2992.0,0.0,7049.5,True,False,False
FFF,2014B,618642,Withdrawn,0.0,0.0,0.0,287.0,2992.0,0.0,7049.5,True,False,False
FFF,2014B,618684,Withdrawn,0.0,0.0,0.0,287.0,2992.0,0.0,7049.5,True,False,False
FFF,2014B,618848,Withdrawn,0.0,0.0,0.0,287.0,2992.0,0.0,7049.5,True,False,False
FFF,2014B,619204,Withdrawn,0.0,0.0,0.0,287.0,2992.0,0.0,7049.5,True,False,False
FFF,2014B,619205,Withdrawn,0.0,0.0,0.0,287.0,2992.0,0.0,7049.5,True,False,False
FFF,2014B,620364,Withdrawn,0.0,0.0,0.0,287.0,2992.0,0.0,7049.5,True,False,False
FFF,2014B,621675,Withdrawn,0.0,0.0,0.0,287.0,2992.0,0.0,7049.5,True,False,False
FFF,2014B,621698,Fail,0.0,0.0,0.0,287.0,2992.0,0.0,7049.5,True,False,False
FFF,2014B,622038,Withdrawn,0.0,0.0,0.0,287.0,2992.0,0.0,7049.5,True,False,False
FFF,2014B,622164,Withdrawn,0.0,0.0,0.0,287.0,2992.0,0.0,7049.5,True,False,False
FFF,2014B,622239,Withdrawn,0.0,0.0,0.0,287.0,2992.0,0.0,7049.5,True,False,False
FFF,2014B,623232,Withdrawn,0.0,0.0,0.0,287.0,2992.0,0.0,7049.5,True,False,False
FFF,2014B,623939,Withdrawn,0.0,0.0,0.0,287.0,2992.0,0.0,7049.5,True,False,False
FFF,2014B,624243,Withdrawn,0.0,0.0,0.0,287.0,2992.0,0.0,7049.5,True,False,False
FFF,2014B,624959,Withdrawn,0.0,0.0,0.0,287.0,2992.0,0.0,7049.5,True,False,False
FFF,2014B,625229,Withdrawn,0.0,0.0,0.0,287.0,2992.0,0.0,7049.5,True,False,False
FFF,2014B,625341,Withdrawn,0.0,0.0,0.0,287.0,2992.0,0.0,7049.5,True,False,False
FFF,2014B,625885,Withdrawn,0.0,0.0,0.0,287.0,2992.0,0.0,7049.5,True,False,False
FFF,2014B,625903,Withdrawn,0.0,0.0,0.0,287.0,2992.0,0.0,7049.5,True,False,False
FFF,2014B,626047,Withdrawn,0.0,0.0,0.0,287.0,2992.0,0.0,7049.5,True,False,False
FFF,2014B,626281,Withdrawn,0.0,0.0,0.0,287.0,2992.0,0.0,7049.5,True,False,False
FFF,2014B,626422,Withdrawn,0.0,0.0,0.0,287.0,2992.0,0.0,7049.5,True,False,False
FFF,2014B,626875,Withdrawn,0.0,0.0,0.0,287.0,2992.0,0.0,7049.5,True,False,False
FFF,2014B,627333,Withdrawn,0.0,0.0,0.0,287.0,2992.0,0.0,7049.5,True,False,False
FFF,2014B,627379,Withdrawn,0.0,0.0,0.0,287.0,2992.0,0.0,7049.5,True,False,False
FFF,2014B,627522,Withdrawn,0.0,0.0,0.0,287.0,2992.0,0.0,7049.5,True,False,False
FFF,2014B,627651,Withdrawn,0.0,0.0,0.0,287.0,2992.0,0.0,7049.5,True,False,False
FFF,2014B,628666,Withdrawn,0.0,0.0,0.0,287.0,2992.0,0.0,7049.5,True,False,False
FFF,2014B,628736,Withdrawn,0.0,0.0,0.0,287.0,2992.0,0.0,7049.5,True,False,False
FFF,2014B,630032,Withdrawn,0.0,0.0,0.0,287.0,2992.0,0.0,7049.5,True,False,False
FFF,2014B,630435,Fail,0.0,0.0,0.0,287.0,2992.0,0.0,7049.5,True,False,False
FFF,2014B,630870,Withdrawn,0.0,0.0,0.0,287.0,2992.0,0.0,7049.5,True,False,False
FFF,2014B,630950,Withdrawn,0.0,0.0,0.0,287.0,2992.0,0.0,7049.5,True,False,False
FFF,2014B,631365,Withdrawn,0.0,0.0,0.0,287.0,2992.0,0.0,7049.5,True,False,False
FFF,2014B,632634,Withdrawn,0.0,0.0,0.0,287.0,2992.0,0.0,7049.5,True,False,False
FFF,2014B,632841,Withdrawn,0.0,0.0,0.0,287.0,2992.0,0.0,7049.5,True,False,False
FFF,2014B,633739,Withdrawn,0.0,0.0,0.0,287.0,2992.0,0.0,7049.5,True,False,False
FFF,2014B,634292,Fail,0.0,0.0,0.0,287.0,2992.0,0.0,7049.5,True,False,False
FFF,2014B,634339,Withdrawn,0.0,0.0,0.0,287.0,2992.0,0.0,7049.5,True,False,False
FFF,2014B,1290731,Withdrawn,0.0,0.0,0.0,287.0,2992.0,0.0,7049.5,True,False,False
FFF,2014B,1450604,Withdrawn,0.0,0.0,0.0,287.0,2992.0,0.0,7049.5,True,False,False
FFF,2014B,1683192,Withdrawn,0.0,0.0,0.0,287.0,2992.0,0.0,7049.5,True,False,False
FFF,2014B,2022750,Withdrawn,0.0,0.0,0.0,287.0,2992.0,0.0,7049.5,True,False,False
FFF,2014B,2239539,Withdrawn,0.0,0.0,0.0,287.0,2992.0,0.0,7049.5,True,False,False
FFF,2014B,2381745,Withdrawn,0.0,0.0,0.0,287.0,2992.0,0.0,7049.5,True,False,False
FFF,2014B,2436584,Withdrawn,0.0,0.0,0.0,287.0,2992.0,0.0,7049.5,True,False,False
FFF,2014B,2462281,Withdrawn,0.0,0.0,0.0,287.0,2992.0,0.0,7049.5,True,False,False
FFF,2014B,2465589,Withdrawn,0.0,0.0,0.0,287.0,2992.0,0.0,7049.5,True,False,False
FFF,2014B,2517983,Withdrawn,0.0,0.0,0.0,287.0,2992.0,0.0,7049.5,True,False,False
FFF,2014B,2524794,Withdrawn,0.0,0.0,0.0,287.0,2992.0,0.0,7049.5,True,False,False
FFF,2014B,2653007,Fail,0.0,0.0,0.0,287.0,2992.0,0.0,7049.5,True,False,False
FFF,2014B,2675061,Fail,0.0,0.0,0.0,287.0,2992.0,0.0,7049.5,True,False,False
FFF,2014J,54772,Withdrawn,0.0,0.0,0.0,217.0,3439.0,0.0,8272.0,True,False,False
FFF,2014J,64777,Withdrawn,0.0,0.0,0.0,217.0,3439.0,0.0,8272.0,True,False,False
FFF,2014J,103594,Withdrawn,0.0,0.0,0.0,217.0,3439.0,0.0,8272.0,True,False,False
FFF,2014J,109907,Withdrawn,0.0,0.0,0.0,217.0,3439.0,0.0,8272.0,True,False,False
FFF,2014J,161837,Withdrawn,0.0,0.0,0.0,217.0,3439.0,0.0,8272.0,True,False,False
FFF,2014J,231980,Withdrawn,0.0,0.0,0.0,217.0,3439.0,0.0,8272.0,True,False,False
FFF,2014J,251397,Withdrawn,0.0,0.0,0.0,217.0,3439.0,0.0,8272.0,True,False,False
FFF,2014J,262332,Withdrawn,0.0,0.0,0.0,217.0,3439.0,0.0,8272.0,True,False,False
FFF,2014J,263143,Withdrawn,0.0,0.0,0.0,217.0,3439.0,0.0,8272.0,True,False,False
FFF,2014J,268727,Withdrawn,0.0,0.0,0.0,217.0,3439.0,0.0,8272.0,True,False,False
FFF,2014J,271702,Withdrawn,0.0,0.0,0.0,217.0,3439.0,0.0,8272.0,True,False,False
FFF,2014J,289179,Withdrawn,0.0,0.0,0.0,217.0,3439.0,0.0,8272.0,True,False,False
FFF,2014J,300848,Withdrawn,0.0,0.0,0.0,217.0,3439.0,0.0,8272.0,True,False,False
FFF,2014J,316061,Withdrawn,0.0,0.0,0.0,217.0,3439.0,0.0,8272.0,True,False,False
FFF,2014J,318289,Withdrawn,0.0,0.0,0.0,217.0,3439.0,0.0,8272.0,True,False,False
FFF,2014J,332676,Withdrawn,0.0,0.0,0.0,217.0,3439.0,0.0,8272.0,True,False,False
FFF,2014J,368389,Withdrawn,0.0,0.0,0.0,217.0,3439.0,0.0,8272.0,True,False,False
FFF,2014J,384331,Withdrawn,0.0,0.0,0.0,217.0,3439.0,0.0,8272.0,True,False,False
FFF,2014J,396136,Withdrawn,0.0,0.0,0.0,217.0,3439.0,0.0,8272.0,True,False,False
FFF,2014J,408872,Withdrawn,0.0,0.0,0.0,217.0,3439.0,0.0,8272.0,True,False,False
FFF,2014J,411688,Fail,0.0,0.0,0.0,217.0,3439.0,0.0,8272.0,True,False,False
FFF,2014J,416426,Withdrawn,0.0,0.0,0.0,217.0,3439.0,0.0,8272.0,True,False,False
FFF,2014J,425467,Withdrawn,0.0,0.0,0.0,217.0,3439.0,0.0,8272.0,True,False,False
FFF,2014J,426410,Fail,0.0,0.0,0.0,217.0,3439.0,0.0,8272.0,True,False,False
FFF,2014J,441020,Withdrawn,0.0,0.0,0.0,217.0,3439.0,0.0,8272.0,True,False,False
FFF,2014J,441170,Withdrawn,0.0,0.0,0.0,217.0,3439.0,0.0,8272.0,True,False,False
FFF,2014J,441540,Withdrawn,0.0,0.0,0.0,217.0,3439.0,0.0,8272.0,True,False,False
FFF,2014J,465245,Withdrawn,0.0,0.0,0.0,217.0,3439.0,0.0,8272.0,True,False,False
FFF,2014J,475566,Withdrawn,0.0,0.0,0.0,217.0,3439.0,0.0,8272.0,True,False,False
FFF,2014J,475699,Withdrawn,0.0,0.0,0.0,217.0,3439.0,0.0,8272.0,True,False,False
FFF,2014J,488136,Withdrawn,0.0,0.0,0.0,217.0,3439.0,0.0,8272.0,True,False,False
FFF,2014J,489104,Withdrawn,0.0,0.0,0.0,217.0,3439.0,0.0,8272.0,True,False,False
FFF,2014J,496815,Withdrawn,0.0,0.0,0.0,217.0,3439.0,0.0,8272.0,True,False,False
FFF,2014J,504700,Withdrawn,0.0,0.0,0.0,217.0,3439.0,0.0,8272.0,True,False,False
FFF,2014J,511859,Withdrawn,0.0,0.0,0.0,217.0,3439.0,0.0,8272.0,True,False,False
FFF,2014J,518599,Withdrawn,0.0,0.0,0.0,217.0,3439.0,0.0,8272.0,True,False,False
FFF,2014J,530196,Withdrawn,0.0,0.0,0.0,217.0,3439.0,0.0,8272.0,True,False,False
FFF,2014J,532744,Withdrawn,0.0,0.0,0.0,217.0,3439.0,0.0,8272.0,True,False,False
FFF,2014J,539913,Withdrawn,0.0,0.0,0.0,217.0,3439.0,0.0,8272.0,True,False,False
FFF,2014J,540155,Withdrawn,0.0,0.0,0.0,217.0,3439.0,0.0,8272.0,True,False,False
FFF,2014J,555277,Withdrawn,0.0,0.0,0.0,217.0,3439.0,0.0,8272.0,True,False,False
FFF,2014J,561519,Withdrawn,0.0,0.0,0.0,217.0,3439.0,0.0,8272.0,True,False,False
FFF,2014J,562762,Withdrawn,0.0,0.0,0.0,217.0,3439.0,0.0,8272.0,True,False,False
FFF,2014J,565474,Withdrawn,0.0,0.0,0.0,217.0,3439.0,0.0,8272.0,True,False,False
FFF,2014J,568443,Withdrawn,0.0,0.0,0.0,217.0,3439.0,0.0,8272.0,True,False,False
FFF,2014J,572804,Withdrawn,0.0,0.0,0.0,217.0,3439.0,0.0,8272.0,True,False,False
FFF,2014J,573291,Withdrawn,0.0,0.0,0.0,217.0,3439.0,0.0,8272.0,True,False,False
FFF,2014J,577950,Withdrawn,0.0,0.0,0.0,217.0,3439.0,0.0,8272.0,True,False,False
FFF,2014J,590381,Withdrawn,0.0,0.0,0.0,217.0,3439.0,0.0,8272.0,True,False,False
FFF,2014J,590543,Fail,0.0,0.0,0.0,217.0,3439.0,0.0,8272.0,True,False,False
FFF,2014J,596245,Withdrawn,0.0,0.0,0.0,217.0,3439.0,0.0,8272.0,True,False,False
FFF,2014J,596693,Withdrawn,0.0,0.0,0.0,217.0,3439.0,0.0,8272.0,True,False,False
FFF,2014J,598582,Withdrawn,0.0,0.0,0.0,217.0,3439.0,0.0,8272.0,True,False,False
FFF,2014J,602502,Fail,0.0,0.0,0.0,217.0,3439.0,0.0,8272.0,True,False,False
FFF,2014J,604652,Withdrawn,0.0,0.0,0.0,217.0,3439.0,0.0,8272.0,True,False,False
FFF,2014J,606293,Withdrawn,0.0,0.0,0.0,217.0,3439.0,0.0,8272.0,True,False,False
FFF,2014J,611465,Withdrawn,0.0,0.0,0.0,217.0,3439.0,0.0,8272.0,True,False,False
FFF,2014J,612763,Withdrawn,0.0,0.0,0.0,217.0,3439.0,0.0,8272.0,True,False,False
FFF,2014J,619887,Withdrawn,0.0,0.0,0.0,217.0,3439.0,0.0,8272.0,True,False,False
FFF,2014J,621307,Withdrawn,0.0,0.0,0.0,217.0,3439.0,0.0,8272.0,True,False,False
FFF,2014J,627238,Withdrawn,0.0,0.0,0.0,217.0,3439.0,0.0,8272.0,True,False,False
FFF,2014J,627443,Withdrawn,0.0,0.0,0.0,217.0,3439.0,0.0,8272.0,True,False,False
FFF,2014J,627840,Withdrawn,0.0,0.0,0.0,217.0,3439.0,0.0,8272.0,True,False,False
FFF,2014J,630289,Withdrawn,0.0,0.0,0.0,217.0,3439.0,0.0,8272.0,True,False,False
FFF,2014J,630510,Withdrawn,0.0,0.0,0.0,217.0,3439.0,0.0,8272.0,True,False,False
FFF,2014J,635271,Withdrawn,0.0,0.0,0.0,217.0,3439.0,0.0,8272.0,True,False,False
FFF,2014J,636407,Fail,0.0,0.0,0.0,217.0,3439.0,0.0,8272.0,True,False,False
FFF,2014J,636749,Withdrawn,0.0,0.0,0.0,217.0,3439.0,0.0,8272.0,True,False,False
FFF,2014J,637338,Withdrawn,0.0,0.0,0.0,217.0,3439.0,0.0,8272.0,True,False,False
FFF,2014J,638414,Withdrawn,0.0,0.0,0.0,217.0,3439.0,0.0,8272.0,True,False,False
FFF,2014J,638425,Withdrawn,0.0,0.0,0.0,217.0,3439.0,0.0,8272.0,True,False,False
FFF,2014J,640140,Withdrawn,0.0,0.0,0.0,217.0,3439.0,0.0,8272.0,True,False,False
FFF,2014J,640393,Withdrawn,0.0,0.0,0.0,217.0,3439.0,0.0,8272.0,True,False,False
FFF,2014J,640774,Withdrawn,0.0,0.0,0.0,217.0,3439.0,0.0,8272.0,True,False,False
FFF,2014J,641307,Withdrawn,0.0,0.0,0.0,217.0,3439.0,0.0,8272.0,True,False,False
FFF,2014J,642013,Withdrawn,0.0,0.0,0.0,217.0,3439.0,0.0,8272.0,True,False,False
FFF,2014J,642128,Withdrawn,0.0,0.0,0.0,217.0,3439.0,0.0,8272.0,True,False,False
FFF,2014J,643379,Withdrawn,0.0,0.0,0.0,217.0,3439.0,0.0,8272.0,True,False,False
FFF,2014J,643455,Withdrawn,0.0,0.0,0.0,217.0,3439.0,0.0,8272.0,True,False,False
FFF,2014J,644834,Withdrawn,0.0,0.0,0.0,217.0,3439.0,0.0,8272.0,True,False,False
FFF,2014J,644885,Withdrawn,0.0,0.0,0.0,217.0,3439.0,0.0,8272.0,True,False,False
FFF,2014J,645194,Withdrawn,0.0,0.0,0.0,217.0,3439.0,0.0,8272.0,True,False,False
FFF,2014J,645529,Withdrawn,0.0,0.0,0.0,217.0,3439.0,0.0,8272.0,True,False,False
FFF,2014J,645618,Withdrawn,0.0,0.0,0.0,217.0,3439.0,0.0,8272.0,True,False,False
FFF,2014J,645638,Withdrawn,0.0,0.0,0.0,217.0,3439.0,0.0,8272.0,True,False,False
FFF,2014J,646083,Withdrawn,0.0,0.0,0.0,217.0,3439.0,0.0,8272.0,True,False,False
FFF,2014J,646120,Withdrawn,0.0,0.0,0.0,217.0,3439.0,0.0,8272.0,True,False,False
FFF,2014J,646498,Withdrawn,0.0,0.0,0.0,217.0,3439.0,0.0,8272.0,True,False,False
FFF,2014J,646613,Withdrawn,0.0,0.0,0.0,217.0,3439.0,0.0,8272.0,True,False,False
FFF,2014J,646972,Withdrawn,0.0,0.0,0.0,217.0,3439.0,0.0,8272.0,True,False,False
FFF,2014J,647072,Withdrawn,0.0,0.0,0.0,217.0,3439.0,0.0,8272.0,True,False,False
FFF,2014J,647594,Withdrawn,0.0,0.0,0.0,217.0,3439.0,0.0,8272.0,True,False,False
FFF,2014J,647799,Withdrawn,0.0,0.0,0.0,217.0,3439.0,0.0,8272.0,True,False,False
FFF,2014J,648118,Withdrawn,0.0,0.0,0.0,217.0,3439.0,0.0,8272.0,True,False,False
FFF,2014J,648137,Withdrawn,0.0,0.0,0.0,217.0,3439.0,0.0,8272.0,True,False,False
FFF,2014J,648348,Withdrawn,0.0,0.0,0.0,217.0,3439.0,0.0,8272.0,True,False,False
FFF,2014J,648373,Withdrawn,0.0,0.0,0.0,217.0,3439.0,0.0,8272.0,True,False,False
FFF,2014J,648477,Withdrawn,0.0,0.0,0.0,217.0,3439.0,0.0,8272.0,True,False,False
FFF,2014J,648521,Withdrawn,0.0,0.0,0.0,217.0,3439.0,0.0,8272.0,True,False,False
FFF,2014J,648546,Withdrawn,0.0,0.0,0.0,217.0,3439.0,0.0,8272.0,True,False,False
FFF,2014J,648605,Withdrawn,0.0,0.0,0.0,217.0,3439.0,0.0,8272.0,True,False,False
FFF,2014J,648650,Withdrawn,0.0,0.0,0.0,217.0,3439.0,0.0,8272.0,True,False,False
FFF,2014J,648667,Withdrawn,0.0,0.0,0.0,217.0,3439.0,0.0,8272.0,True,False,False
FFF,2014J,648698,Withdrawn,0.0,0.0,0.0,217.0,3439.0,0.0,8272.0,True,False,False
FFF,2014J,649147,Withdrawn,0.0,0.0,0.0,217.0,3439.0,0.0,8272.0,True,False,False
FFF,2014J,649523,Withdrawn,0.0,0.0,0.0,217.0,3439.0,0.0,8272.0,True,False,False
FFF,2014J,649764,Withdrawn,0.0,0.0,0.0,217.0,3439.0,0.0,8272.0,True,False,False
FFF,2014J,649926,Withdrawn,0.0,0.0,0.0,217.0,3439.0,0.0,8272.0,True,False,False
FFF,2014J,650052,Withdrawn,0.0,0.0,0.0,217.0,3439.0,0.0,8272.0,True,False,False
FFF,2014J,650180,Withdrawn,0.0,0.0,0.0,217.0,3439.0,0.0,8272.0,True,False,False
FFF,2014J,650285,Withdrawn,0.0,0.0,0.0,217.0,3439.0,0.0,8272.0,True,False,False
FFF,2014J,650321,Withdrawn,0.0,0.0,0.0,217.0,3439.0,0.0,8272.0,True,False,False
FFF,2014J,650353,Withdrawn,0.0,0.0,0.0,217.0,3439.0,0.0,8272.0,True,False,False
FFF,2014J,650398,Withdrawn,0.0,0.0,0.0,217.0,3439.0,0.0,8272.0,True,False,False
FFF,2014J,650400,Withdrawn,0.0,0.0,0.0,217.0,3439.0,0.0,8272.0,True,False,False
FFF,2014J,650952,Withdrawn,0.0,0.0,0.0,217.0,3439.0,0.0,8272.0,True,False,False
FFF,2014J,651608,Withdrawn,0.0,0.0,0.0,217.0,3439.0,0.0,8272.0,True,False,False
FFF,2014J,651611,Withdrawn,0.0,0.0,0.0,217.0,3439.0,0.0,8272.0,True,False,False
FFF,2014J,651697,Withdrawn,0.0,0.0,0.0,217.0,3439.0,0.0,8272.0,True,False,False
FFF,2014J,652025,Withdrawn,0.0,0.0,0.0,217.0,3439.0,0.0,8272.0,True,False,False
FFF,2014J,652569,Withdrawn,0.0,0.0,0.0,217.0,3439.0,0.0,8272.0,True,False,False
FFF,2014J,653051,Withdrawn,0.0,0.0,0.0,217.0,3439.0,0.0,8272.0,True,False,False
FFF,2014J,653174,Withdrawn,0.0,0.0,0.0,217.0,3439.0,0.0,8272.0,True,False,False
FFF,2014J,653255,Withdrawn,0.0,0.0,0.0,217.0,3439.0,0.0,8272.0,True,False,False
FFF,2014J,653336,Withdrawn,0.0,0.0,0.0,217.0,3439.0,0.0,8272.0,True,False,False
FFF,2014J,653616,Withdrawn,0.0,0.0,0.0,217.0,3439.0,0.0,8272.0,True,False,False
FFF,2014J,653747,Withdrawn,0.0,0.0,0.0,217.0,3439.0,0.0,8272.0,True,False,False
FFF,2014J,654289,Withdrawn,0.0,0.0,0.0,217.0,3439.0,0.0,8272.0,True,False,False
FFF,2014J,654338,Withdrawn,0.0,0.0,0.0,217.0,3439.0,0.0,8272.0,True,False,False
FFF,2014J,654619,Withdrawn,0.0,0.0,0.0,217.0,3439.0,0.0,8272.0,True,False,False
FFF,2014J,654732,Withdrawn,0.0,0.0,0.0,217.0,3439.0,0.0,8272.0,True,False,False
FFF,2014J,654816,Withdrawn,0.0,0.0,0.0,217.0,3439.0,0.0,8272.0,True,False,False
FFF,2014J,654943,Withdrawn,0.0,0.0,0.0,217.0,3439.0,0.0,8272.0,True,False,False
FFF,2014J,654960,Withdrawn,0.0,0.0,0.0,217.0,3439.0,0.0,8272.0,True,False,False
FFF,2014J,655402,Withdrawn,0.0,0.0,0.0,217.0,3439.0,0.0,8272.0,True,False,False
FFF,2014J,655417,Withdrawn,0.0,0.0,0.0,217.0,3439.0,0.0,8272.0,True,False,False
FFF,2014J,655627,Withdrawn,0.0,0.0,0.0,217.0,3439.0,0.0,8272.0,True,False,False
FFF,2014J,655747,Withdrawn,0.0,0.0,0.0,217.0,3439.0,0.0,8272.0,True,False,False
FFF,2014J,656102,Withdrawn,0.0,0.0,0.0,217.0,3439.0,0.0,8272.0,True,False,False
FFF,2014J,656512,Withdrawn,0.0,0.0,0.0,217.0,3439.0,0.0,8272.0,True,False,False
FFF,2014J,656519,Withdrawn,0.0,0.0,0.0,217.0,3439.0,0.0,8272.0,True,False,False
FFF,2014J,656565,Withdrawn,0.0,0.0,0.0,217.0,3439.0,0.0,8272.0,True,False,False
FFF,2014J,656599,Withdrawn,0.0,0.0,0.0,217.0,3439.0,0.0,8272.0,True,False,False
FFF,2014J,674261,Withdrawn,0.0,0.0,0.0,217.0,3439.0,0.0,8272.0,True,False,False
FFF,2014J,674764,Withdrawn,0.0,0.0,0.0,217.0,3439.0,0.0,8272.0,True,False,False
FFF,2014J,674814,Withdrawn,0.0,0.0,0.0,217.0,3439.0,0.0,8272.0,True,False,False
FFF,2014J,674911,Withdrawn,0.0,0.0,0.0,217.0,3439.0,0.0,8272.0,True,False,False
FFF,2014J,674935,Withdrawn,0.0,0.0,0.0,217.0,3439.0,0.0,8272.0,True,False,False
FFF,2014J,674970,Withdrawn,0.0,0.0,0.0,217.0,3439.0,0.0,8272.0,True,False,False
FFF,2014J,675002,Withdrawn,0.0,0.0,0.0,217.0,3439.0,0.0,8272.0,True,False,False
FFF,2014J,675046,Withdrawn,0.0,0.0,0.0,217.0,3439.0,0.0,8272.0,True,False,False
FFF,2014J,675127,Withdrawn,0.0,0.0,0.0,217.0,3439.0,0.0,8272.0,True,False,False
FFF,2014J,675613,Withdrawn,0.0,0.0,0.0,217.0,3439.0,0.0,8272.0,True,False,False
FFF,2014J,675669,Withdrawn,0.0,0.0,0.0,217.0,3439.0,0.0,8272.0,True,False,False
FFF,2014J,675829,Withdrawn,0.0,0.0,0.0,217.0,3439.0,0.0,8272.0,True,False,False
FFF,2014J,676128,Withdrawn,0.0,0.0,0.0,217.0,3439.0,0.0,8272.0,True,False,False
FFF,2014J,676320,Withdrawn,0.0,0.0,0.0,217.0,3439.0,0.0,8272.0,True,False,False
FFF,2014J,676324,Withdrawn,0.0,0.0,0.0,217.0,3439.0,0.0,8272.0,True,False,False
FFF,2014J,676930,Withdrawn,0.0,0.0,0.0,217.0,3439.0,0.0,8272.0,True,False,False
FFF,2014J,677027,Withdrawn,0.0,0.0,0.0,217.0,3439.0,0.0,8272.0,True,False,False
FFF,2014J,677369,Withdrawn,0.0,0.0,0.0,217.0,3439.0,0.0,8272.0,True,False,False
FFF,2014J,678127,Withdrawn,0.0,0.0,0.0,217.0,3439.0,0.0,8272.0,True,False,False
FFF,2014J,678287,Withdrawn,0.0,0.0,0.0,217.0,3439.0,0.0,8272.0,True,False,False
FFF,2014J,679949,Fail,0.0,0.0,0.0,217.0,3439.0,0.0,8272.0,True,False,False
FFF,2014J,680072,Withdrawn,0.0,0.0,0.0,217.0,3439.0,0.0,8272.0,True,False,False
FFF,2014J,680374,Withdrawn,0.0,0.0,0.0,217.0,3439.0,0.0,8272.0,True,False,False
FFF,2014J,680715,Withdrawn,0.0,0.0,0.0,217.0,3439.0,0.0,8272.0,True,False,False
FFF,2014J,680766,Withdrawn,0.0,0.0,0.0,217.0,3439.0,0.0,8272.0,True,False,False
FFF,2014J,681052,Withdrawn,0.0,0.0,0.0,217.0,3439.0,0.0,8272.0,True,False,False
FFF,2014J,681063,Withdrawn,0.0,0.0,0.0,217.0,3439.0,0.0,8272.0,True,False,False
FFF,2014J,681120,Withdrawn,0.0,0.0,0.0,217.0,3439.0,0.0,8272.0,True,False,False
FFF,2014J,682050,Fail,0.0,0.0,0.0,217.0,3439.0,0.0,8272.0,True,False,False
FFF,2014J,682142,Withdrawn,0.0,0.0,0.0,217.0,3439.0,0.0,8272.0,True,False,False
FFF,2014J,682359,Withdrawn,0.0,0.0,0.0,217.0,3439.0,0.0,8272.0,True,False,False
FFF,2014J,682524,Withdrawn,0.0,0.0,0.0,217.0,3439.0,0.0,8272.0,True,False,False
FFF,2014J,682596,Withdrawn,0.0,0.0,0.0,217.0,3439.0,0.0,8272.0,True,False,False
FFF,2014J,682617,Withdrawn,0.0,0.0,0.0,217.0,3439.0,0.0,8272.0,True,False,False
FFF,2014J,683144,Withdrawn,0.0,0.0,0.0,217.0,3439.0,0.0,8272.0,True,False,False
FFF,2014J,683547,Withdrawn,0.0,0.0,0.0,217.0,3439.0,0.0,8272.0,True,False,False
FFF,2014J,683642,Withdrawn,0.0,0.0,0.0,217.0,3439.0,0.0,8272.0,True,False,False
FFF,2014J,683912,Withdrawn,0.0,0.0,0.0,217.0,3439.0,0.0,8272.0,True,False,False
FFF,2014J,684014,Withdrawn,0.0,0.0,0.0,217.0,3439.0,0.0,8272.0,True,False,False
FFF,2014J,684313,Withdrawn,0.0,0.0,0.0,217.0,3439.0,0.0,8272.0,True,False,False
FFF,2014J,684983,Withdrawn,0.0,0.0,0.0,217.0,3439.0,0.0,8272.0,True,False,False
FFF,2014J,685333,Withdrawn,0.0,0.0,0.0,217.0,3439.0,0.0,8272.0,True,False,False
FFF,2014J,685439,Withdrawn,0.0,0.0,0.0,217.0,3439.0,0.0,8272.0,True,False,False
FFF,2014J,685565,Withdrawn,0.0,0.0,0.0,217.0,3439.0,0.0,8272.0,True,False,False
FFF,2014J,685683,Withdrawn,0.0,0.0,0.0,217.0,3439.0,0.0,8272.0,True,False,False
FFF,2014J,685807,Withdrawn,0.0,0.0,0.0,217.0,3439.0,0.0,8272.0,True,False,False
FFF,2014J,685920,Withdrawn,0.0,0.0,0.0,217.0,3439.0,0.0,8272.0,True,False,False
FFF,2014J,686458,Withdrawn,0.0,0.0,0.0,217.0,3439.0,0.0,8272.0,True,False,False
FFF,2014J,686799,Withdrawn,0.0,0.0,0.0,217.0,3439.0,0.0,8272.0,True,False,False
FFF,2014J,687319,Withdrawn,0.0,0.0,0.0,217.0,3439.0,0.0,8272.0,True,False,False
FFF,2014J,687448,Withdrawn,0.0,0.0,0.0,217.0,3439.0,0.0,8272.0,True,False,False
FFF,2014J,687795,Withdrawn,0.0,0.0,0.0,217.0,3439.0,0.0,8272.0,True,False,False
FFF,2014J,688005,Withdrawn,0.0,0.0,0.0,217.0,3439.0,0.0,8272.0,True,False,False
FFF,2014J,688297,Withdrawn,0.0,0.0,0.0,217.0,3439.0,0.0,8272.0,True,False,False
FFF,2014J,688509,Withdrawn,0.0,0.0,0.0,217.0,3439.0,0.0,8272.0,True,False,False
FFF,2014J,688532,Withdrawn,0.0,0.0,0.0,217.0,3439.0,0.0,8272.0,True,False,False
FFF,2014J,689533,Withdrawn,0.0,0.0,0.0,217.0,3439.0,0.0,8272.0,True,False,False
FFF,2014J,689640,Withdrawn,0.0,0.0,0.0,217.0,3439.0,0.0,8272.0,True,False,False
FFF,2014J,689747,Withdrawn,0.0,0.0,0.0,217.0,3439.0,0.0,8272.0,True,False,False
FFF,2014J,689751,Withdrawn,0.0,0.0,0.0,217.0,3439.0,0.0,8272.0,True,False,False
FFF,2014J,689761,Withdrawn,0.0,0.0,0.0,217.0,3439.0,0.0,8272.0,True,False,False
FFF,2014J,690559,Withdrawn,0.0,0.0,0.0,217.0,3439.0,0.0,8272.0,True,False,False
FFF,2014J,691563,Withdrawn,0.0,0.0,0.0,217.0,3439.0,0.0,8272.0,True,False,False
FFF,2014J,692189,Withdrawn,0.0,0.0,0.0,217.0,3439.0,0.0,8272.0,True,False,False
FFF,2014J,692273,Withdrawn,0.0,0.0,0.0,217.0,3439.0,0.0,8272.0,True,False,False
FFF,2014J,692740,Withdrawn,0.0,0.0,0.0,217.0,3439.0,0.0,8272.0,True,False,False
FFF,2014J,693223,Withdrawn,0.0,0.0,0.0,217.0,3439.0,0.0,8272.0,True,False,False
FFF,2014J,694059,Withdrawn,0.0,0.0,0.0,217.0,3439.0,0.0,8272.0,True,False,False
FFF,2014J,694415,Withdrawn,0.0,0.0,0.0,217.0,3439.0,0.0,8272.0,True,False,False
FFF,2014J,695416,Withdrawn,0.0,0.0,0.0,217.0,3439.0,0.0,8272.0,True,False,False
FFF,2014J,695449,Withdrawn,0.0,0.0,0.0,217.0,3439.0,0.0,8272.0,True,False,False
FFF,2014J,695574,Withdrawn,0.0,0.0,0.0,217.0,3439.0,0.0,8272.0,True,False,False
FFF,2014J,695764,Withdrawn,0.0,0.0,0.0,217.0,3439.0,0.0,8272.0,True,False,False
FFF,2014J,696276,Withdrawn,0.0,0.0,0.0,217.0,3439.0,0.0,8272.0,True,False,False
FFF,2014J,696664,Withdrawn,0.0,0.0,0.0,217.0,3439.0,0.0,8272.0,True,False,False
FFF,2014J,696981,Withdrawn,0.0,0.0,0.0,217.0,3439.0,0.0,8272.0,True,False,False
FFF,2014J,696985,Withdrawn,0.0,0.0,0.0,217.0,3439.0,0.0,8272.0,True,False,False
FFF,2014J,697204,Withdrawn,0.0,0.0,0.0,217.0,3439.0,0.0,8272.0,True,False,False
FFF,2014J,697257,Withdrawn,0.0,0.0,0.0,217.0,3439.0,0.0,8272.0,True,False,False
FFF,2014J,697581,Withdrawn,0.0,0.0,0.0,217.0,3439.0,0.0,8272.0,True,False,False
FFF,2014J,698237,Withdrawn,0.0,0.0,0.0,217.0,3439.0,0.0,8272.0,True,False,False
FFF,2014J,1459010,Withdrawn,0.0,0.0,0.0,217.0,3439.0,0.0,8272.0,True,False,False
FFF,2014J,1629444,Withdrawn,0.0,0.0,0.0,217.0,3439.0,0.0,8272.0,True,False,False
FFF,2014J,1895399,Withdrawn,0.0,0.0,0.0,217.0,3439.0,0.0,8272.0,True,False,False
FFF,2014J,1929219,Withdrawn,0.0,0.0,0.0,217.0,3439.0,0.0,8272.0,True,False,False
FFF,2014J,1972368,Withdrawn,0.0,0.0,0.0,217.0,3439.0,0.0,8272.0,True,False,False
FFF,2014J,2071670,Withdrawn,0.0,0.0,0.0,217.0,3439.0,0.0,8272.0,True,False,False
FFF,2014J,2113446,Withdrawn,0.0,0.0,0.0,217.0,3439.0,0.0,8272.0,True,False,False
FFF,2014J,2137697,Withdrawn,0.0,0.0,0.0,217.0,3439.0,0.0,8272.0,True,False,False
FFF,2014J,2146013,Withdrawn,0.0,0.0,0.0,217.0,3439.0,0.0,8272.0,True,False,False
FFF,2014J,2268069,Withdrawn,0.0,0.0,0.0,217.0,3439.0,0.0,8272.0,True,False,False
FFF,2014J,2371481,Withdrawn,0.0,0.0,0.0,217.0,3439.0,0.0,8272.0,True,False,False
FFF,2014J,2411981,Withdrawn,0.0,0.0,0.0,217.0,3439.0,0.0,8272.0,True,False,False
FFF,2014J,2462281,Withdrawn,0.0,0.0,0.0,217.0,3439.0,0.0,8272.0,True,False,False
FFF,2014J,2468232,Withdrawn,0.0,0.0,0.0,217.0,3439.0,0.0,8272.0,True,False,False
FFF,2014J,2486215,Withdrawn,0.0,0.0,0.0,217.0,3439.0,0.0,8272.0,True,False,False
FFF,2014J,2509531,Withdrawn,0.0,0.0,0.0,217.0,3439.0,0.0,8272.0,True,False,False
FFF,2014J,2521574,Withdrawn,0.0,0.0,0.0,217.0,3439.0,0.0,8272.0,True,False,False
FFF,2014J,2613827,Withdrawn,0.0,0.0,0.0,217.0,3439.0,0.0,8272.0,True,False,False
FFF,2014J,2687012,Withdrawn,0.0,0.0,0.0,217.0,3439.0,0.0,8272.0,True,False,False
FFF,2014J,2702660,Withdrawn,0.0,0.0,0.0,217.0,3439.0,0.0,8272.0,True,False,False
GGG,2013J,75442,Fail,0.0,0.0,0.0,160.5,696.0,0.0,1499.25,True,False,False
GGG,2013J,236848,Fail,0.0,0.0,0.0,160.5,696.0,0.0,1499.25,True,False,False
GGG,2013J,308634,Fail,0.0,0.0,0.0,160.5,696.0,0.0,1499.25,True,False,False
GGG,2013J,313070,Withdrawn,0.0,0.0,0.0,160.5,696.0,0.0,1499.25,True,False,False
GGG,2013J,383420,Withdrawn,0.0,0.0,0.0,160.5,696.0,0.0,1499.25,True,False,False
GGG,2013J,465724,Fail,0.0,0.0,0.0,160.5,696.0,0.0,1499.25,True,False,False
GGG,2013J,474272,Fail,0.0,0.0,0.0,160.5,696.0,0.0,1499.25,True,False,False
GGG,2013J,479595,Withdrawn,0.0,0.0,0.0,160.5,696.0,0.0,1499.25,True,False,False
GGG,2013J,483158,Fail,0.0,0.0,0.0,160.5,696.0,0.0,1499.25,True,False,False
GGG,2013J,494291,Fail,0.0,0.0,0.0,160.5,696.0,0.0,1499.25,True,False,False
GGG,2013J,530826,Fail,0.0,0.0,0.0,160.5,696.0,0.0,1499.25,True,False,False
GGG,2013J,547440,Withdrawn,0.0,0.0,0.0,160.5,696.0,0.0,1499.25,True,False,False
GGG,2013J,564190,Withdrawn,0.0,0.0,0.0,160.5,696.0,0.0,1499.25,True,False,False
GGG,2013J,566153,Withdrawn,0.0,0.0,0.0,160.5,696.0,0.0,1499.25,True,False,False
GGG,2013J,566603,Withdrawn,0.0,0.0,0.0,160.5,696.0,0.0,1499.25,True,False,False
GGG,2013J,567987,Fail,0.0,0.0,0.0,160.5,696.0,0.0,1499.25,True,False,False
GGG,2013J,569381,Withdrawn,0.0,0.0,0.0,160.5,696.0,0.0,1499.25,True,False,False
GGG,2013J,571359,Fail,0.0,0.0,0.0,160.5,696.0,0.0,1499.25,True,False,False
GGG,2013J,571896,Fail,0.0,0.0,0.0,160.5,696.0,0.0,1499.25,True,False,False
GGG,2013J,573510,Fail,0.0,0.0,0.0,160.5,696.0,0.0,1499.25,True,False,False
GGG,2013J,575691,Fail,0.0,0.0,0.0,160.5,696.0,0.0,1499.25,True,False,False
GGG,2013J,578941,Fail,0.0,0.0,0.0,160.5,696.0,0.0,1499.25,True,False,False
GGG,2013J,580095,Fail,0.0,0.0,0.0,160.5,696.0,0.0,1499.25,True,False,False
GGG,2013J,582710,Fail,0.0,0.0,0.0,160.5,696.0,0.0,1499.25,True,False,False
GGG,2013J,584512,Fail,0.0,0.0,0.0,160.5,696.0,0.0,1499.25,True,False,False
GGG,2013J,584850,Fail,0.0,0.0,0.0,160.5,696.0,0.0,1499.25,True,False,False
GGG,2013J,585297,Fail,0.0,0.0,0.0,160.5,696.0,0.0,1499.25,True,False,False
GGG,2013J,589927,Fail,0.0,0.0,0.0,160.5,696.0,0.0,1499.25,True,False,False
GGG,2013J,591294,Withdrawn,0.0,0.0,0.0,160.5,696.0,0.0,1499.25,True,False,False
GGG,2013J,591464,Withdrawn,0.0,0.0,0.0,160.5,696.0,0.0,1499.25,True,False,False
GGG,2013J,591822,Withdrawn,0.0,0.0,0.0,160.5,696.0,0.0,1499.25,True,False,False
GGG,2013J,593337,Withdrawn,0.0,0.0,0.0,160.5,696.0,0.0,1499.25,True,False,False
GGG,2013J,594727,Withdrawn,0.0,0.0,0.0,160.5,696.0,0.0,1499.25,True,False,False
GGG,2013J,594816,Fail,0.0,0.0,0.0,160.5,696.0,0.0,1499.25,True,False,False
GGG,2013J,596819,Fail,0.0,0.0,0.0,160.5,696.0,0.0,1499.25,True,False,False
GGG,2013J,597289,Fail,0.0,0.0,0.0,160.5,696.0,0.0,1499.25,True,False,False
GGG,2013J,599499,Fail,0.0,0.0,0.0,160.5,696.0,0.0,1499.25,True,False,False
GGG,2013J,599553,Fail,0.0,0.0,0.0,160.5,696.0,0.0,1499.25,True,False,False
GGG,2013J,601280,Withdrawn,0.0,0.0,0.0,160.5,696.0,0.0,1499.25,True,False,False
GGG,2013J,601581,Fail,0.0,0.0,0.0,160.5,696.0,0.0,1499.25,True,False,False
GGG,2013J,601892,Fail,0.0,0.0,0.0,160.5,696.0,0.0,1499.25,True,False,False
GGG,2013J,602004,Withdrawn,0.0,0.0,0.0,160.5,696.0,0.0,1499.25,True,False,False
GGG,2013J,603573,Fail,0.0,0.0,0.0,160.5,696.0,0.0,1499.25,True,False,False
GGG,2013J,604471,Fail,0.0,0.0,0.0,160.5,696.0,0.0,1499.25,True,False,False
GGG,2013J,606497,Fail,0.0,0.0,0.0,160.5,696.0,0.0,1499.25,True,False,False
GGG,2013J,608114,Fail,0.0,0.0,0.0,160.5,696.0,0.0,1499.25,True,False,False
GGG,2013J,609567,Withdrawn,0.0,0.0,0.0,160.5,696.0,0.0,1499.25,True,False,False
GGG,2013J,1615575,Withdrawn,0.0,0.0,0.0,160.5,696.0,0.0,1499.25,True,False,False
GGG,2013J,1953764,Fail,0.0,0.0,0.0,160.5,696.0,0.0,1499.25,True,False,False
GGG,2013J,1986974,Withdrawn,0.0,0.0,0.0,160.5,696.0,0.0,1499.25,True,False,False
GGG,2013J,2002057,Fail,0.0,0.0,0.0,160.5,696.0,0.0,1499.25,True,False,False
GGG,2013J,2048119,Withdrawn,0.0,0.0,0.0,160.5,696.0,0.0,1499.25,True,False,False
GGG,2013J,2237783,Withdrawn,0.0,0.0,0.0,160.5,696.0,0.0,1499.25,True,False,False
GGG,2013J,2440133,Withdrawn,0.0,0.0,0.0,160.5,696.0,0.0,1499.25,True,False,False
GGG,2013J,2464917,Fail,0.0,0.0,0.0,160.5,696.0,0.0,1499.25,True,False,False
GGG,2013J,2540288,Fail,0.0,0.0,0.0,160.5,696.0,0.0,1499.25,True,False,False
GGG,2013J,2649341,Fail,0.0,0.0,0.0,160.5,696.0,0.0,1499.25,True,False,False
GGG,2014B,38187,Withdrawn,0.0,0.0,0.0,102.0,658.0,0.0,1492.0,True,False,False
GGG,2014B,117969,Withdrawn,0.0,0.0,0.0,102.0,658.0,0.0,1492.0,True,False,False
GGG,2014B,164451,Withdrawn,0.0,0.0,0.0,102.0,658.0,0.0,1492.0,True,False,False
GGG,2014B,168845,Withdrawn,0.0,0.0,0.0,102.0,658.0,0.0,1492.0,True,False,False
GGG,2014B,191235,Withdrawn,0.0,0.0,0.0,102.0,658.0,0.0,1492.0,True,False,False
GGG,2014B,204550,Fail,0.0,0.0,0.0,102.0,658.0,0.0,1492.0,True,False,False
GGG,2014B,233461,Fail,0.0,0.0,0.0,102.0,658.0,0.0,1492.0,True,False,False
GGG,2014B,345737,Withdrawn,0.0,0.0,0.0,102.0,658.0,0.0,1492.0,True,False,False
GGG,2014B,350473,Fail,0.0,0.0,0.0,102.0,658.0,0.0,1492.0,True,False,False
GGG,2014B,399120,Withdrawn,0.0,0.0,0.0,102.0,658.0,0.0,1492.0,True,False,False
GGG,2014B,401909,Withdrawn,0.0,0.0,0.0,102.0,658.0,0.0,1492.0,True,False,False
GGG,2014B,411546,Fail,0.0,0.0,0.0,102.0,658.0,0.0,1492.0,True,False,False
GGG,2014B,491607,Withdrawn,0.0,0.0,0.0,102.0,658.0,0.0,1492.0,True,False,False
GGG,2014B,553640,Withdrawn,0.0,0.0,0.0,102.0,658.0,0.0,1492.0,True,False,False
GGG,2014B,568572,Withdrawn,0.0,0.0,0.0,102.0,658.0,0.0,1492.0,True,False,False
GGG,2014B,568863,Fail,0.0,0.0,0.0,102.0,658.0,0.0,1492.0,True,False,False
GGG,2014B,576658,Withdrawn,0.0,0.0,0.0,102.0,658.0,0.0,1492.0,True,False,False
GGG,2014B,577474,Withdrawn,0.0,0.0,0.0,102.0,658.0,0.0,1492.0,True,False,False
GGG,2014B,582033,Fail,0.0,0.0,0.0,102.0,658.0,0.0,1492.0,True,False,False
GGG,2014B,599277,Fail,0.0,0.0,0.0,102.0,658.0,0.0,1492.0,True,False,False
GGG,2014B,602997,Withdrawn,0.0,0.0,0.0,102.0,658.0,0.0,1492.0,True,False,False
GGG,2014B,603124,Withdrawn,0.0,0.0,0.0,102.0,658.0,0.0,1492.0,True,False,False
GGG,2014B,604482,Fail,0.0,0.0,0.0,102.0,658.0,0.0,1492.0,True,False,False
GGG,2014B,606705,Fail,0.0,0.0,0.0,102.0,658.0,0.0,1492.0,True,False,False
GGG,2014B,607738,Withdrawn,0.0,0.0,0.0,102.0,658.0,0.0,1492.0,True,False,False
GGG,2014B,611351,Withdrawn,0.0,0.0,0.0,102.0,658.0,0.0,1492.0,True,False,False
GGG,2014B,612149,Fail,0.0,0.0,0.0,102.0,658.0,0.0,1492.0,True,False,False
GGG,2014B,612207,Fail,0.0,0.0,0.0,102.0,658.0,0.0,1492.0,True,False,False
GGG,2014B,612459,Fail,0.0,0.0,0.0,102.0,658.0,0.0,1492.0,True,False,False
GGG,2014B,612709,Withdrawn,0.0,0.0,0.0,102.0,658.0,0.0,1492.0,True,False,False
GGG,2014B,612711,Fail,0.0,0.0,0.0,102.0,658.0,0.0,1492.0,True,False,False
GGG,2014B,614073,Withdrawn,0.0,0.0,0.0,102.0,658.0,0.0,1492.0,True,False,False
GGG,2014B,614262,Withdrawn,0.0,0.0,0.0,102.0,658.0,0.0,1492.0,True,False,False
GGG,2014B,615401,Fail,0.0,0.0,0.0,102.0,658.0,0.0,1492.0,True,False,False
GGG,2014B,615487,Withdrawn,0.0,0.0,0.0,102.0,658.0,0.0,1492.0,True,False,False
GGG,2014B,617347,Fail,0.0,0.0,0.0,102.0,658.0,0.0,1492.0,True,False,False
GGG,2014B,618024,Fail,0.0,0.0,0.0,102.0,658.0,0.0,1492.0,True,False,False
GGG,2014B,618444,Fail,0.0,0.0,0.0,102.0,658.0,0.0,1492.0,True,False,False
GGG,2014B,618580,Withdrawn,0.0,0.0,0.0,102.0,658.0,0.0,1492.0,True,False,False
GGG,2014B,619107,Fail,0.0,0.0,0.0,102.0,658.0,0.0,1492.0,True,False,False
GGG,2014B,620956,Withdrawn,0.0,0.0,0.0,102.0,658.0,0.0,1492.0,True,False,False
GGG,2014B,622252,Withdrawn,0.0,0.0,0.0,102.0,658.0,0.0,1492.0,True,False,False
GGG,2014B,622356,Fail,0.0,0.0,0.0,102.0,658.0,0.0,1492.0,True,False,False
GGG,2014B,622387,Withdrawn,0.0,0.0,0.0,102.0,658.0,0.0,1492.0,True,False,False
GGG,2014B,622482,Withdrawn,0.0,0.0,0.0,102.0,658.0,0.0,1492.0,True,False,False
GGG,2014B,623233,Withdrawn,0.0,0.0,0.0,102.0,658.0,0.0,1492.0,True,False,False
GGG,2014B,623909,Fail,0.0,0.0,0.0,102.0,658.0,0.0,1492.0,True,False,False
GGG,2014B,624430,Fail,0.0,0.0,0.0,102.0,658.0,0.0,1492.0,True,False,False
GGG,2014B,624940,Withdrawn,0.0,0.0,0.0,102.0,658.0,0.0,1492.0,True,False,False
GGG,2014B,625079,Withdrawn,0.0,0.0,0.0,102.0,658.0,0.0,1492.0,True,False,False
GGG,2014B,626940,Fail,0.0,0.0,0.0,102.0,658.0,0.0,1492.0,True,False,False
GGG,2014B,628245,Fail,0.0,0.0,0.0,102.0,658.0,0.0,1492.0,True,False,False
GGG,2014B,630169,Fail,0.0,0.0,0.0,102.0,658.0,0.0,1492.0,True,False,False
GGG,2014B,630538,Withdrawn,0.0,0.0,0.0,102.0,658.0,0.0,1492.0,True,False,False
GGG,2014B,630571,Withdrawn,0.0,0.0,0.0,102.0,658.0,0.0,1492.0,True,False,False
GGG,2014B,631554,Withdrawn,0.0,0.0,0.0,102.0,658.0,0.0,1492.0,True,False,False
GGG,2014B,633569,Fail,0.0,0.0,0.0,102.0,658.0,0.0,1492.0,True,False,False
GGG,2014B,634054,Fail,0.0,0.0,0.0,102.0,658.0,0.0,1492.0,True,False,False
GGG,2014B,635017,Withdrawn,0.0,0.0,0.0,102.0,658.0,0.0,1492.0,True,False,False
GGG,2014B,2011327,Withdrawn,0.0,0.0,0.0,102.0,658.0,0.0,1492.0,True,False,False
GGG,2014J,91041,Withdrawn,0.0,0.0,0.0,114.0,715.0,0.0,1616.5,True,False,False
GGG,2014J,140938,Withdrawn,0.0,0.0,0.0,114.0,715.0,0.0,1616.5,True,False,False
GGG,2014J,260951,Fail,0.0,0.0,0.0,114.0,715.0,0.0,1616.5,True,False,False
GGG,2014J,342466,Fail,0.0,0.0,0.0,114.0,715.0,0.0,1616.5,True,False,False
GGG,2014J,378969,Withdrawn,0.0,0.0,0.0,114.0,715.0,0.0,1616.5,True,False,False
GGG,2014J,580717,Withdrawn,0.0,0.0,0.0,114.0,715.0,0.0,1616.5,True,False,False
GGG,2014J,586861,Withdrawn,0.0,0.0,0.0,114.0,715.0,0.0,1616.5,True,False,False
GGG,2014J,616704,Withdrawn,0.0,0.0,0.0,114.0,715.0,0.0,1616.5,True,False,False
GGG,2014J,636458,Fail,0.0,0.0,0.0,114.0,715.0,0.0,1616.5,True,False,False
GGG,2014J,637246,Withdrawn,0.0,0.0,0.0,114.0,715.0,0.0,1616.5,True,False,False
GGG,2014J,638561,Withdrawn,0.0,0.0,0.0,114.0,715.0,0.0,1616.5,True,False,False
GGG,2014J,638621,Withdrawn,0.0,0.0,0.0,114.0,715.0,0.0,1616.5,True,False,False
GGG,2014J,639533,Withdrawn,0.0,0.0,0.0,114.0,715.0,0.0,1616.5,True,False,False
GGG,2014J,639995,Withdrawn,0.0,0.0,0.0,114.0,715.0,0.0,1616.5,True,False,False
GGG,2014J,641504,Withdrawn,0.0,0.0,0.0,114.0,715.0,0.0,1616.5,True,False,False
GGG,2014J,643085,Withdrawn,0.0,0.0,0.0,114.0,715.0,0.0,1616.5,True,False,False
GGG,2014J,646748,Withdrawn,0.0,0.0,0.0,114.0,715.0,0.0,1616.5,True,False,False
GGG,2014J,646801,Fail,0.0,0.0,0.0,114.0,715.0,0.0,1616.5,True,False,False
GGG,2014J,646821,Fail,0.0,0.0,0.0,114.0,715.0,0.0,1616.5,True,False,False
GGG,2014J,646889,Withdrawn,0.0,0.0,0.0,114.0,715.0,0.0,1616.5,True,False,False
GGG,2014J,648115,Withdrawn,0.0,0.0,0.0,114.0,715.0,0.0,1616.5,True,False,False
GGG,2014J,650257,Withdrawn,0.0,0.0,0.0,114.0,715.0,0.0,1616.5,True,False,False
GGG,2014J,650263,Fail,0.0,0.0,0.0,114.0,715.0,0.0,1616.5,True,False,False
GGG,2014J,650662,Withdrawn,0.0,0.0,0.0,114.0,715.0,0.0,1616.5,True,False,False
GGG,2014J,652364,Withdrawn,0.0,0.0,0.0,114.0,715.0,0.0,1616.5,True,False,False
GGG,2014J,652968,Fail,0.0,0.0,0.0,114.0,715.0,0.0,1616.5,True,False,False
GGG,2014J,653230,Withdrawn,0.0,0.0,0.0,114.0,715.0,0.0,1616.5,True,False,False
GGG,2014J,653561,Withdrawn,0.0,0.0,0.0,114.0,715.0,0.0,1616.5,True,False,False
GGG,2014J,653601,Fail,0.0,0.0,0.0,114.0,715.0,0.0,1616.5,True,False,False
GGG,2014J,653806,Fail,0.0,0.0,0.0,114.0,715.0,0.0,1616.5,True,False,False
GGG,2014J,654821,Fail,0.0,0.0,0.0,114.0,715.0,0.0,1616.5,True,False,False
GGG,2014J,654916,Fail,0.0,0.0,0.0,114.0,715.0,0.0,1616.5,True,False,False
GGG,2014J,656970,Withdrawn,0.0,0.0,0.0,114.0,715.0,0.0,1616.5,True,False,False
GGG,2014J,674660,Fail,0.0,0.0,0.0,114.0,715.0,0.0,1616.5,True,False,False
GGG,2014J,675629,Fail,0.0,0.0,0.0,114.0,715.0,0.0,1616.5,True,False,False
GGG,2014J,675885,Withdrawn,0.0,0.0,0.0,114.0,715.0,0.0,1616.5,True,False,False
GGG,2014J,676690,Withdrawn,0.0,0.0,0.0,114.0,715.0,0.0,1616.5,True,False,False
GGG,2014J,676742,Withdrawn,0.0,0.0,0.0,114.0,715.0,0.0,1616.5,True,False,False
GGG,2014J,677278,Fail,0.0,0.0,0.0,114.0,715.0,0.0,1616.5,True,False,False
GGG,2014J,677963,Withdrawn,0.0,0.0,0.0,114.0,715.0,0.0,1616.5,True,False,False
GGG,2014J,679258,Fail,0.0,0.0,0.0,114.0,715.0,0.0,1616.5,True,False,False
GGG,2014J,679373,Withdrawn,0.0,0.0,0.0,114.0,715.0,0.0,1616.5,True,False,False
GGG,2014J,679405,Withdrawn,0.0,0.0,0.0,114.0,715.0,0.0,1616.5,True,False,False
GGG,2014J,682302,Withdrawn,0.0,0.0,0.0,114.0,715.0,0.0,1616.5,True,False,False
GGG,2014J,685028,Withdrawn,0.0,0.0,0.0,114.0,715.0,0.0,1616.5,True,False,False
GGG,2014J,685877,Withdrawn,0.0,0.0,0.0,114.0,715.0,0.0,1616.5,True,False,False
GGG,2014J,688663,Withdrawn,0.0,0.0,0.0,114.0,715.0,0.0,1616.5,True,False,False
GGG,2014J,696711,Fail,0.0,0.0,0.0,114.0,715.0,0.0,1616.5,True,False,False
GGG,2014J,697456,Fail,0.0,0.0,0.0,114.0,715.0,0.0,1616.5,True,False,False
GGG,2014J,1890660,Fail,0.0,0.0,0.0,114.0,715.0,0.0,1616.5,True,False,False
GGG,2014J,2239862,Withdrawn,0.0,0.0,0.0,114.0,715.0,0.0,1616.5,True,False,False
